digest,producer,creator,producer_folder,class,pre_path,post_path
"IWBFGFBEXBD54JGRHBZM5V2BUAZTRO4R","iText 2.1.4 (by lowagie.com)","-","iText 2.1.4 (by lowagie.com)","iText","output/by_producer/iText 2.1.4 (by lowagie.com)/IWBFGFBEXBD54JGRHBZM5V2BUAZTRO4R_pre.pdf","output/by_producer/iText 2.1.4 (by lowagie.com)/IWBFGFBEXBD54JGRHBZM5V2BUAZTRO4R_post.pdf"
"KMUKXIW52KNJ3JJJ2LO5QOW2G6FTJ45W","QuarkXPress(tm) 6.5","QuarkXPress(tm) 6.5","QuarkXPress(tm) 6.5","Unknown","output/by_producer/QuarkXPress(tm) 6.5/KMUKXIW52KNJ3JJJ2LO5QOW2G6FTJ45W_pre.pdf","output/by_producer/QuarkXPress(tm) 6.5/KMUKXIW52KNJ3JJJ2LO5QOW2G6FTJ45W_post.pdf"
"YQZG4CHDFUMUUDUEO2IY3GSWB4YCIKJI","Etymon PJ 1.10, Copyright (C) 1998-2000 Etymon Systems, Inc. <http://www.etymon.com/>.","Acrobat Capture 3.0","Etymon PJ 1.10, Copyright (C) 1998-2000 Etymon Systems, Inc. <http___www.etymon.com_>.","Unknown","output/by_producer/Etymon PJ 1.10, Copyright (C) 1998-2000 Etymon Systems, Inc. <http___www.etymon.com_>./YQZG4CHDFUMUUDUEO2IY3GSWB4YCIKJI_pre.pdf","output/by_producer/Etymon PJ 1.10, Copyright (C) 1998-2000 Etymon Systems, Inc. <http___www.etymon.com_>./YQZG4CHDFUMUUDUEO2IY3GSWB4YCIKJI_post.pdf"
"MILX4ZNQNYZNUWXL5SKQBFS2TJFYYSGU","Hewlett-Packard Intelligent Scanning Technology 3","-","Hewlett-Packard Intelligent Scanning Technology 3","Capture_Scan_Plugins","output/by_producer/Hewlett-Packard Intelligent Scanning Technology 3/MILX4ZNQNYZNUWXL5SKQBFS2TJFYYSGU_pre.pdf","output/by_producer/Hewlett-Packard Intelligent Scanning Technology 3/MILX4ZNQNYZNUWXL5SKQBFS2TJFYYSGU_post.pdf"
"64PJRWTXR43NVMTQCZGEFDUZA3JMJTD7","Acrobat Distiller 5.0 (Windows)","Adobe Illustrator(R) 8.0","Acrobat Distiller 5.0 (Windows)","Acrobat_Distiller","output/by_producer/Acrobat Distiller 5.0 (Windows)/64PJRWTXR43NVMTQCZGEFDUZA3JMJTD7_pre.pdf","output/by_producer/Acrobat Distiller 5.0 (Windows)/64PJRWTXR43NVMTQCZGEFDUZA3JMJTD7_post.pdf"
"7CIFOV7XZXS6EHUFYZF6H3NCN637PI2M","Acrobat Distiller 8.0.0 (Windows)","PScript5.dll Version 5.2.2","Acrobat Distiller 8.0.0 (Windows)","Acrobat_Distiller","output/by_producer/Acrobat Distiller 8.0.0 (Windows)/7CIFOV7XZXS6EHUFYZF6H3NCN637PI2M_pre.pdf","output/by_producer/Acrobat Distiller 8.0.0 (Windows)/7CIFOV7XZXS6EHUFYZF6H3NCN637PI2M_post.pdf"
"D2FRDPDTXJKVTJKEBESWUWBYZDJRBNAI","TCPDF 2.5.000_PHP4 (http://www.tcpdf.org)","Joomla! 1.5 - Open Source Content Management","TCPDF 2.5.000_PHP4 (http___www.tcpdf.org)","TCPDF","output/by_producer/TCPDF 2.5.000_PHP4 (http___www.tcpdf.org)/D2FRDPDTXJKVTJKEBESWUWBYZDJRBNAI_pre.pdf","output/by_producer/TCPDF 2.5.000_PHP4 (http___www.tcpdf.org)/D2FRDPDTXJKVTJKEBESWUWBYZDJRBNAI_post.pdf"
"GFZKIRYHHR2NZTPACKJY5MTG5X3CYGEX","TCPDF 2.5.000_PHP4 (http://www.tcpdf.org)","Joomla! 1.5 - Open Source Content Management","TCPDF 2.5.000_PHP4 (http___www.tcpdf.org)","TCPDF","output/by_producer/TCPDF 2.5.000_PHP4 (http___www.tcpdf.org)/GFZKIRYHHR2NZTPACKJY5MTG5X3CYGEX_pre.pdf","output/by_producer/TCPDF 2.5.000_PHP4 (http___www.tcpdf.org)/GFZKIRYHHR2NZTPACKJY5MTG5X3CYGEX_post.pdf"
"6REZDVWAZINCN3EC63464SLUVI2QJHJW","Acrobat Distiller 7.0.5 (Windows)","FrameMaker 7.1","Acrobat Distiller 7.0.5 (Windows)","Acrobat_Distiller","output/by_producer/Acrobat Distiller 7.0.5 (Windows)/6REZDVWAZINCN3EC63464SLUVI2QJHJW_pre.pdf","output/by_producer/Acrobat Distiller 7.0.5 (Windows)/6REZDVWAZINCN3EC63464SLUVI2QJHJW_post.pdf"
"AOSZGPMOO45NZWZW33KQ6GJTNMFZREWT","Adobe PDF Library 5.0.5","HP PDF Formatter version 3.2.0.1100","Adobe PDF Library 5.0.5","Adobe_PDF_Library","output/by_producer/Adobe PDF Library 5.0.5/AOSZGPMOO45NZWZW33KQ6GJTNMFZREWT_pre.pdf","output/by_producer/Adobe PDF Library 5.0.5/AOSZGPMOO45NZWZW33KQ6GJTNMFZREWT_post.pdf"
"OOCZ65LSQNV54SSBIQ5C2LVLOZNKUXH3","Acrobat Distiller 7.0.5 (Windows)","Acrobat PDFMaker 7.0.5 for Word","Acrobat Distiller 7.0.5 (Windows)","Acrobat_Distiller","output/by_producer/Acrobat Distiller 7.0.5 (Windows)/OOCZ65LSQNV54SSBIQ5C2LVLOZNKUXH3_pre.pdf","output/by_producer/Acrobat Distiller 7.0.5 (Windows)/OOCZ65LSQNV54SSBIQ5C2LVLOZNKUXH3_post.pdf"
"H7U4KMXPQKUBDKIPQQRC6ETJZEZR3OCZ","iText 2.1.4 (by lowagie.com)","Federal Digital System, U. S. Government Publishing Office","iText 2.1.4 (by lowagie.com)","iText","output/by_producer/iText 2.1.4 (by lowagie.com)/H7U4KMXPQKUBDKIPQQRC6ETJZEZR3OCZ_pre.pdf","output/by_producer/iText 2.1.4 (by lowagie.com)/H7U4KMXPQKUBDKIPQQRC6ETJZEZR3OCZ_post.pdf"
"S2UVWECYPR7LVAESLI2OMTZOVVDIEP2S","Acrobat Distiller 9.0.0 (Windows)","PScript5.dll Version 5.2.2","Acrobat Distiller 9.0.0 (Windows)","Acrobat_Distiller","output/by_producer/Acrobat Distiller 9.0.0 (Windows)/S2UVWECYPR7LVAESLI2OMTZOVVDIEP2S_pre.pdf","output/by_producer/Acrobat Distiller 9.0.0 (Windows)/S2UVWECYPR7LVAESLI2OMTZOVVDIEP2S_post.pdf"
"J4I447QIORVBVIFCBZ5GIOKV7MPWYRXU","PDFScanLib v1.2.2 in Adobe Acrobat 8.1.1","FUJITSU fi-6230dj","PDFScanLib v1.2.2 in Adobe Acrobat 8.1.1","Unknown","output/by_producer/PDFScanLib v1.2.2 in Adobe Acrobat 8.1.1/J4I447QIORVBVIFCBZ5GIOKV7MPWYRXU_pre.pdf","output/by_producer/PDFScanLib v1.2.2 in Adobe Acrobat 8.1.1/J4I447QIORVBVIFCBZ5GIOKV7MPWYRXU_post.pdf"
"SUR4MPI7WKZHIFC6ZGVOWBXD6JWE76BV","PDFScanLib v1.2.2 in Adobe Acrobat 8.1.1","FUJITSU fi-6230dj","PDFScanLib v1.2.2 in Adobe Acrobat 8.1.1","Unknown","output/by_producer/PDFScanLib v1.2.2 in Adobe Acrobat 8.1.1/SUR4MPI7WKZHIFC6ZGVOWBXD6JWE76BV_pre.pdf","output/by_producer/PDFScanLib v1.2.2 in Adobe Acrobat 8.1.1/SUR4MPI7WKZHIFC6ZGVOWBXD6JWE76BV_post.pdf"
"QDT4ROBASSEPQJ22EDUO3HLP3NB2IIBC","Acrobat Distiller 7.0.5 (Windows)","PScript5.dll Version 5.2","Acrobat Distiller 7.0.5 (Windows)","Acrobat_Distiller","output/by_producer/Acrobat Distiller 7.0.5 (Windows)/QDT4ROBASSEPQJ22EDUO3HLP3NB2IIBC_pre.pdf","output/by_producer/Acrobat Distiller 7.0.5 (Windows)/QDT4ROBASSEPQJ22EDUO3HLP3NB2IIBC_post.pdf"
"OWLJR34JMJW772HNLGCF6O64GCY6QTTP","GPL Ghostscript 8.15","PScript5.dll Version 5.2.2","GPL Ghostscript 8.15","Ghostscript","output/by_producer/GPL Ghostscript 8.15/OWLJR34JMJW772HNLGCF6O64GCY6QTTP_pre.pdf","output/by_producer/GPL Ghostscript 8.15/OWLJR34JMJW772HNLGCF6O64GCY6QTTP_post.pdf"
"4JVIYSW2MHWPE5BXGXLAXTNMHGHJFPUP","Acrobat Distiller 7.0 (Windows)","PScript5.dll Version 5.2.2","Acrobat Distiller 7.0 (Windows)","Acrobat_Distiller","output/by_producer/Acrobat Distiller 7.0 (Windows)/4JVIYSW2MHWPE5BXGXLAXTNMHGHJFPUP_pre.pdf","output/by_producer/Acrobat Distiller 7.0 (Windows)/4JVIYSW2MHWPE5BXGXLAXTNMHGHJFPUP_post.pdf"
"6RZXET5EGN7QMGM5PROIXJI447YTCETZ","GPL Ghostscript 8.15","PScript5.dll Version 5.2.2","GPL Ghostscript 8.15","Ghostscript","output/by_producer/GPL Ghostscript 8.15/6RZXET5EGN7QMGM5PROIXJI447YTCETZ_pre.pdf","output/by_producer/GPL Ghostscript 8.15/6RZXET5EGN7QMGM5PROIXJI447YTCETZ_post.pdf"
"SA3EKMNRN4KHJYVMDDBOUIQTZIV3ZVJH","Acrobat Distiller 6.0 (Windows)","PScript5.dll Version 5.2","Acrobat Distiller 6.0 (Windows)","Acrobat_Distiller","output/by_producer/Acrobat Distiller 6.0 (Windows)/SA3EKMNRN4KHJYVMDDBOUIQTZIV3ZVJH_pre.pdf","output/by_producer/Acrobat Distiller 6.0 (Windows)/SA3EKMNRN4KHJYVMDDBOUIQTZIV3ZVJH_post.pdf"
"KKUB224LBBU5Q6QF3I52V7NM5BFDXKMA","Acrobat Distiller 6.0.1 (Windows)","Windows NT 4.0","Acrobat Distiller 6.0.1 (Windows)","Acrobat_Distiller","output/by_producer/Acrobat Distiller 6.0.1 (Windows)/KKUB224LBBU5Q6QF3I52V7NM5BFDXKMA_pre.pdf","output/by_producer/Acrobat Distiller 6.0.1 (Windows)/KKUB224LBBU5Q6QF3I52V7NM5BFDXKMA_post.pdf"
"NM76DD2NN5OG5VHK5TQMZV3OO3T6UDAK","Acrobat Distiller 4.0 for Windows","-","Acrobat Distiller 4.0 for Windows","Acrobat_Distiller","output/by_producer/Acrobat Distiller 4.0 for Windows/NM76DD2NN5OG5VHK5TQMZV3OO3T6UDAK_pre.pdf","output/by_producer/Acrobat Distiller 4.0 for Windows/NM76DD2NN5OG5VHK5TQMZV3OO3T6UDAK_post.pdf"
"MBYNVOAVDILB2AZ6AU7FGZA3BWG3XXZ4","Acrobat Distiller 4.0 for Windows","ACOMP.exe WinVer 1b43 jul 14 2003","Acrobat Distiller 4.0 for Windows","Acrobat_Distiller","output/by_producer/Acrobat Distiller 4.0 for Windows/MBYNVOAVDILB2AZ6AU7FGZA3BWG3XXZ4_pre.pdf","output/by_producer/Acrobat Distiller 4.0 for Windows/MBYNVOAVDILB2AZ6AU7FGZA3BWG3XXZ4_post.pdf"
"YMIVA7BMYFO2CPSIOO7XA2XMMGNCOOEP","TCPDF 2.5.000_PHP4 (http://www.tcpdf.org)","Joomla! 1.5 - Open Source Content Management","TCPDF 2.5.000_PHP4 (http___www.tcpdf.org)","TCPDF","output/by_producer/TCPDF 2.5.000_PHP4 (http___www.tcpdf.org)/YMIVA7BMYFO2CPSIOO7XA2XMMGNCOOEP_pre.pdf","output/by_producer/TCPDF 2.5.000_PHP4 (http___www.tcpdf.org)/YMIVA7BMYFO2CPSIOO7XA2XMMGNCOOEP_post.pdf"
"B3LIWULH323OKSAJATTM7QK5O7KKYMCA","Acrobat Distiller 8.0.0 (Windows)","PScript5.dll Version 5.2.2","Acrobat Distiller 8.0.0 (Windows)","Acrobat_Distiller","output/by_producer/Acrobat Distiller 8.0.0 (Windows)/B3LIWULH323OKSAJATTM7QK5O7KKYMCA_pre.pdf","output/by_producer/Acrobat Distiller 8.0.0 (Windows)/B3LIWULH323OKSAJATTM7QK5O7KKYMCA_post.pdf"
"U55XYWRRRDDHAJPPHG6QWKZSAVKMQ5W5","Acrobat Distiller 6.0 (Windows)","Acrobat PDFMaker 6.0 for Word","Acrobat Distiller 6.0 (Windows)","Acrobat_Distiller","output/by_producer/Acrobat Distiller 6.0 (Windows)/U55XYWRRRDDHAJPPHG6QWKZSAVKMQ5W5_pre.pdf","output/by_producer/Acrobat Distiller 6.0 (Windows)/U55XYWRRRDDHAJPPHG6QWKZSAVKMQ5W5_post.pdf"
"YIP65EJXPWIYWFTBYZWYMPFEVV43FAV3","Acrobat Distiller 9.0.0 (Windows)","PScript5.dll Version 5.2.2","Acrobat Distiller 9.0.0 (Windows)","Acrobat_Distiller","output/by_producer/Acrobat Distiller 9.0.0 (Windows)/YIP65EJXPWIYWFTBYZWYMPFEVV43FAV3_pre.pdf","output/by_producer/Acrobat Distiller 9.0.0 (Windows)/YIP65EJXPWIYWFTBYZWYMPFEVV43FAV3_post.pdf"
"PF723CIBZRC6AIJQB6TLTUEH337JMWP6","PD4ML. HTML to PDF Converter for Java","PD4ML. HTML to PDF Converter for Java","PD4ML. HTML to PDF Converter for Java","PD4ML","output/by_producer/PD4ML. HTML to PDF Converter for Java/PF723CIBZRC6AIJQB6TLTUEH337JMWP6_pre.pdf","output/by_producer/PD4ML. HTML to PDF Converter for Java/PF723CIBZRC6AIJQB6TLTUEH337JMWP6_post.pdf"
"32PQ6TLRU26TDGA4NLYBMYEHYGX3X7US","Acrobat PDFWriter 3.03 for Windows NT","Microsoft Word - MYTHS.DOC","Acrobat PDFWriter 3.03 for Windows NT","Acrobat_PDFWriter","output/by_producer/Acrobat PDFWriter 3.03 for Windows NT/32PQ6TLRU26TDGA4NLYBMYEHYGX3X7US_pre.pdf","output/by_producer/Acrobat PDFWriter 3.03 for Windows NT/32PQ6TLRU26TDGA4NLYBMYEHYGX3X7US_post.pdf"
"ZKNFU42LM7BXETBTWEC42DOXCGU2MDLS","Adobe PDF library 8.00","Adobe Illustrator CS3","Adobe PDF library 8.00","Adobe_PDF_Library","output/by_producer/Adobe PDF library 8.00/ZKNFU42LM7BXETBTWEC42DOXCGU2MDLS_pre.pdf","output/by_producer/Adobe PDF library 8.00/ZKNFU42LM7BXETBTWEC42DOXCGU2MDLS_post.pdf"
"FWVM2CX6UZ6CPTNRTPSAUCGZ72UZJAAP","Acrobat 5.0 Scan Plug-in for Windows","Acrobat 5.0 Scan Plug-in for Windows","Acrobat 5.0 Scan Plug-in for Windows","Capture_Scan_Plugins","output/by_producer/Acrobat 5.0 Scan Plug-in for Windows/FWVM2CX6UZ6CPTNRTPSAUCGZ72UZJAAP_pre.pdf","output/by_producer/Acrobat 5.0 Scan Plug-in for Windows/FWVM2CX6UZ6CPTNRTPSAUCGZ72UZJAAP_post.pdf"
"XXMOCEITLS2REBQNE745YN3E6JAODHZO","Acrobat Distiller 6.0.1 (Windows)","Acrobat PDFMaker 6.0 for Word","Acrobat Distiller 6.0.1 (Windows)","Acrobat_Distiller","output/by_producer/Acrobat Distiller 6.0.1 (Windows)/XXMOCEITLS2REBQNE745YN3E6JAODHZO_pre.pdf","output/by_producer/Acrobat Distiller 6.0.1 (Windows)/XXMOCEITLS2REBQNE745YN3E6JAODHZO_post.pdf"
"XYUJKKMUXDLLC6JTCXEWHK5ZMNSTPHF6","Acrobat Net Distiller 1.0 for Windows","-","Acrobat Net Distiller 1.0 for Windows","Acrobat_Net_Distiller","output/by_producer/Acrobat Net Distiller 1.0 for Windows/XYUJKKMUXDLLC6JTCXEWHK5ZMNSTPHF6_pre.pdf","output/by_producer/Acrobat Net Distiller 1.0 for Windows/XYUJKKMUXDLLC6JTCXEWHK5ZMNSTPHF6_post.pdf"
"VGYROI7GPRFUEH3N7Q6KKH6AVQRI2NYK","Acrobat Distiller 4.0 for Windows","-","Acrobat Distiller 4.0 for Windows","Acrobat_Distiller","output/by_producer/Acrobat Distiller 4.0 for Windows/VGYROI7GPRFUEH3N7Q6KKH6AVQRI2NYK_pre.pdf","output/by_producer/Acrobat Distiller 4.0 for Windows/VGYROI7GPRFUEH3N7Q6KKH6AVQRI2NYK_post.pdf"
"YCFQUUS35NVOW5GBRHUQLBG5Z6WV7CL4","Acrobat Distiller 5.0.5 (Windows)","-","Acrobat Distiller 5.0.5 (Windows)","Acrobat_Distiller","output/by_producer/Acrobat Distiller 5.0.5 (Windows)/YCFQUUS35NVOW5GBRHUQLBG5Z6WV7CL4_pre.pdf","output/by_producer/Acrobat Distiller 5.0.5 (Windows)/YCFQUUS35NVOW5GBRHUQLBG5Z6WV7CL4_post.pdf"
"FHODZ536VRZSXNKLBKFISFM4BYJY5MA6","Acrobat Distiller 5.0 (Windows)","Acrobat PDFMaker 5.0 for Word","Acrobat Distiller 5.0 (Windows)","Acrobat_Distiller","output/by_producer/Acrobat Distiller 5.0 (Windows)/FHODZ536VRZSXNKLBKFISFM4BYJY5MA6_pre.pdf","output/by_producer/Acrobat Distiller 5.0 (Windows)/FHODZ536VRZSXNKLBKFISFM4BYJY5MA6_post.pdf"
"UEMMUYNAALNXKRS5ILRPOG726T7H5LFC","activePDF Server","Server http://www.activepdf.com","activePDF Server","Unknown","output/by_producer/activePDF Server/UEMMUYNAALNXKRS5ILRPOG726T7H5LFC_pre.pdf","output/by_producer/activePDF Server/UEMMUYNAALNXKRS5ILRPOG726T7H5LFC_post.pdf"
"LG7ANCL4BE4CFH6R7XGVRWAQANBXXXBD","Adobe Acrobat 7.08 Image Conversion Plug-in","Adobe Acrobat 7.08","Adobe Acrobat 7.08 Image Conversion Plug-in","Capture_Scan_Plugins","output/by_producer/Adobe Acrobat 7.08 Image Conversion Plug-in/LG7ANCL4BE4CFH6R7XGVRWAQANBXXXBD_pre.pdf","output/by_producer/Adobe Acrobat 7.08 Image Conversion Plug-in/LG7ANCL4BE4CFH6R7XGVRWAQANBXXXBD_post.pdf"
"2GFKZ3FSJWFKVKALUPEYHSLSHEJ3OGA6","Acrobat PDFWriter 5.0 for Windows NT","Quattro Pro - [3-CHAPTER 11 BY STATE.qpw:CT]","Acrobat PDFWriter 5.0 for Windows NT","Acrobat_PDFWriter","output/by_producer/Acrobat PDFWriter 5.0 for Windows NT/2GFKZ3FSJWFKVKALUPEYHSLSHEJ3OGA6_pre.pdf","output/by_producer/Acrobat PDFWriter 5.0 for Windows NT/2GFKZ3FSJWFKVKALUPEYHSLSHEJ3OGA6_post.pdf"
"U7OKI6X3E3WT4VGYZ3UEQHTPYGLID22Z","Acrobat Distiller 7.0 (Windows)","Acrobat PDFMaker 7.0 for Word","Acrobat Distiller 7.0 (Windows)","Acrobat_Distiller","output/by_producer/Acrobat Distiller 7.0 (Windows)/U7OKI6X3E3WT4VGYZ3UEQHTPYGLID22Z_pre.pdf","output/by_producer/Acrobat Distiller 7.0 (Windows)/U7OKI6X3E3WT4VGYZ3UEQHTPYGLID22Z_post.pdf"
"EMMM5FRYBCPVBLVU4RY6OFEKZFWM2KIJ","Acrobat Distiller 6.0 (Windows)","lp3820 v2.3","Acrobat Distiller 6.0 (Windows)","Acrobat_Distiller","output/by_producer/Acrobat Distiller 6.0 (Windows)/EMMM5FRYBCPVBLVU4RY6OFEKZFWM2KIJ_pre.pdf","output/by_producer/Acrobat Distiller 6.0 (Windows)/EMMM5FRYBCPVBLVU4RY6OFEKZFWM2KIJ_post.pdf"
"UVYRVFB5BCPH4AQFJKWX2KAUBHBYJO7B","Acrobat Distiller 6.0 (Windows)","PScript5.dll Version 5.2.2","Acrobat Distiller 6.0 (Windows)","Acrobat_Distiller","output/by_producer/Acrobat Distiller 6.0 (Windows)/UVYRVFB5BCPH4AQFJKWX2KAUBHBYJO7B_pre.pdf","output/by_producer/Acrobat Distiller 6.0 (Windows)/UVYRVFB5BCPH4AQFJKWX2KAUBHBYJO7B_post.pdf"
"XLXYJ2Y3MNRFYEKWJ4VFACQHPYGFASLZ","Unknown producer","R and OS php pdf writer, http://www.ros.co.nz","Unknown producer","Unknown","output/by_producer/Unknown producer/XLXYJ2Y3MNRFYEKWJ4VFACQHPYGFASLZ_pre.pdf","output/by_producer/Unknown producer/XLXYJ2Y3MNRFYEKWJ4VFACQHPYGFASLZ_post.pdf"
"6HTC5FVAQW3DVHYRD7PVJGBBQS7GRZTL","Adobe PDF Library 8.0","Adobe InDesign CS3 (5.0.4)","Adobe PDF Library 8.0","Adobe_PDF_Library","output/by_producer/Adobe PDF Library 8.0/6HTC5FVAQW3DVHYRD7PVJGBBQS7GRZTL_pre.pdf","output/by_producer/Adobe PDF Library 8.0/6HTC5FVAQW3DVHYRD7PVJGBBQS7GRZTL_post.pdf"
"FP3RQFKAHYT65A4O7T2B526NDPVG7D7I","Microsoft® Office Word 2007","Microsoft® Office Word 2007","Microsoft® Office Word 2007","Microsoft_Office","output/by_producer/Microsoft® Office Word 2007/FP3RQFKAHYT65A4O7T2B526NDPVG7D7I_pre.pdf","output/by_producer/Microsoft® Office Word 2007/FP3RQFKAHYT65A4O7T2B526NDPVG7D7I_post.pdf"
"DT6DEEFX7TAPKGTNNF5C4FOJQQ3QLCQV","Acrobat Distiller 5.0.5 for Macintosh","PScript5.dll Version 5.2","Acrobat Distiller 5.0.5 for Macintosh","Acrobat_Distiller","output/by_producer/Acrobat Distiller 5.0.5 for Macintosh/DT6DEEFX7TAPKGTNNF5C4FOJQQ3QLCQV_pre.pdf","output/by_producer/Acrobat Distiller 5.0.5 for Macintosh/DT6DEEFX7TAPKGTNNF5C4FOJQQ3QLCQV_post.pdf"
"KA545DH3SDEIKBX5MLR7QZVYWYBKBGLV","Acrobat Distiller 9.4.0 (Windows)","PScript5.dll Version 5.2.2","Acrobat Distiller 9.4.0 (Windows)","Acrobat_Distiller","output/by_producer/Acrobat Distiller 9.4.0 (Windows)/KA545DH3SDEIKBX5MLR7QZVYWYBKBGLV_pre.pdf","output/by_producer/Acrobat Distiller 9.4.0 (Windows)/KA545DH3SDEIKBX5MLR7QZVYWYBKBGLV_post.pdf"
"TU5MAMSG2RMTDZQDKBULDLWSVH6GSYHX","Acrobat Distiller 8.1.0 (Windows)","Adobe InDesign CS2 (4.0.5)","Acrobat Distiller 8.1.0 (Windows)","Acrobat_Distiller","output/by_producer/Acrobat Distiller 8.1.0 (Windows)/TU5MAMSG2RMTDZQDKBULDLWSVH6GSYHX_pre.pdf","output/by_producer/Acrobat Distiller 8.1.0 (Windows)/TU5MAMSG2RMTDZQDKBULDLWSVH6GSYHX_post.pdf"
"XIUQD2OYDIFIKQY5T5AHYPEFOP4XZFS7","Acrobat Distiller 5.0.5 (Windows)","PScript5.dll Version 5.2","Acrobat Distiller 5.0.5 (Windows)","Acrobat_Distiller","output/by_producer/Acrobat Distiller 5.0.5 (Windows)/XIUQD2OYDIFIKQY5T5AHYPEFOP4XZFS7_pre.pdf","output/by_producer/Acrobat Distiller 5.0.5 (Windows)/XIUQD2OYDIFIKQY5T5AHYPEFOP4XZFS7_post.pdf"
"FKXAOBO27MSNKEA6PNS6P54HNFPMSNLL","Unknown producer","ESRI ArcMap 9.2.4.1420","Unknown producer","Unknown","output/by_producer/Unknown producer/FKXAOBO27MSNKEA6PNS6P54HNFPMSNLL_pre.pdf","output/by_producer/Unknown producer/FKXAOBO27MSNKEA6PNS6P54HNFPMSNLL_post.pdf"
"CZOP2ITFIK5GAH4SD3GJI755X7QFUHM3","Acrobat Distiller 6.0 (Windows)","Acrobat PDFMaker 6.0 for Word","Acrobat Distiller 6.0 (Windows)","Acrobat_Distiller","output/by_producer/Acrobat Distiller 6.0 (Windows)/CZOP2ITFIK5GAH4SD3GJI755X7QFUHM3_pre.pdf","output/by_producer/Acrobat Distiller 6.0 (Windows)/CZOP2ITFIK5GAH4SD3GJI755X7QFUHM3_post.pdf"
"WLUAX2RQFFLXPSP5PKEYYVKFLPVPWFZ6","libtiff / tiff2pdf - 20100615","-","libtiff _ tiff2pdf - 20100615","libtiff_tiff2pdf","output/by_producer/libtiff _ tiff2pdf - 20100615/WLUAX2RQFFLXPSP5PKEYYVKFLPVPWFZ6_pre.pdf","output/by_producer/libtiff _ tiff2pdf - 20100615/WLUAX2RQFFLXPSP5PKEYYVKFLPVPWFZ6_post.pdf"
"OFO3SJTRTB4AFSNSLMQ7IQ5XYAJM7SNC","Unknown producer","-","Unknown producer","Unknown","output/by_producer/Unknown producer/OFO3SJTRTB4AFSNSLMQ7IQ5XYAJM7SNC_pre.pdf","output/by_producer/Unknown producer/OFO3SJTRTB4AFSNSLMQ7IQ5XYAJM7SNC_post.pdf"
"44PBM3B5SUUOF74NERNZAUH2PBBU5SPB","Adobe Acrobat 8.11 Paper Capture Plug-in","-","Adobe Acrobat 8.11 Paper Capture Plug-in","Capture_Scan_Plugins","output/by_producer/Adobe Acrobat 8.11 Paper Capture Plug-in/44PBM3B5SUUOF74NERNZAUH2PBBU5SPB_pre.pdf","output/by_producer/Adobe Acrobat 8.11 Paper Capture Plug-in/44PBM3B5SUUOF74NERNZAUH2PBBU5SPB_post.pdf"
"O7L5CYQXFDOBSVKIJYAENIFCV6NZK7CG","iText 2.0.0 (by lowagie.com)","-","iText 2.0.0 (by lowagie.com)","iText","output/by_producer/iText 2.0.0 (by lowagie.com)/O7L5CYQXFDOBSVKIJYAENIFCV6NZK7CG_pre.pdf","output/by_producer/iText 2.0.0 (by lowagie.com)/O7L5CYQXFDOBSVKIJYAENIFCV6NZK7CG_post.pdf"
"2LVOKCURIEQKLK43I6T7QLYYQX3RQUXX","Acrobat Distiller 5.0.5 (Windows)","PScript5.dll Version 5.2","Acrobat Distiller 5.0.5 (Windows)","Acrobat_Distiller","output/by_producer/Acrobat Distiller 5.0.5 (Windows)/2LVOKCURIEQKLK43I6T7QLYYQX3RQUXX_pre.pdf","output/by_producer/Acrobat Distiller 5.0.5 (Windows)/2LVOKCURIEQKLK43I6T7QLYYQX3RQUXX_post.pdf"
"GF4OGED6DIFR5WHABHTLSTFV7656GKN3","Adobe PDF Library 9.0","Acrobat PDFMaker 9.1 for Word","Adobe PDF Library 9.0","Adobe_PDF_Library","output/by_producer/Adobe PDF Library 9.0/GF4OGED6DIFR5WHABHTLSTFV7656GKN3_pre.pdf","output/by_producer/Adobe PDF Library 9.0/GF4OGED6DIFR5WHABHTLSTFV7656GKN3_post.pdf"
"74JU6CDDK5QMBF2HTCNUWTUTJZJONVWI","Acrobat Distiller 6.0.1 (Windows)","Acrobat PDFMaker 6.0 for Word","Acrobat Distiller 6.0.1 (Windows)","Acrobat_Distiller","output/by_producer/Acrobat Distiller 6.0.1 (Windows)/74JU6CDDK5QMBF2HTCNUWTUTJZJONVWI_pre.pdf","output/by_producer/Acrobat Distiller 6.0.1 (Windows)/74JU6CDDK5QMBF2HTCNUWTUTJZJONVWI_post.pdf"
"GS5DOB2Q5E234R3L6T4MXMRGJQFXVY7L","Adobe Acrobat 6.0 Paper Capture","FUJITSU fi-4220C2dj","Adobe Acrobat 6.0 Paper Capture","Capture_Scan_Plugins","output/by_producer/Adobe Acrobat 6.0 Paper Capture/GS5DOB2Q5E234R3L6T4MXMRGJQFXVY7L_pre.pdf","output/by_producer/Adobe Acrobat 6.0 Paper Capture/GS5DOB2Q5E234R3L6T4MXMRGJQFXVY7L_post.pdf"
"RH7T2UORLNLLG7HRFR3HL7W572F5S6YY","Acrobat Distiller 6.0.1 (Windows)","Acrobat PDFMaker 6.0 for Word","Acrobat Distiller 6.0.1 (Windows)","Acrobat_Distiller","output/by_producer/Acrobat Distiller 6.0.1 (Windows)/RH7T2UORLNLLG7HRFR3HL7W572F5S6YY_pre.pdf","output/by_producer/Acrobat Distiller 6.0.1 (Windows)/RH7T2UORLNLLG7HRFR3HL7W572F5S6YY_post.pdf"
"XRB6BJ4SUI4BCJFSCPSBSJZGJQGAWI2A","iTextSharp 4.0.5 (based on iText 2.0.5)","-","iTextSharp 4.0.5 (based on iText 2.0.5)","iText","output/by_producer/iTextSharp 4.0.5 (based on iText 2.0.5)/XRB6BJ4SUI4BCJFSCPSBSJZGJQGAWI2A_pre.pdf","output/by_producer/iTextSharp 4.0.5 (based on iText 2.0.5)/XRB6BJ4SUI4BCJFSCPSBSJZGJQGAWI2A_post.pdf"
"WYIDAT7X2DXYMKGRFAXDEAA2EJF23GRQ","Acrobat Distiller 5.0.5 (Windows)","Acrobat 5.0 Paper Capture Plug-in for Windows","Acrobat Distiller 5.0.5 (Windows)","Acrobat_Distiller","output/by_producer/Acrobat Distiller 5.0.5 (Windows)/WYIDAT7X2DXYMKGRFAXDEAA2EJF23GRQ_pre.pdf","output/by_producer/Acrobat Distiller 5.0.5 (Windows)/WYIDAT7X2DXYMKGRFAXDEAA2EJF23GRQ_post.pdf"
"R77SNILPJ5SSKNRBECOMST54VSPJ3RVT","Acrobat Distiller 4.0 for Windows","Microsoft Word 8.0","Acrobat Distiller 4.0 for Windows","Acrobat_Distiller","output/by_producer/Acrobat Distiller 4.0 for Windows/R77SNILPJ5SSKNRBECOMST54VSPJ3RVT_pre.pdf","output/by_producer/Acrobat Distiller 4.0 for Windows/R77SNILPJ5SSKNRBECOMST54VSPJ3RVT_post.pdf"
"37RZ6AARR76UDY2JH4LRVGQBIPYUQ2A2","Acrobat Distiller 8.1.0 (Windows)","Acrobat PDFMaker 8.1 for Word","Acrobat Distiller 8.1.0 (Windows)","Acrobat_Distiller","output/by_producer/Acrobat Distiller 8.1.0 (Windows)/37RZ6AARR76UDY2JH4LRVGQBIPYUQ2A2_pre.pdf","output/by_producer/Acrobat Distiller 8.1.0 (Windows)/37RZ6AARR76UDY2JH4LRVGQBIPYUQ2A2_post.pdf"
"VBIAQQSSCXZFKZTBZCYGIU4IJTA54DCY","Acrobat Distiller 5.0.5 (Windows)","ACOMP.exe WinVer 2.0 Nov 24 2008","Acrobat Distiller 5.0.5 (Windows)","Acrobat_Distiller","output/by_producer/Acrobat Distiller 5.0.5 (Windows)/VBIAQQSSCXZFKZTBZCYGIU4IJTA54DCY_pre.pdf","output/by_producer/Acrobat Distiller 5.0.5 (Windows)/VBIAQQSSCXZFKZTBZCYGIU4IJTA54DCY_post.pdf"
"ZBOY7WHWU4JUMTIM2RO2TCO5VONTYYE4","Acrobat Distiller 5.0 (Windows)","ACOMP.exe V010 23-MAR-99","Acrobat Distiller 5.0 (Windows)","Acrobat_Distiller","output/by_producer/Acrobat Distiller 5.0 (Windows)/ZBOY7WHWU4JUMTIM2RO2TCO5VONTYYE4_pre.pdf","output/by_producer/Acrobat Distiller 5.0 (Windows)/ZBOY7WHWU4JUMTIM2RO2TCO5VONTYYE4_post.pdf"
"D45G6SVN7QZSMYJOJGWLKE3MJ6DHTYY5","Unknown producer","HP 9100C Digital Sender","Unknown producer","Unknown","output/by_producer/Unknown producer/D45G6SVN7QZSMYJOJGWLKE3MJ6DHTYY5_pre.pdf","output/by_producer/Unknown producer/D45G6SVN7QZSMYJOJGWLKE3MJ6DHTYY5_post.pdf"
"RDQEO3IHCUXHQO3INBQKLFGDQOCQJ2QS","OpenOffice.org 2.3","Writer","OpenOffice.org 2.3","Unknown","output/by_producer/OpenOffice.org 2.3/RDQEO3IHCUXHQO3INBQKLFGDQOCQJ2QS_pre.pdf","output/by_producer/OpenOffice.org 2.3/RDQEO3IHCUXHQO3INBQKLFGDQOCQJ2QS_post.pdf"
"4P4SBCDNQWWUH5CI2KLPHVFIUV54ODLT","Adobe Photoshop for Windows -- Image Conversion Plug-in","Adobe Photoshop CS3 Windows","Adobe Photoshop for Windows -- Image Conversion Plug-in","Capture_Scan_Plugins","output/by_producer/Adobe Photoshop for Windows -- Image Conversion Plug-in/4P4SBCDNQWWUH5CI2KLPHVFIUV54ODLT_pre.pdf","output/by_producer/Adobe Photoshop for Windows -- Image Conversion Plug-in/4P4SBCDNQWWUH5CI2KLPHVFIUV54ODLT_post.pdf"
"GOHTUHFXHFLQENFPJ7LB5G55VNZTKH67","Acrobat Distiller 2.0 for Windows","-","Acrobat Distiller 2.0 for Windows","Acrobat_Distiller","output/by_producer/Acrobat Distiller 2.0 for Windows/GOHTUHFXHFLQENFPJ7LB5G55VNZTKH67_pre.pdf","output/by_producer/Acrobat Distiller 2.0 for Windows/GOHTUHFXHFLQENFPJ7LB5G55VNZTKH67_post.pdf"
"4MXIGGV3UCFRYPPPQ4LGGB27K42PFGQV","TCPDF 2.5.000_PHP4 (http://www.tcpdf.org)","Joomla! 1.5 - Open Source Content Management","TCPDF 2.5.000_PHP4 (http___www.tcpdf.org)","TCPDF","output/by_producer/TCPDF 2.5.000_PHP4 (http___www.tcpdf.org)/4MXIGGV3UCFRYPPPQ4LGGB27K42PFGQV_pre.pdf","output/by_producer/TCPDF 2.5.000_PHP4 (http___www.tcpdf.org)/4MXIGGV3UCFRYPPPQ4LGGB27K42PFGQV_post.pdf"
"CEANMN5G6I4ISNFSTYEX44YCLQ52GWCV","Acrobat Distiller 7.0.5 (Windows)","PScript5.dll Version 5.2.2","Acrobat Distiller 7.0.5 (Windows)","Acrobat_Distiller","output/by_producer/Acrobat Distiller 7.0.5 (Windows)/CEANMN5G6I4ISNFSTYEX44YCLQ52GWCV_pre.pdf","output/by_producer/Acrobat Distiller 7.0.5 (Windows)/CEANMN5G6I4ISNFSTYEX44YCLQ52GWCV_post.pdf"
"5IPJIVPM6LCPD36Z6TPNZNJQJNATZVNV","Acrobat Distiller 10.1.8 (Windows)","PScript5.dll Version 5.2.2","Acrobat Distiller 10.1.8 (Windows)","Acrobat_Distiller","output/by_producer/Acrobat Distiller 10.1.8 (Windows)/5IPJIVPM6LCPD36Z6TPNZNJQJNATZVNV_pre.pdf","output/by_producer/Acrobat Distiller 10.1.8 (Windows)/5IPJIVPM6LCPD36Z6TPNZNJQJNATZVNV_post.pdf"
"BZO3QEJ3CE2OQFGHA7ZD3CDOWHI543UM","Adobe PDF Library 8.0","Adobe InDesign CS3 (5.0.4)","Adobe PDF Library 8.0","Adobe_PDF_Library","output/by_producer/Adobe PDF Library 8.0/BZO3QEJ3CE2OQFGHA7ZD3CDOWHI543UM_pre.pdf","output/by_producer/Adobe PDF Library 8.0/BZO3QEJ3CE2OQFGHA7ZD3CDOWHI543UM_post.pdf"
"MVB3NUAZBLEVULOZQYWDXHOLA46NEJXI","Acrobat Distiller 6.0.1 (Windows)","Acrobat PDFMaker 6.0 for Word","Acrobat Distiller 6.0.1 (Windows)","Acrobat_Distiller","output/by_producer/Acrobat Distiller 6.0.1 (Windows)/MVB3NUAZBLEVULOZQYWDXHOLA46NEJXI_pre.pdf","output/by_producer/Acrobat Distiller 6.0.1 (Windows)/MVB3NUAZBLEVULOZQYWDXHOLA46NEJXI_post.pdf"
"3KF674T52XCSSWUXJN6WRXYXLXBCQI3P","Acrobat Distiller 5.0.5 (Windows)","PScript5.dll Version 5.2","Acrobat Distiller 5.0.5 (Windows)","Acrobat_Distiller","output/by_producer/Acrobat Distiller 5.0.5 (Windows)/3KF674T52XCSSWUXJN6WRXYXLXBCQI3P_pre.pdf","output/by_producer/Acrobat Distiller 5.0.5 (Windows)/3KF674T52XCSSWUXJN6WRXYXLXBCQI3P_post.pdf"
"NKJZFXDHGHWNNHGULXM5PSPE7GWWUTR2","Acrobat Distiller 8.1.0 (Windows)","Acrobat PDFMaker 8.1 for Word","Acrobat Distiller 8.1.0 (Windows)","Acrobat_Distiller","output/by_producer/Acrobat Distiller 8.1.0 (Windows)/NKJZFXDHGHWNNHGULXM5PSPE7GWWUTR2_pre.pdf","output/by_producer/Acrobat Distiller 8.1.0 (Windows)/NKJZFXDHGHWNNHGULXM5PSPE7GWWUTR2_post.pdf"
"AKT2VCFHNFNLCVYCCSPWNM2TX2C2PGID","Acrobat Distiller 7.0 (Windows)","PScript5.dll Version 5.2.2","Acrobat Distiller 7.0 (Windows)","Acrobat_Distiller","output/by_producer/Acrobat Distiller 7.0 (Windows)/AKT2VCFHNFNLCVYCCSPWNM2TX2C2PGID_pre.pdf","output/by_producer/Acrobat Distiller 7.0 (Windows)/AKT2VCFHNFNLCVYCCSPWNM2TX2C2PGID_post.pdf"
"G55L6N2GWXAO25ORSIBERRGSISMUNVKC","Acrobat Distiller 9.3.3 (Windows)","PScript5.dll Version 5.2.2","Acrobat Distiller 9.3.3 (Windows)","Acrobat_Distiller","output/by_producer/Acrobat Distiller 9.3.3 (Windows)/G55L6N2GWXAO25ORSIBERRGSISMUNVKC_pre.pdf","output/by_producer/Acrobat Distiller 9.3.3 (Windows)/G55L6N2GWXAO25ORSIBERRGSISMUNVKC_post.pdf"
"QCZLJRXUA3KIQPMRQ4LSGYCNVTIK6PG4","Acrobat PDFWriter 4.05 for Windows NT","MV2489.doc - Microsoft Word","Acrobat PDFWriter 4.05 for Windows NT","Acrobat_PDFWriter","output/by_producer/Acrobat PDFWriter 4.05 for Windows NT/QCZLJRXUA3KIQPMRQ4LSGYCNVTIK6PG4_pre.pdf","output/by_producer/Acrobat PDFWriter 4.05 for Windows NT/QCZLJRXUA3KIQPMRQ4LSGYCNVTIK6PG4_post.pdf"
"GMXUAMD4SJ3SI277ABZBVOOUHXVRMUPA","Acrobat Distiller 4.0 for Windows","-","Acrobat Distiller 4.0 for Windows","Acrobat_Distiller","output/by_producer/Acrobat Distiller 4.0 for Windows/GMXUAMD4SJ3SI277ABZBVOOUHXVRMUPA_pre.pdf","output/by_producer/Acrobat Distiller 4.0 for Windows/GMXUAMD4SJ3SI277ABZBVOOUHXVRMUPA_post.pdf"
"CYXM4LWKACZDGNELK57MUBGVEYKQFW24","Acrobat Distiller 5.0.5 (Windows)","ACOMP.exe WinVer 1c15 Aug 31 2005","Acrobat Distiller 5.0.5 (Windows)","Acrobat_Distiller","output/by_producer/Acrobat Distiller 5.0.5 (Windows)/CYXM4LWKACZDGNELK57MUBGVEYKQFW24_pre.pdf","output/by_producer/Acrobat Distiller 5.0.5 (Windows)/CYXM4LWKACZDGNELK57MUBGVEYKQFW24_post.pdf"
"S6CZ2JY6KSR26KFVFVISFAS2LMXFJOHO","PD4ML. HTML to PDF Converter for Java","PD4ML. HTML to PDF Converter for Java","PD4ML. HTML to PDF Converter for Java","PD4ML","output/by_producer/PD4ML. HTML to PDF Converter for Java/S6CZ2JY6KSR26KFVFVISFAS2LMXFJOHO_pre.pdf","output/by_producer/PD4ML. HTML to PDF Converter for Java/S6CZ2JY6KSR26KFVFVISFAS2LMXFJOHO_post.pdf"
"MPKQ6XRS277ZF7HM3DLVBQZUYBG35GWC","Adobe LiveCycle Designer ES 8.2","Adobe LiveCycle Designer ES 8.2","Adobe LiveCycle Designer ES 8.2","Unknown","output/by_producer/Adobe LiveCycle Designer ES 8.2/MPKQ6XRS277ZF7HM3DLVBQZUYBG35GWC_pre.pdf","output/by_producer/Adobe LiveCycle Designer ES 8.2/MPKQ6XRS277ZF7HM3DLVBQZUYBG35GWC_post.pdf"
"DAMU2TVQKZEDZ6ZJN7NZBERHFU6I6ZZG","Acrobat Distiller 7.0 (Windows)","PScript5.dll Version 5.2.2","Acrobat Distiller 7.0 (Windows)","Acrobat_Distiller","output/by_producer/Acrobat Distiller 7.0 (Windows)/DAMU2TVQKZEDZ6ZJN7NZBERHFU6I6ZZG_pre.pdf","output/by_producer/Acrobat Distiller 7.0 (Windows)/DAMU2TVQKZEDZ6ZJN7NZBERHFU6I6ZZG_post.pdf"
"HWLEW7RJBOFKM7YCQA66Q2E5AHR63KG4","Acrobat PDFWriter 3.02 for Windows NT","-","Acrobat PDFWriter 3.02 for Windows NT","Acrobat_PDFWriter","output/by_producer/Acrobat PDFWriter 3.02 for Windows NT/HWLEW7RJBOFKM7YCQA66Q2E5AHR63KG4_pre.pdf","output/by_producer/Acrobat PDFWriter 3.02 for Windows NT/HWLEW7RJBOFKM7YCQA66Q2E5AHR63KG4_post.pdf"
"LUNHY35RQQVKLPEN2LP52XDOP3KFLWRO","Acrobat Distiller 6.0 (Windows)","ArcInfo 9.2 (Sun Sep 17 16:05:34 PDT 2006)","Acrobat Distiller 6.0 (Windows)","Acrobat_Distiller","output/by_producer/Acrobat Distiller 6.0 (Windows)/LUNHY35RQQVKLPEN2LP52XDOP3KFLWRO_pre.pdf","output/by_producer/Acrobat Distiller 6.0 (Windows)/LUNHY35RQQVKLPEN2LP52XDOP3KFLWRO_post.pdf"
"TH7VW3EZP3WJRNKKPMJFNOEEJY5MXQ5A","Acrobat Distiller 8.1.0 (Windows)","Acrobat PDFMaker 8.1 for Word","Acrobat Distiller 8.1.0 (Windows)","Acrobat_Distiller","output/by_producer/Acrobat Distiller 8.1.0 (Windows)/TH7VW3EZP3WJRNKKPMJFNOEEJY5MXQ5A_pre.pdf","output/by_producer/Acrobat Distiller 8.1.0 (Windows)/TH7VW3EZP3WJRNKKPMJFNOEEJY5MXQ5A_post.pdf"
"KL6VJRI6EUVHA6S4QIIZ76GT5VIPPD5Y","Acrobat Distiller 7.0.5 for Macintosh","Adobe Acrobat 8.1 Combine Files","Acrobat Distiller 7.0.5 for Macintosh","Acrobat_Distiller","output/by_producer/Acrobat Distiller 7.0.5 for Macintosh/KL6VJRI6EUVHA6S4QIIZ76GT5VIPPD5Y_pre.pdf","output/by_producer/Acrobat Distiller 7.0.5 for Macintosh/KL6VJRI6EUVHA6S4QIIZ76GT5VIPPD5Y_post.pdf"
"AI4AB74IQJ5NS5YEJ7SWZSEICZWWXSVP","Acrobat 3.0 Scan Plug-in","Acrobat 3.0 Scan Plug-in","Acrobat 3.0 Scan Plug-in","Capture_Scan_Plugins","output/by_producer/Acrobat 3.0 Scan Plug-in/AI4AB74IQJ5NS5YEJ7SWZSEICZWWXSVP_pre.pdf","output/by_producer/Acrobat 3.0 Scan Plug-in/AI4AB74IQJ5NS5YEJ7SWZSEICZWWXSVP_post.pdf"
"JURJWHBJYQUR24R3TCPBVLLOFDBTQK5S","iText 2.1.0 (by lowagie.com)","-","iText 2.1.0 (by lowagie.com)","iText","output/by_producer/iText 2.1.0 (by lowagie.com)/JURJWHBJYQUR24R3TCPBVLLOFDBTQK5S_pre.pdf","output/by_producer/iText 2.1.0 (by lowagie.com)/JURJWHBJYQUR24R3TCPBVLLOFDBTQK5S_post.pdf"
"GKIGKIVD24PQYBUWILRPW2PXFZK3T363","Acrobat Distiller 6.0.1 (Windows)","PScript5.dll Version 5.2","Acrobat Distiller 6.0.1 (Windows)","Acrobat_Distiller","output/by_producer/Acrobat Distiller 6.0.1 (Windows)/GKIGKIVD24PQYBUWILRPW2PXFZK3T363_pre.pdf","output/by_producer/Acrobat Distiller 6.0.1 (Windows)/GKIGKIVD24PQYBUWILRPW2PXFZK3T363_post.pdf"
"WJFP7CI5XSOBSZZUQGR3FKMENNTPAKKC","Unknown producer","R and OS php pdf writer, http://www.ros.co.nz","Unknown producer","Unknown","output/by_producer/Unknown producer/WJFP7CI5XSOBSZZUQGR3FKMENNTPAKKC_pre.pdf","output/by_producer/Unknown producer/WJFP7CI5XSOBSZZUQGR3FKMENNTPAKKC_post.pdf"
"OWRQAAISWFPE42ZPHJ5XB75VRMPM7EGO","Pixel Translations (PIXPDF Ver.5.1.2)","-","Pixel Translations (PIXPDF Ver.5.1.2)","Unknown","output/by_producer/Pixel Translations (PIXPDF Ver.5.1.2)/OWRQAAISWFPE42ZPHJ5XB75VRMPM7EGO_pre.pdf","output/by_producer/Pixel Translations (PIXPDF Ver.5.1.2)/OWRQAAISWFPE42ZPHJ5XB75VRMPM7EGO_post.pdf"
"GLXEDNT3LDSIPA6BGJGFIUEXOBO4NRDE","Adobe Acrobat 9.0 Image Conversion Plug-in","Adobe Acrobat 9.0","Adobe Acrobat 9.0 Image Conversion Plug-in","Capture_Scan_Plugins","output/by_producer/Adobe Acrobat 9.0 Image Conversion Plug-in/GLXEDNT3LDSIPA6BGJGFIUEXOBO4NRDE_pre.pdf","output/by_producer/Adobe Acrobat 9.0 Image Conversion Plug-in/GLXEDNT3LDSIPA6BGJGFIUEXOBO4NRDE_post.pdf"
"RCW53FS3M3LSRJVG4JZ5PGQ6OGNMMZRP","PDFlib+PDI 6.0.2p5 (Win32)","Arbortext 5","PDFlib+PDI 6.0.2p5 (Win32)","PDFlib_PDI","output/by_producer/PDFlib+PDI 6.0.2p5 (Win32)/RCW53FS3M3LSRJVG4JZ5PGQ6OGNMMZRP_pre.pdf","output/by_producer/PDFlib+PDI 6.0.2p5 (Win32)/RCW53FS3M3LSRJVG4JZ5PGQ6OGNMMZRP_post.pdf"
"HTWW3AUIV4LKXIRLIDXBWQG76WEUG26H","Acrobat Distiller 8.1.0 (Windows)","PScript5.dll Version 5.2","Acrobat Distiller 8.1.0 (Windows)","Acrobat_Distiller","output/by_producer/Acrobat Distiller 8.1.0 (Windows)/HTWW3AUIV4LKXIRLIDXBWQG76WEUG26H_pre.pdf","output/by_producer/Acrobat Distiller 8.1.0 (Windows)/HTWW3AUIV4LKXIRLIDXBWQG76WEUG26H_post.pdf"
"U5CA6R4P5ZCQELXPJW3N2OHTGXSHH5RH","Microsoft® Office Word 2007","Microsoft® Office Word 2007","Microsoft® Office Word 2007","Microsoft_Office","output/by_producer/Microsoft® Office Word 2007/U5CA6R4P5ZCQELXPJW3N2OHTGXSHH5RH_pre.pdf","output/by_producer/Microsoft® Office Word 2007/U5CA6R4P5ZCQELXPJW3N2OHTGXSHH5RH_post.pdf"
"KNB57BFSJINB7DC3WJQ452LPY5C7L7UL","Adobe PDF Library 10.0","Acrobat PDFMaker 10.1 for Word","Adobe PDF Library 10.0","Adobe_PDF_Library","output/by_producer/Adobe PDF Library 10.0/KNB57BFSJINB7DC3WJQ452LPY5C7L7UL_pre.pdf","output/by_producer/Adobe PDF Library 10.0/KNB57BFSJINB7DC3WJQ452LPY5C7L7UL_post.pdf"
"VAYJSMYKM3T4PN4CBWA5ELI5EEWVRPTY","Xerox WCP C3545","-","Xerox WCP C3545","Capture_Scan_Plugins","output/by_producer/Xerox WCP C3545/VAYJSMYKM3T4PN4CBWA5ELI5EEWVRPTY_pre.pdf","output/by_producer/Xerox WCP C3545/VAYJSMYKM3T4PN4CBWA5ELI5EEWVRPTY_post.pdf"
"OAAZZPSDEIQQH4F3ND5HZDC7MTB4GXXU","GNU Ghostscript 7.06","PScript5.dll Version 5.2","GNU Ghostscript 7.06","Ghostscript","output/by_producer/GNU Ghostscript 7.06/OAAZZPSDEIQQH4F3ND5HZDC7MTB4GXXU_pre.pdf","output/by_producer/GNU Ghostscript 7.06/OAAZZPSDEIQQH4F3ND5HZDC7MTB4GXXU_post.pdf"
"AA7LE5CV3O4PNQJPJXH2W6ML2O44A2ET","Acrobat Distiller 7.0 (Windows)","Acrobat PDFMaker 7.0 for Word","Acrobat Distiller 7.0 (Windows)","Acrobat_Distiller","output/by_producer/Acrobat Distiller 7.0 (Windows)/AA7LE5CV3O4PNQJPJXH2W6ML2O44A2ET_pre.pdf","output/by_producer/Acrobat Distiller 7.0 (Windows)/AA7LE5CV3O4PNQJPJXH2W6ML2O44A2ET_post.pdf"
"C4C7ZVBASMN3KJOSFYD7Z6OSJZ2VL6SO","Acrobat Distiller 6.0 (Windows)","PScript5.dll Version 5.2","Acrobat Distiller 6.0 (Windows)","Acrobat_Distiller","output/by_producer/Acrobat Distiller 6.0 (Windows)/C4C7ZVBASMN3KJOSFYD7Z6OSJZ2VL6SO_pre.pdf","output/by_producer/Acrobat Distiller 6.0 (Windows)/C4C7ZVBASMN3KJOSFYD7Z6OSJZ2VL6SO_post.pdf"
"65UHUSAELNKVXUYGUXKY2JQLAKWINVC2","Acrobat Distiller 6.0 (Windows)","PScript5.dll Version 5.2.2","Acrobat Distiller 6.0 (Windows)","Acrobat_Distiller","output/by_producer/Acrobat Distiller 6.0 (Windows)/65UHUSAELNKVXUYGUXKY2JQLAKWINVC2_pre.pdf","output/by_producer/Acrobat Distiller 6.0 (Windows)/65UHUSAELNKVXUYGUXKY2JQLAKWINVC2_post.pdf"
"MNMNOYBE6LSE2QDETWHNV3TQWBUOYADX","Acrobat Distiller 5.0.5 (Windows)","-","Acrobat Distiller 5.0.5 (Windows)","Acrobat_Distiller","output/by_producer/Acrobat Distiller 5.0.5 (Windows)/MNMNOYBE6LSE2QDETWHNV3TQWBUOYADX_pre.pdf","output/by_producer/Acrobat Distiller 5.0.5 (Windows)/MNMNOYBE6LSE2QDETWHNV3TQWBUOYADX_post.pdf"
"JW44PKSPRUHPMGLASPIT273NOJ5EOU7X","Unknown producer","Canon","Unknown producer","Unknown","output/by_producer/Unknown producer/JW44PKSPRUHPMGLASPIT273NOJ5EOU7X_pre.pdf","output/by_producer/Unknown producer/JW44PKSPRUHPMGLASPIT273NOJ5EOU7X_post.pdf"
"6GHFGNIZJZWEVRNG4J5ILE62VJ3PUURO","JAWS PDFLib","activePDF Server","JAWS PDFLib","Unknown","output/by_producer/JAWS PDFLib/6GHFGNIZJZWEVRNG4J5ILE62VJ3PUURO_pre.pdf","output/by_producer/JAWS PDFLib/6GHFGNIZJZWEVRNG4J5ILE62VJ3PUURO_post.pdf"
"M6C6DEQ5LEULRCOK2LEADJ3AX3522H3E","Adobe Acrobat 10.18 Paper Capture Plug-in","WIA-fi-6770dj","Adobe Acrobat 10.18 Paper Capture Plug-in","Capture_Scan_Plugins","output/by_producer/Adobe Acrobat 10.18 Paper Capture Plug-in/M6C6DEQ5LEULRCOK2LEADJ3AX3522H3E_pre.pdf","output/by_producer/Adobe Acrobat 10.18 Paper Capture Plug-in/M6C6DEQ5LEULRCOK2LEADJ3AX3522H3E_post.pdf"
"RRANJ75ZAZCFUGZ32P2DOPAJJRK7L3EG","Adobe PDF Library 9.0","Acrobat PDFMaker 9.0 for Word","Adobe PDF Library 9.0","Adobe_PDF_Library","output/by_producer/Adobe PDF Library 9.0/RRANJ75ZAZCFUGZ32P2DOPAJJRK7L3EG_pre.pdf","output/by_producer/Adobe PDF Library 9.0/RRANJ75ZAZCFUGZ32P2DOPAJJRK7L3EG_post.pdf"
"IOU2IMTASMHXQWTXMFXUBR2DC2YAQG3W","Acrobat PDFWriter 4.05 for Windows NT","CN024_01.tif - Imaging Preview","Acrobat PDFWriter 4.05 for Windows NT","Acrobat_PDFWriter","output/by_producer/Acrobat PDFWriter 4.05 for Windows NT/IOU2IMTASMHXQWTXMFXUBR2DC2YAQG3W_pre.pdf","output/by_producer/Acrobat PDFWriter 4.05 for Windows NT/IOU2IMTASMHXQWTXMFXUBR2DC2YAQG3W_post.pdf"
"3G2C6NNZ42WCE3GQ2SREVI2FQIJMQTVT","Adobe Acrobat 10.17 Paper Capture Plug-in","Dell 2335dn MFP","Adobe Acrobat 10.17 Paper Capture Plug-in","Capture_Scan_Plugins","output/by_producer/Adobe Acrobat 10.17 Paper Capture Plug-in/3G2C6NNZ42WCE3GQ2SREVI2FQIJMQTVT_pre.pdf","output/by_producer/Adobe Acrobat 10.17 Paper Capture Plug-in/3G2C6NNZ42WCE3GQ2SREVI2FQIJMQTVT_post.pdf"
"6MPUNFSLSFKNLOGE2I6WRELWSJOF27UK","Acrobat Distiller 6.0.1 (Windows)","PScript5.dll Version 5.2","Acrobat Distiller 6.0.1 (Windows)","Acrobat_Distiller","output/by_producer/Acrobat Distiller 6.0.1 (Windows)/6MPUNFSLSFKNLOGE2I6WRELWSJOF27UK_pre.pdf","output/by_producer/Acrobat Distiller 6.0.1 (Windows)/6MPUNFSLSFKNLOGE2I6WRELWSJOF27UK_post.pdf"
"GTB3EZFGUHRQV757YXZIRJW4C6CCYGJT","Mac OS X 10.5.5 Quartz PDFContext","PScript5.dll Version 5.2","Mac OS X 10.5.5 Quartz PDFContext","MacOS_X_Quartz","output/by_producer/Mac OS X 10.5.5 Quartz PDFContext/GTB3EZFGUHRQV757YXZIRJW4C6CCYGJT_pre.pdf","output/by_producer/Mac OS X 10.5.5 Quartz PDFContext/GTB3EZFGUHRQV757YXZIRJW4C6CCYGJT_post.pdf"
"P75PT46UN56V2ZSIQXVOXK4ILE4ZLOSZ","Acrobat Distiller 11.0 (Windows)","Arbortext Advanced Print Publisher 9.0.114/W Unicode","Acrobat Distiller 11.0 (Windows)","Acrobat_Distiller","output/by_producer/Acrobat Distiller 11.0 (Windows)/P75PT46UN56V2ZSIQXVOXK4ILE4ZLOSZ_pre.pdf","output/by_producer/Acrobat Distiller 11.0 (Windows)/P75PT46UN56V2ZSIQXVOXK4ILE4ZLOSZ_post.pdf"
"X3TAMFMWC3XPXVVNEVQVEKRWH7NDDESN","Adobe Acrobat Pro 11.0.3","Adobe Acrobat Pro 11.0.3","Adobe Acrobat Pro 11.0.3","Unknown","output/by_producer/Adobe Acrobat Pro 11.0.3/X3TAMFMWC3XPXVVNEVQVEKRWH7NDDESN_pre.pdf","output/by_producer/Adobe Acrobat Pro 11.0.3/X3TAMFMWC3XPXVVNEVQVEKRWH7NDDESN_post.pdf"
"WG4X6OKEVAXGV5SRWF2GVU7BEKZYVTK5","Acrobat Distiller 7.0 (Windows)","PScript5.dll Version 5.2.2","Acrobat Distiller 7.0 (Windows)","Acrobat_Distiller","output/by_producer/Acrobat Distiller 7.0 (Windows)/WG4X6OKEVAXGV5SRWF2GVU7BEKZYVTK5_pre.pdf","output/by_producer/Acrobat Distiller 7.0 (Windows)/WG4X6OKEVAXGV5SRWF2GVU7BEKZYVTK5_post.pdf"
"2RE7KOL5KV5FFCUG6CYUVEFF4KIUZN2V","QuarkXPress(R) 7.3","QuarkXPress(R) 7.3","QuarkXPress(R) 7.3","Unknown","output/by_producer/QuarkXPress(R) 7.3/2RE7KOL5KV5FFCUG6CYUVEFF4KIUZN2V_pre.pdf","output/by_producer/QuarkXPress(R) 7.3/2RE7KOL5KV5FFCUG6CYUVEFF4KIUZN2V_post.pdf"
"46QMULSFORX2CQ75FYZAEACXSD7AJKPG","Acrobat PDFWriter 5.0 for Windows NT","SOVC Preview","Acrobat PDFWriter 5.0 for Windows NT","Acrobat_PDFWriter","output/by_producer/Acrobat PDFWriter 5.0 for Windows NT/46QMULSFORX2CQ75FYZAEACXSD7AJKPG_pre.pdf","output/by_producer/Acrobat PDFWriter 5.0 for Windows NT/46QMULSFORX2CQ75FYZAEACXSD7AJKPG_post.pdf"
"R345PQR6366VJ25LZJUWVIWDKKLEDPUY","Acrobat 5.0 Scan Plug-in for Windows","Acrobat 5.0 Scan Plug-in for Windows","Acrobat 5.0 Scan Plug-in for Windows","Capture_Scan_Plugins","output/by_producer/Acrobat 5.0 Scan Plug-in for Windows/R345PQR6366VJ25LZJUWVIWDKKLEDPUY_pre.pdf","output/by_producer/Acrobat 5.0 Scan Plug-in for Windows/R345PQR6366VJ25LZJUWVIWDKKLEDPUY_post.pdf"
"OB5K37VVGHIEXSQPWFJBU7NZA5OEKAOO","Acrobat Distiller 6.0 (Windows)","PScript5.dll Version 5.2.2","Acrobat Distiller 6.0 (Windows)","Acrobat_Distiller","output/by_producer/Acrobat Distiller 6.0 (Windows)/OB5K37VVGHIEXSQPWFJBU7NZA5OEKAOO_pre.pdf","output/by_producer/Acrobat Distiller 6.0 (Windows)/OB5K37VVGHIEXSQPWFJBU7NZA5OEKAOO_post.pdf"
"ZOSGUBBCKERLX4O7ASNWV3DLHDYOVOZ2","Acrobat PDFWriter 4.05 for Windows NT","LIS_26_Denmark_Sweden70.doc - Microsoft Word","Acrobat PDFWriter 4.05 for Windows NT","Acrobat_PDFWriter","output/by_producer/Acrobat PDFWriter 4.05 for Windows NT/ZOSGUBBCKERLX4O7ASNWV3DLHDYOVOZ2_pre.pdf","output/by_producer/Acrobat PDFWriter 4.05 for Windows NT/ZOSGUBBCKERLX4O7ASNWV3DLHDYOVOZ2_post.pdf"
"NO2EXNEDITIQJ5DGLCKNW22NA7KIUSFV","SAS Institute Inc.","9.01.01M3P02022006","SAS Institute Inc.","Unknown","output/by_producer/SAS Institute Inc./NO2EXNEDITIQJ5DGLCKNW22NA7KIUSFV_pre.pdf","output/by_producer/SAS Institute Inc./NO2EXNEDITIQJ5DGLCKNW22NA7KIUSFV_post.pdf"
"MLTHHOQT47LRXDG7YYRMF2QXDUPSXSF4","Acrobat Distiller 8.1.0 (Windows)","ACOMP.exe WinVer 1a68 0ct 09 2002","Acrobat Distiller 8.1.0 (Windows)","Acrobat_Distiller","output/by_producer/Acrobat Distiller 8.1.0 (Windows)/MLTHHOQT47LRXDG7YYRMF2QXDUPSXSF4_pre.pdf","output/by_producer/Acrobat Distiller 8.1.0 (Windows)/MLTHHOQT47LRXDG7YYRMF2QXDUPSXSF4_post.pdf"
"JFUKR5IZBGDNDWX75DHLDWK323RQOXPB","Acrobat Distiller 7.0 (Windows)","Acrobat PDFMaker 7.0 for Word","Acrobat Distiller 7.0 (Windows)","Acrobat_Distiller","output/by_producer/Acrobat Distiller 7.0 (Windows)/JFUKR5IZBGDNDWX75DHLDWK323RQOXPB_pre.pdf","output/by_producer/Acrobat Distiller 7.0 (Windows)/JFUKR5IZBGDNDWX75DHLDWK323RQOXPB_post.pdf"
"XW2HPZBL2U4ZBDGNITQU4EKCOT7ZL362","Etymon PJ 1.10, Copyright (C) 1998-2000 Etymon Systems, Inc. <http://www.etymon.com/>.","-","Etymon PJ 1.10, Copyright (C) 1998-2000 Etymon Systems, Inc. <http___www.etymon.com_>.","Unknown","output/by_producer/Etymon PJ 1.10, Copyright (C) 1998-2000 Etymon Systems, Inc. <http___www.etymon.com_>./XW2HPZBL2U4ZBDGNITQU4EKCOT7ZL362_pre.pdf","output/by_producer/Etymon PJ 1.10, Copyright (C) 1998-2000 Etymon Systems, Inc. <http___www.etymon.com_>./XW2HPZBL2U4ZBDGNITQU4EKCOT7ZL362_post.pdf"
"D6HDJJ7UEFJGI3ZLUWIWMZHJJDO7MRGC","Adobe PDF Library 11.0; modified using iText 2.1.7 by 1T3XT","-","Adobe PDF Library 11.0; modified using iText 2.1.7 by 1T3XT","Adobe_PDF_Library","output/by_producer/Adobe PDF Library 11.0; modified using iText 2.1.7 by 1T3XT/D6HDJJ7UEFJGI3ZLUWIWMZHJJDO7MRGC_pre.pdf","output/by_producer/Adobe PDF Library 11.0; modified using iText 2.1.7 by 1T3XT/D6HDJJ7UEFJGI3ZLUWIWMZHJJDO7MRGC_post.pdf"
"OQCH5BPQO3G64HZOGOJKA26NQ23FAXD2","Unknown producer","-","Unknown producer","Unknown","output/by_producer/Unknown producer/OQCH5BPQO3G64HZOGOJKA26NQ23FAXD2_pre.pdf","output/by_producer/Unknown producer/OQCH5BPQO3G64HZOGOJKA26NQ23FAXD2_post.pdf"
"6A2V6MYYSW4C6QUKXJX7BEGNPYKZGV6O","Acrobat Distiller 8.1.0 (Windows)","Acrobat PDFMaker 8.1 for Word","Acrobat Distiller 8.1.0 (Windows)","Acrobat_Distiller","output/by_producer/Acrobat Distiller 8.1.0 (Windows)/6A2V6MYYSW4C6QUKXJX7BEGNPYKZGV6O_pre.pdf","output/by_producer/Acrobat Distiller 8.1.0 (Windows)/6A2V6MYYSW4C6QUKXJX7BEGNPYKZGV6O_post.pdf"
"SE6VNMZC7SS4KLSVUOXM3QR4FK2WJHWZ","Acrobat Distiller 5.0.5 for Macintosh","AdobePS5.dll Version 5.2","Acrobat Distiller 5.0.5 for Macintosh","Acrobat_Distiller","output/by_producer/Acrobat Distiller 5.0.5 for Macintosh/SE6VNMZC7SS4KLSVUOXM3QR4FK2WJHWZ_pre.pdf","output/by_producer/Acrobat Distiller 5.0.5 for Macintosh/SE6VNMZC7SS4KLSVUOXM3QR4FK2WJHWZ_post.pdf"
"Z4MKPGHSBSWXQDAPTZGIXYMGFXIGJQOV","TCPDF 2.5.000_PHP4 (http://www.tcpdf.org)","Joomla! 1.5 - Open Source Content Management","TCPDF 2.5.000_PHP4 (http___www.tcpdf.org)","TCPDF","output/by_producer/TCPDF 2.5.000_PHP4 (http___www.tcpdf.org)/Z4MKPGHSBSWXQDAPTZGIXYMGFXIGJQOV_pre.pdf","output/by_producer/TCPDF 2.5.000_PHP4 (http___www.tcpdf.org)/Z4MKPGHSBSWXQDAPTZGIXYMGFXIGJQOV_post.pdf"
"NV2HBNZCYGDWN6RFSVHR75IP4EJX3G4D","TCPDF 2.5.000_PHP4 (http://www.tcpdf.org)","Joomla! 1.5 - Open Source Content Management","TCPDF 2.5.000_PHP4 (http___www.tcpdf.org)","TCPDF","output/by_producer/TCPDF 2.5.000_PHP4 (http___www.tcpdf.org)/NV2HBNZCYGDWN6RFSVHR75IP4EJX3G4D_pre.pdf","output/by_producer/TCPDF 2.5.000_PHP4 (http___www.tcpdf.org)/NV2HBNZCYGDWN6RFSVHR75IP4EJX3G4D_post.pdf"
"IX44BHQ54BCVRSA6XB3KC2WWUCYZINYZ","Acrobat Distiller 9.3.2 (Windows)","PScript5.dll Version 5.2.2","Acrobat Distiller 9.3.2 (Windows)","Acrobat_Distiller","output/by_producer/Acrobat Distiller 9.3.2 (Windows)/IX44BHQ54BCVRSA6XB3KC2WWUCYZINYZ_pre.pdf","output/by_producer/Acrobat Distiller 9.3.2 (Windows)/IX44BHQ54BCVRSA6XB3KC2WWUCYZINYZ_post.pdf"
"K7W2OAWSV6AHYASOUV4LTOEUEIFNTE6D","Acrobat PDFWriter 3.0 for Windows","Microsoft Word","Acrobat PDFWriter 3.0 for Windows","Acrobat_PDFWriter","output/by_producer/Acrobat PDFWriter 3.0 for Windows/K7W2OAWSV6AHYASOUV4LTOEUEIFNTE6D_pre.pdf","output/by_producer/Acrobat PDFWriter 3.0 for Windows/K7W2OAWSV6AHYASOUV4LTOEUEIFNTE6D_post.pdf"
"4UCZ4AEHAQQE2MYSFOGR6GRRPKNIAFCW","Acrobat Distiller 5.0.5 (Windows)","PScript5.dll Version 5.2","Acrobat Distiller 5.0.5 (Windows)","Acrobat_Distiller","output/by_producer/Acrobat Distiller 5.0.5 (Windows)/4UCZ4AEHAQQE2MYSFOGR6GRRPKNIAFCW_pre.pdf","output/by_producer/Acrobat Distiller 5.0.5 (Windows)/4UCZ4AEHAQQE2MYSFOGR6GRRPKNIAFCW_post.pdf"
"OJNJPL3PVEAAOXUZYPVWAOI2GKPJ7YLF","Acrobat Distiller 8.1.0 (Windows)","Acrobat PDFMaker 8.1 for Excel","Acrobat Distiller 8.1.0 (Windows)","Acrobat_Distiller","output/by_producer/Acrobat Distiller 8.1.0 (Windows)/OJNJPL3PVEAAOXUZYPVWAOI2GKPJ7YLF_pre.pdf","output/by_producer/Acrobat Distiller 8.1.0 (Windows)/OJNJPL3PVEAAOXUZYPVWAOI2GKPJ7YLF_post.pdf"
"IKOIMACPLTOKKI2XAQPQOCR7HL2E7MCY","Acrobat Distiller 4.0 for Windows","ACOMP.exe WinVer 1c15 Aug 31 2005","Acrobat Distiller 4.0 for Windows","Acrobat_Distiller","output/by_producer/Acrobat Distiller 4.0 for Windows/IKOIMACPLTOKKI2XAQPQOCR7HL2E7MCY_pre.pdf","output/by_producer/Acrobat Distiller 4.0 for Windows/IKOIMACPLTOKKI2XAQPQOCR7HL2E7MCY_post.pdf"
"AZ7NEETDHP5PGNW2OI4D5AUJBQMF3OYE","Acrobat Distiller 5.0.5 (Windows)","ACOMP.exe WinVer 1b43 jul 14 2003","Acrobat Distiller 5.0.5 (Windows)","Acrobat_Distiller","output/by_producer/Acrobat Distiller 5.0.5 (Windows)/AZ7NEETDHP5PGNW2OI4D5AUJBQMF3OYE_pre.pdf","output/by_producer/Acrobat Distiller 5.0.5 (Windows)/AZ7NEETDHP5PGNW2OI4D5AUJBQMF3OYE_post.pdf"
"UA55FQO7YFJPF45VIJCGELKJ6KPWTIFY","Acrobat Distiller 7.0.5 (Windows)","ACOMP.exe WinVer 1c15 Aug 31 2005","Acrobat Distiller 7.0.5 (Windows)","Acrobat_Distiller","output/by_producer/Acrobat Distiller 7.0.5 (Windows)/UA55FQO7YFJPF45VIJCGELKJ6KPWTIFY_pre.pdf","output/by_producer/Acrobat Distiller 7.0.5 (Windows)/UA55FQO7YFJPF45VIJCGELKJ6KPWTIFY_post.pdf"
"YPNQXE4XMRDK6YTLK3B44PDTF4TYHBNY","Acrobat Distiller 8.1.0 (Windows)","PScript5.dll Version 5.2.2","Acrobat Distiller 8.1.0 (Windows)","Acrobat_Distiller","output/by_producer/Acrobat Distiller 8.1.0 (Windows)/YPNQXE4XMRDK6YTLK3B44PDTF4TYHBNY_pre.pdf","output/by_producer/Acrobat Distiller 8.1.0 (Windows)/YPNQXE4XMRDK6YTLK3B44PDTF4TYHBNY_post.pdf"
"SRBFXQ2CMPHQJYYT64FYLRHKT6XZUUIB","Acrobat Distiller 8.1.0 (Windows)","Acrobat PDFMaker 8.1 for Word","Acrobat Distiller 8.1.0 (Windows)","Acrobat_Distiller","output/by_producer/Acrobat Distiller 8.1.0 (Windows)/SRBFXQ2CMPHQJYYT64FYLRHKT6XZUUIB_pre.pdf","output/by_producer/Acrobat Distiller 8.1.0 (Windows)/SRBFXQ2CMPHQJYYT64FYLRHKT6XZUUIB_post.pdf"
"U477BYZ62U5WAU5AK5HEDGW4FH75NBCH","Acrobat Distiller 10.1.3 (Windows)","PScript5.dll Version 5.2.2","Acrobat Distiller 10.1.3 (Windows)","Acrobat_Distiller","output/by_producer/Acrobat Distiller 10.1.3 (Windows)/U477BYZ62U5WAU5AK5HEDGW4FH75NBCH_pre.pdf","output/by_producer/Acrobat Distiller 10.1.3 (Windows)/U477BYZ62U5WAU5AK5HEDGW4FH75NBCH_post.pdf"
"7ID44TA4ZPWEYUNNLNWPGUFJWDYENEDY","Acrobat Distiller 7.0.5 (Windows)","PScript5.dll Version 5.2.2","Acrobat Distiller 7.0.5 (Windows)","Acrobat_Distiller","output/by_producer/Acrobat Distiller 7.0.5 (Windows)/7ID44TA4ZPWEYUNNLNWPGUFJWDYENEDY_pre.pdf","output/by_producer/Acrobat Distiller 7.0.5 (Windows)/7ID44TA4ZPWEYUNNLNWPGUFJWDYENEDY_post.pdf"
"S2M644RTRLI4BC6XSMMWE2MRFB76F4KC","Acrobat Distiller 4.0 for Windows","-","Acrobat Distiller 4.0 for Windows","Acrobat_Distiller","output/by_producer/Acrobat Distiller 4.0 for Windows/S2M644RTRLI4BC6XSMMWE2MRFB76F4KC_pre.pdf","output/by_producer/Acrobat Distiller 4.0 for Windows/S2M644RTRLI4BC6XSMMWE2MRFB76F4KC_post.pdf"
"2XP6SY3BBU24ICI4JSHCLNQKAKGVMMPG","Acrobat 4.0 Scan Plug-in for Windows","Acrobat 4.0 Scan Plug-in for Windows","Acrobat 4.0 Scan Plug-in for Windows","Capture_Scan_Plugins","output/by_producer/Acrobat 4.0 Scan Plug-in for Windows/2XP6SY3BBU24ICI4JSHCLNQKAKGVMMPG_pre.pdf","output/by_producer/Acrobat 4.0 Scan Plug-in for Windows/2XP6SY3BBU24ICI4JSHCLNQKAKGVMMPG_post.pdf"
"SCOEDSFG5RRJWEVGHSI3WOE3YPDSBVKA","Acrobat Distiller 8.1.0 (Windows)","Acrobat PDFMaker 8.1 for Word","Acrobat Distiller 8.1.0 (Windows)","Acrobat_Distiller","output/by_producer/Acrobat Distiller 8.1.0 (Windows)/SCOEDSFG5RRJWEVGHSI3WOE3YPDSBVKA_pre.pdf","output/by_producer/Acrobat Distiller 8.1.0 (Windows)/SCOEDSFG5RRJWEVGHSI3WOE3YPDSBVKA_post.pdf"
"5LJK3WBGEWURVXHBKF7FQP32FD7C7FQO","iTextSharp 4.1.2 (based on iText 2.1.2u)","-","iTextSharp 4.1.2 (based on iText 2.1.2u)","iText","output/by_producer/iTextSharp 4.1.2 (based on iText 2.1.2u)/5LJK3WBGEWURVXHBKF7FQP32FD7C7FQO_pre.pdf","output/by_producer/iTextSharp 4.1.2 (based on iText 2.1.2u)/5LJK3WBGEWURVXHBKF7FQP32FD7C7FQO_post.pdf"
"6X7DGVAM2PXFTZ3B6YQOHRCZ3VVBS5LO","TCPDF 2.5.000_PHP4 (http://www.tcpdf.org)","Joomla! 1.5 - Open Source Content Management","TCPDF 2.5.000_PHP4 (http___www.tcpdf.org)","TCPDF","output/by_producer/TCPDF 2.5.000_PHP4 (http___www.tcpdf.org)/6X7DGVAM2PXFTZ3B6YQOHRCZ3VVBS5LO_pre.pdf","output/by_producer/TCPDF 2.5.000_PHP4 (http___www.tcpdf.org)/6X7DGVAM2PXFTZ3B6YQOHRCZ3VVBS5LO_post.pdf"
"AOHFJXCVNQCUJ22WM7SFTERIBYRNUKQ3","Acrobat Distiller 7.0 (Windows)","Acrobat PDFMaker 7.0 for Word","Acrobat Distiller 7.0 (Windows)","Acrobat_Distiller","output/by_producer/Acrobat Distiller 7.0 (Windows)/AOHFJXCVNQCUJ22WM7SFTERIBYRNUKQ3_pre.pdf","output/by_producer/Acrobat Distiller 7.0 (Windows)/AOHFJXCVNQCUJ22WM7SFTERIBYRNUKQ3_post.pdf"
"5IXFUAXPIWSNS4I6KSOJCGHEFEEBY5IE","Acrobat PDFWriter 3.02 for Windows","Microsoft Word","Acrobat PDFWriter 3.02 for Windows","Acrobat_PDFWriter","output/by_producer/Acrobat PDFWriter 3.02 for Windows/5IXFUAXPIWSNS4I6KSOJCGHEFEEBY5IE_pre.pdf","output/by_producer/Acrobat PDFWriter 3.02 for Windows/5IXFUAXPIWSNS4I6KSOJCGHEFEEBY5IE_post.pdf"
"NCPYKKHSEFYCQGPJBOUJR3XLMIV5A2WT","Acrobat PDFWriter 4.0 for Windows NT","extention requestdoc01-100 - Microsoft Word","Acrobat PDFWriter 4.0 for Windows NT","Acrobat_PDFWriter","output/by_producer/Acrobat PDFWriter 4.0 for Windows NT/NCPYKKHSEFYCQGPJBOUJR3XLMIV5A2WT_pre.pdf","output/by_producer/Acrobat PDFWriter 4.0 for Windows NT/NCPYKKHSEFYCQGPJBOUJR3XLMIV5A2WT_post.pdf"
"E7O4MCIJGJKJSZ2G3ID2HPJMHKKQESON","Unknown producer","Hewlett Packard MFP","Unknown producer","Unknown","output/by_producer/Unknown producer/E7O4MCIJGJKJSZ2G3ID2HPJMHKKQESON_pre.pdf","output/by_producer/Unknown producer/E7O4MCIJGJKJSZ2G3ID2HPJMHKKQESON_post.pdf"
"3WVRGDKMXZRPVBBNRYOLXY3J3VIZROXI","Acrobat Distiller 6.0 (Windows)","PScript5.dll Version 5.2.2","Acrobat Distiller 6.0 (Windows)","Acrobat_Distiller","output/by_producer/Acrobat Distiller 6.0 (Windows)/3WVRGDKMXZRPVBBNRYOLXY3J3VIZROXI_pre.pdf","output/by_producer/Acrobat Distiller 6.0 (Windows)/3WVRGDKMXZRPVBBNRYOLXY3J3VIZROXI_post.pdf"
"VDWP6Q64TMEWDW2TCZ4TGUJX44EK6E36","Acrobat Distiller 7.0.5 (Windows)","PScript5.dll Version 5.2.2","Acrobat Distiller 7.0.5 (Windows)","Acrobat_Distiller","output/by_producer/Acrobat Distiller 7.0.5 (Windows)/VDWP6Q64TMEWDW2TCZ4TGUJX44EK6E36_pre.pdf","output/by_producer/Acrobat Distiller 7.0.5 (Windows)/VDWP6Q64TMEWDW2TCZ4TGUJX44EK6E36_post.pdf"
"Z6MFGCCD2MPGIYU6LAJOFH3VJWFDDW37","Unknown producer","-","Unknown producer","Unknown","output/by_producer/Unknown producer/Z6MFGCCD2MPGIYU6LAJOFH3VJWFDDW37_pre.pdf","output/by_producer/Unknown producer/Z6MFGCCD2MPGIYU6LAJOFH3VJWFDDW37_post.pdf"
"K3IGHYFHR26MTI4I6GKU2LRQHYXKEUVN","Acrobat Distiller 4.05 for Macintosh","QuarkXPressª 4.11: LaserWriter 8 8.7","Acrobat Distiller 4.05 for Macintosh","Acrobat_Distiller","output/by_producer/Acrobat Distiller 4.05 for Macintosh/K3IGHYFHR26MTI4I6GKU2LRQHYXKEUVN_pre.pdf","output/by_producer/Acrobat Distiller 4.05 for Macintosh/K3IGHYFHR26MTI4I6GKU2LRQHYXKEUVN_post.pdf"
"XRYHJNEQBXETTP5HKCE5THSUVASCXEG4","Acrobat Distiller 7.0.5 (Windows)","PScript5.dll Version 5.2","Acrobat Distiller 7.0.5 (Windows)","Acrobat_Distiller","output/by_producer/Acrobat Distiller 7.0.5 (Windows)/XRYHJNEQBXETTP5HKCE5THSUVASCXEG4_pre.pdf","output/by_producer/Acrobat Distiller 7.0.5 (Windows)/XRYHJNEQBXETTP5HKCE5THSUVASCXEG4_post.pdf"
"TBI3APZQ4LEU3AO3OLYNCZLYYOO4ZOLB","iText 2.0.0 (by lowagie.com)","-","iText 2.0.0 (by lowagie.com)","iText","output/by_producer/iText 2.0.0 (by lowagie.com)/TBI3APZQ4LEU3AO3OLYNCZLYYOO4ZOLB_pre.pdf","output/by_producer/iText 2.0.0 (by lowagie.com)/TBI3APZQ4LEU3AO3OLYNCZLYYOO4ZOLB_post.pdf"
"4JIOYSGO26FIUJU47G4MCVYSZUGX7EAE","TCPDF 2.5.000_PHP4 (http://www.tcpdf.org)","Joomla! 1.5 - Open Source Content Management","TCPDF 2.5.000_PHP4 (http___www.tcpdf.org)","TCPDF","output/by_producer/TCPDF 2.5.000_PHP4 (http___www.tcpdf.org)/4JIOYSGO26FIUJU47G4MCVYSZUGX7EAE_pre.pdf","output/by_producer/TCPDF 2.5.000_PHP4 (http___www.tcpdf.org)/4JIOYSGO26FIUJU47G4MCVYSZUGX7EAE_post.pdf"
"ECD5ZBDO5DNK52KCE74RPTT5UDFMOIW4","Adobe PDF Library 10.0","Acrobat PDFMaker 10.1 for PowerPoint","Adobe PDF Library 10.0","Adobe_PDF_Library","output/by_producer/Adobe PDF Library 10.0/ECD5ZBDO5DNK52KCE74RPTT5UDFMOIW4_pre.pdf","output/by_producer/Adobe PDF Library 10.0/ECD5ZBDO5DNK52KCE74RPTT5UDFMOIW4_post.pdf"
"FGQNTPYB75NQ2BY4HIIFBTVHYQBOX44W","Acrobat Distiller 7.0.5 (Windows)","Acrobat PDFMaker 7.0.7 for Word","Acrobat Distiller 7.0.5 (Windows)","Acrobat_Distiller","output/by_producer/Acrobat Distiller 7.0.5 (Windows)/FGQNTPYB75NQ2BY4HIIFBTVHYQBOX44W_pre.pdf","output/by_producer/Acrobat Distiller 7.0.5 (Windows)/FGQNTPYB75NQ2BY4HIIFBTVHYQBOX44W_post.pdf"
"4VXCOS4VUT37JP4BK425KOKWXRYTMJDO","PDFScanLib v1.2.2 in Adobe Acrobat 7.0.5","Canon DR-2080C TWAIN","PDFScanLib v1.2.2 in Adobe Acrobat 7.0.5","Unknown","output/by_producer/PDFScanLib v1.2.2 in Adobe Acrobat 7.0.5/4VXCOS4VUT37JP4BK425KOKWXRYTMJDO_pre.pdf","output/by_producer/PDFScanLib v1.2.2 in Adobe Acrobat 7.0.5/4VXCOS4VUT37JP4BK425KOKWXRYTMJDO_post.pdf"
"CUF7M7BNFDH3UZPGBG55JYJHN4LVA3CP","Acrobat Distiller 5.00 for Macintosh","PageMaker 6.5C","Acrobat Distiller 5.00 for Macintosh","Acrobat_Distiller","output/by_producer/Acrobat Distiller 5.00 for Macintosh/CUF7M7BNFDH3UZPGBG55JYJHN4LVA3CP_pre.pdf","output/by_producer/Acrobat Distiller 5.00 for Macintosh/CUF7M7BNFDH3UZPGBG55JYJHN4LVA3CP_post.pdf"
"RUW5HYZIHK3VYBQE2PL4OZ3KT2S2SPVO","Acrobat Distiller 7.0.5 (Windows)","PageMaker 7.0","Acrobat Distiller 7.0.5 (Windows)","Acrobat_Distiller","output/by_producer/Acrobat Distiller 7.0.5 (Windows)/RUW5HYZIHK3VYBQE2PL4OZ3KT2S2SPVO_pre.pdf","output/by_producer/Acrobat Distiller 7.0.5 (Windows)/RUW5HYZIHK3VYBQE2PL4OZ3KT2S2SPVO_post.pdf"
"DC6ISE73FTS3CSZYA7GWOAXRDY7WRE75","PDFScanLib v1.2.2 in Adobe Acrobat 8.0","FUJITSU fi-6230dj","PDFScanLib v1.2.2 in Adobe Acrobat 8.0","Unknown","output/by_producer/PDFScanLib v1.2.2 in Adobe Acrobat 8.0/DC6ISE73FTS3CSZYA7GWOAXRDY7WRE75_pre.pdf","output/by_producer/PDFScanLib v1.2.2 in Adobe Acrobat 8.0/DC6ISE73FTS3CSZYA7GWOAXRDY7WRE75_post.pdf"
"UJ4BLXG5WVOR74SEFBHIMJZYVQCVV3EZ","Acrobat PDFWriter 3.02 for Windows","Print W022C0~1.TIF (120 pages)","Acrobat PDFWriter 3.02 for Windows","Acrobat_PDFWriter","output/by_producer/Acrobat PDFWriter 3.02 for Windows/UJ4BLXG5WVOR74SEFBHIMJZYVQCVV3EZ_pre.pdf","output/by_producer/Acrobat PDFWriter 3.02 for Windows/UJ4BLXG5WVOR74SEFBHIMJZYVQCVV3EZ_post.pdf"
"HLYRITP6GLJWLRBBPIM73IDSX2GSAQSI","Acrobat PDFWriter 4.05 for Windows NT","Microsoft Excel - levy01","Acrobat PDFWriter 4.05 for Windows NT","Acrobat_PDFWriter","output/by_producer/Acrobat PDFWriter 4.05 for Windows NT/HLYRITP6GLJWLRBBPIM73IDSX2GSAQSI_pre.pdf","output/by_producer/Acrobat PDFWriter 4.05 for Windows NT/HLYRITP6GLJWLRBBPIM73IDSX2GSAQSI_post.pdf"
"RC7BS5CIY6SCEAPZ3YKNOSC3IMBGZA2C","Acrobat Distiller 6.0 (Windows)","PScript5.dll Version 5.2","Acrobat Distiller 6.0 (Windows)","Acrobat_Distiller","output/by_producer/Acrobat Distiller 6.0 (Windows)/RC7BS5CIY6SCEAPZ3YKNOSC3IMBGZA2C_pre.pdf","output/by_producer/Acrobat Distiller 6.0 (Windows)/RC7BS5CIY6SCEAPZ3YKNOSC3IMBGZA2C_post.pdf"
"EIR7WZL6LLXE7N7TX5ZY4QKXPPZEISPQ","Corel PDF Engine Version 9.543","POP90","Corel PDF Engine Version 9.543","Corel_PDF_Engine","output/by_producer/Corel PDF Engine Version 9.543/EIR7WZL6LLXE7N7TX5ZY4QKXPPZEISPQ_pre.pdf","output/by_producer/Corel PDF Engine Version 9.543/EIR7WZL6LLXE7N7TX5ZY4QKXPPZEISPQ_post.pdf"
"X2TE62KGA4WZHW5FVEWCH6NZ76MUPQZ7","Acrobat Distiller 8.1.0 (Windows)","Acrobat PDFMaker 8.1 for Word","Acrobat Distiller 8.1.0 (Windows)","Acrobat_Distiller","output/by_producer/Acrobat Distiller 8.1.0 (Windows)/X2TE62KGA4WZHW5FVEWCH6NZ76MUPQZ7_pre.pdf","output/by_producer/Acrobat Distiller 8.1.0 (Windows)/X2TE62KGA4WZHW5FVEWCH6NZ76MUPQZ7_post.pdf"
"ALQMFHOFCDKV7HIO2VGHCM3ZDDVVZPBW","Adobe Acrobat Pro 10.1.2","Adobe Acrobat Pro 10.1.2","Adobe Acrobat Pro 10.1.2","Unknown","output/by_producer/Adobe Acrobat Pro 10.1.2/ALQMFHOFCDKV7HIO2VGHCM3ZDDVVZPBW_pre.pdf","output/by_producer/Adobe Acrobat Pro 10.1.2/ALQMFHOFCDKV7HIO2VGHCM3ZDDVVZPBW_post.pdf"
"U23MNPFKWDU6QBI3PCJ5KCLGX3RO4LMN","Adobe PDF Library 10.0","Acrobat PDFMaker 10.1 for Word","Adobe PDF Library 10.0","Adobe_PDF_Library","output/by_producer/Adobe PDF Library 10.0/U23MNPFKWDU6QBI3PCJ5KCLGX3RO4LMN_pre.pdf","output/by_producer/Adobe PDF Library 10.0/U23MNPFKWDU6QBI3PCJ5KCLGX3RO4LMN_post.pdf"
"M3JC5LYIW5JUNGMUE4FIXGDYFEUABDJK","TCPDF 2.5.000_PHP4 (http://www.tcpdf.org)","Joomla! 1.5 - Open Source Content Management","TCPDF 2.5.000_PHP4 (http___www.tcpdf.org)","TCPDF","output/by_producer/TCPDF 2.5.000_PHP4 (http___www.tcpdf.org)/M3JC5LYIW5JUNGMUE4FIXGDYFEUABDJK_pre.pdf","output/by_producer/TCPDF 2.5.000_PHP4 (http___www.tcpdf.org)/M3JC5LYIW5JUNGMUE4FIXGDYFEUABDJK_post.pdf"
"5WZLEVFSNHYXSOEJSBBALIZP2REQ5BWL","Corel PDF Engine Version 17.0.0.337","PrintServer170","Corel PDF Engine Version 17.0.0.337","Corel_PDF_Engine","output/by_producer/Corel PDF Engine Version 17.0.0.337/5WZLEVFSNHYXSOEJSBBALIZP2REQ5BWL_pre.pdf","output/by_producer/Corel PDF Engine Version 17.0.0.337/5WZLEVFSNHYXSOEJSBBALIZP2REQ5BWL_post.pdf"
"DVKZAQ3CUXGDY2H4OVKPJHXM4IDHXP4M","Acrobat Distiller 6.0.1 (Windows)","Acrobat PDFMaker 6.0 for PowerPoint","Acrobat Distiller 6.0.1 (Windows)","Acrobat_Distiller","output/by_producer/Acrobat Distiller 6.0.1 (Windows)/DVKZAQ3CUXGDY2H4OVKPJHXM4IDHXP4M_pre.pdf","output/by_producer/Acrobat Distiller 6.0.1 (Windows)/DVKZAQ3CUXGDY2H4OVKPJHXM4IDHXP4M_post.pdf"
"OEP4CRRCT63IR7FA3IVB5BCG2ZREEVGH","Data Dynamics ActiveReports (tm) for .NET","Data Dynamics ActiveReports (tm) for .NET","Data Dynamics ActiveReports (tm) for .NET","Unknown","output/by_producer/Data Dynamics ActiveReports (tm) for .NET/OEP4CRRCT63IR7FA3IVB5BCG2ZREEVGH_pre.pdf","output/by_producer/Data Dynamics ActiveReports (tm) for .NET/OEP4CRRCT63IR7FA3IVB5BCG2ZREEVGH_post.pdf"
"J5ZSV4CEZDUKODXRBOAVGJVB5XTR5QMA","Unknown producer","R and OS php pdf writer, http://www.ros.co.nz","Unknown producer","Unknown","output/by_producer/Unknown producer/J5ZSV4CEZDUKODXRBOAVGJVB5XTR5QMA_pre.pdf","output/by_producer/Unknown producer/J5ZSV4CEZDUKODXRBOAVGJVB5XTR5QMA_post.pdf"
"HE2GQLBH2WBUUJKRBNZCYY5QZWTVCY35","Acrobat Distiller 8.1.0 (Windows)","Acrobat PDFMaker 8.1 for Excel","Acrobat Distiller 8.1.0 (Windows)","Acrobat_Distiller","output/by_producer/Acrobat Distiller 8.1.0 (Windows)/HE2GQLBH2WBUUJKRBNZCYY5QZWTVCY35_pre.pdf","output/by_producer/Acrobat Distiller 8.1.0 (Windows)/HE2GQLBH2WBUUJKRBNZCYY5QZWTVCY35_post.pdf"
"HGJIJLL3ZVEO2ISTFZSKH53BIC2K3UYX","Acrobat Distiller 9.2.0 (Windows)","PScript5.dll Version 5.2.2","Acrobat Distiller 9.2.0 (Windows)","Acrobat_Distiller","output/by_producer/Acrobat Distiller 9.2.0 (Windows)/HGJIJLL3ZVEO2ISTFZSKH53BIC2K3UYX_pre.pdf","output/by_producer/Acrobat Distiller 9.2.0 (Windows)/HGJIJLL3ZVEO2ISTFZSKH53BIC2K3UYX_post.pdf"
"NG33GO534UD2QX6Z7DBE7KHLGNGIEU4R","Acrobat Distiller 4.0 for Windows","ACOMP.exe WinVer 1c15 Aug 31 2005","Acrobat Distiller 4.0 for Windows","Acrobat_Distiller","output/by_producer/Acrobat Distiller 4.0 for Windows/NG33GO534UD2QX6Z7DBE7KHLGNGIEU4R_pre.pdf","output/by_producer/Acrobat Distiller 4.0 for Windows/NG33GO534UD2QX6Z7DBE7KHLGNGIEU4R_post.pdf"
"OMIUL266TMW75QUBWV2CUTRL56PSFGDK","Acrobat Distiller 4.0 for Windows","-","Acrobat Distiller 4.0 for Windows","Acrobat_Distiller","output/by_producer/Acrobat Distiller 4.0 for Windows/OMIUL266TMW75QUBWV2CUTRL56PSFGDK_pre.pdf","output/by_producer/Acrobat Distiller 4.0 for Windows/OMIUL266TMW75QUBWV2CUTRL56PSFGDK_post.pdf"
"D3UTL7WXYMB5VHKSTM53DZCP5NDOK2J5","Acrobat Distiller 5.0 (Windows)","ACOMP.exe WinVer 1c15 Aug 31 2005","Acrobat Distiller 5.0 (Windows)","Acrobat_Distiller","output/by_producer/Acrobat Distiller 5.0 (Windows)/D3UTL7WXYMB5VHKSTM53DZCP5NDOK2J5_pre.pdf","output/by_producer/Acrobat Distiller 5.0 (Windows)/D3UTL7WXYMB5VHKSTM53DZCP5NDOK2J5_post.pdf"
"WTLBOK7EAQPHVUW75UU2AI47NS3XJ7QH","Acrobat Distiller 7.0.5 (Windows)","PScript5.dll Version 5.2.2","Acrobat Distiller 7.0.5 (Windows)","Acrobat_Distiller","output/by_producer/Acrobat Distiller 7.0.5 (Windows)/WTLBOK7EAQPHVUW75UU2AI47NS3XJ7QH_pre.pdf","output/by_producer/Acrobat Distiller 7.0.5 (Windows)/WTLBOK7EAQPHVUW75UU2AI47NS3XJ7QH_post.pdf"
"HOX6HP64JIBXKA2HFWNSAWSJFUHWENGZ","PD4ML. HTML to PDF Converter for Java","PD4ML. HTML to PDF Converter for Java","PD4ML. HTML to PDF Converter for Java","PD4ML","output/by_producer/PD4ML. HTML to PDF Converter for Java/HOX6HP64JIBXKA2HFWNSAWSJFUHWENGZ_pre.pdf","output/by_producer/PD4ML. HTML to PDF Converter for Java/HOX6HP64JIBXKA2HFWNSAWSJFUHWENGZ_post.pdf"
"LLO7S5EGRT25W2HWQK2FCIFNJGL6OLQ3","Acrobat PDFWriter 2.01 for Windows","szha262.tmp","Acrobat PDFWriter 2.01 for Windows","Acrobat_PDFWriter","output/by_producer/Acrobat PDFWriter 2.01 for Windows/LLO7S5EGRT25W2HWQK2FCIFNJGL6OLQ3_pre.pdf","output/by_producer/Acrobat PDFWriter 2.01 for Windows/LLO7S5EGRT25W2HWQK2FCIFNJGL6OLQ3_post.pdf"
"PKUP7YPNPYN6ZP26TRK25TL7U6WLNSGT","Acrobat Distiller 4.0 for Windows","-","Acrobat Distiller 4.0 for Windows","Acrobat_Distiller","output/by_producer/Acrobat Distiller 4.0 for Windows/PKUP7YPNPYN6ZP26TRK25TL7U6WLNSGT_pre.pdf","output/by_producer/Acrobat Distiller 4.0 for Windows/PKUP7YPNPYN6ZP26TRK25TL7U6WLNSGT_post.pdf"
"M3UMH7U2AYMM6ZLJQSJII5NKQYFUTUFO","Acrobat Distiller 8.1.0 (Windows)","Acrobat PDFMaker 8.1 for Word","Acrobat Distiller 8.1.0 (Windows)","Acrobat_Distiller","output/by_producer/Acrobat Distiller 8.1.0 (Windows)/M3UMH7U2AYMM6ZLJQSJII5NKQYFUTUFO_pre.pdf","output/by_producer/Acrobat Distiller 8.1.0 (Windows)/M3UMH7U2AYMM6ZLJQSJII5NKQYFUTUFO_post.pdf"
"HXOV2RQJRHU5PDC4PRLJJLU2RT4PSSLV","Acrobat PDFWriter 4.05 for Windows","Microsoft PowerPoint","Acrobat PDFWriter 4.05 for Windows","Acrobat_PDFWriter","output/by_producer/Acrobat PDFWriter 4.05 for Windows/HXOV2RQJRHU5PDC4PRLJJLU2RT4PSSLV_pre.pdf","output/by_producer/Acrobat PDFWriter 4.05 for Windows/HXOV2RQJRHU5PDC4PRLJJLU2RT4PSSLV_post.pdf"
"DJB3ZGUGJANSX3J2RPJJU6L4OPGKC2NK","Acrobat Distiller Daemon 1.0 for Solaris 1.1/2.3 (SPARC)","-","Acrobat Distiller Daemon 1.0 for Solaris 1.1_2.3 (SPARC)","Acrobat_Distiller","output/by_producer/Acrobat Distiller Daemon 1.0 for Solaris 1.1_2.3 (SPARC)/DJB3ZGUGJANSX3J2RPJJU6L4OPGKC2NK_pre.pdf","output/by_producer/Acrobat Distiller Daemon 1.0 for Solaris 1.1_2.3 (SPARC)/DJB3ZGUGJANSX3J2RPJJU6L4OPGKC2NK_post.pdf"
"MEA47HKC5QL3UF6KNGIXCXA62NTGCUTI","Microsoft® Office Word 2007","Microsoft® Office Word 2007","Microsoft® Office Word 2007","Microsoft_Office","output/by_producer/Microsoft® Office Word 2007/MEA47HKC5QL3UF6KNGIXCXA62NTGCUTI_pre.pdf","output/by_producer/Microsoft® Office Word 2007/MEA47HKC5QL3UF6KNGIXCXA62NTGCUTI_post.pdf"
"7GB7EXTYK2SHE3R3CBCOYKLOQT4CMEAF","Acrobat Distiller 6.0 (Windows)","Acrobat PDFMaker 6.0 for Word","Acrobat Distiller 6.0 (Windows)","Acrobat_Distiller","output/by_producer/Acrobat Distiller 6.0 (Windows)/7GB7EXTYK2SHE3R3CBCOYKLOQT4CMEAF_pre.pdf","output/by_producer/Acrobat Distiller 6.0 (Windows)/7GB7EXTYK2SHE3R3CBCOYKLOQT4CMEAF_post.pdf"
"BUOCBC3OD52VNUONIT3IABQGK3JDIXB4","Acrobat Distiller 8.1.0 (Windows)","PScript5.dll Version 5.2","Acrobat Distiller 8.1.0 (Windows)","Acrobat_Distiller","output/by_producer/Acrobat Distiller 8.1.0 (Windows)/BUOCBC3OD52VNUONIT3IABQGK3JDIXB4_pre.pdf","output/by_producer/Acrobat Distiller 8.1.0 (Windows)/BUOCBC3OD52VNUONIT3IABQGK3JDIXB4_post.pdf"
"KDLB3IO7SCHXPEJZJYXLBWTX2MTEUOS6","iText1.3.1 by lowagie.com (based on itext-paulo-154)","JasperReports (Profile_Detail)","iText1.3.1 by lowagie.com (based on itext-paulo-154)","iText","output/by_producer/iText1.3.1 by lowagie.com (based on itext-paulo-154)/KDLB3IO7SCHXPEJZJYXLBWTX2MTEUOS6_pre.pdf","output/by_producer/iText1.3.1 by lowagie.com (based on itext-paulo-154)/KDLB3IO7SCHXPEJZJYXLBWTX2MTEUOS6_post.pdf"
"G5C3CM7DIONQOEWTYFPP3UJEWODLVHPN","Adobe PDF Library 11.0","Acrobat PDFMaker 11 for Word","Adobe PDF Library 11.0","Adobe_PDF_Library","output/by_producer/Adobe PDF Library 11.0/G5C3CM7DIONQOEWTYFPP3UJEWODLVHPN_pre.pdf","output/by_producer/Adobe PDF Library 11.0/G5C3CM7DIONQOEWTYFPP3UJEWODLVHPN_post.pdf"
"U4KYMMKKOPMN5E4H4J3X3L3KQ5HUY7GF","Acrobat Distiller 10.0.0 (Windows)","PScript5.dll Version 5.2.2","Acrobat Distiller 10.0.0 (Windows)","Acrobat_Distiller","output/by_producer/Acrobat Distiller 10.0.0 (Windows)/U4KYMMKKOPMN5E4H4J3X3L3KQ5HUY7GF_pre.pdf","output/by_producer/Acrobat Distiller 10.0.0 (Windows)/U4KYMMKKOPMN5E4H4J3X3L3KQ5HUY7GF_post.pdf"
"IM4NOHWT2KSDC4FBCAXQW722XG3AZCNP","libtiff / tiff2pdf - 20100615","-","libtiff _ tiff2pdf - 20100615","libtiff_tiff2pdf","output/by_producer/libtiff _ tiff2pdf - 20100615/IM4NOHWT2KSDC4FBCAXQW722XG3AZCNP_pre.pdf","output/by_producer/libtiff _ tiff2pdf - 20100615/IM4NOHWT2KSDC4FBCAXQW722XG3AZCNP_post.pdf"
"MM5SPPOP2IPOL6OON3JH2H3MDCHIYPJ3","Unknown producer","-","Unknown producer","Unknown","output/by_producer/Unknown producer/MM5SPPOP2IPOL6OON3JH2H3MDCHIYPJ3_pre.pdf","output/by_producer/Unknown producer/MM5SPPOP2IPOL6OON3JH2H3MDCHIYPJ3_post.pdf"
"BKDEEPDFQCNSHDSJKAW6JR2BO27KEZ3Q","Acrobat Distiller 9.0.0 (Windows)","Acrobat PDFMaker 9.0 for Publisher","Acrobat Distiller 9.0.0 (Windows)","Acrobat_Distiller","output/by_producer/Acrobat Distiller 9.0.0 (Windows)/BKDEEPDFQCNSHDSJKAW6JR2BO27KEZ3Q_pre.pdf","output/by_producer/Acrobat Distiller 9.0.0 (Windows)/BKDEEPDFQCNSHDSJKAW6JR2BO27KEZ3Q_post.pdf"
"H3YJPSWC5CGCS3UTEG67HNN7OKMXDA3I","Unknown producer","R and OS php pdf writer, http://www.ros.co.nz","Unknown producer","Unknown","output/by_producer/Unknown producer/H3YJPSWC5CGCS3UTEG67HNN7OKMXDA3I_pre.pdf","output/by_producer/Unknown producer/H3YJPSWC5CGCS3UTEG67HNN7OKMXDA3I_post.pdf"
"MG64TNXHW4FTW3UTMAX6PXK5AZ5MMO5X","Unknown producer","R and OS php pdf writer, http://www.ros.co.nz","Unknown producer","Unknown","output/by_producer/Unknown producer/MG64TNXHW4FTW3UTMAX6PXK5AZ5MMO5X_pre.pdf","output/by_producer/Unknown producer/MG64TNXHW4FTW3UTMAX6PXK5AZ5MMO5X_post.pdf"
"UFTWPHWPAMA7G4B6F5SMUFNA3HU6H5UW","Acrobat PDFWriter 4.0 for Windows","Corel Office Document","Acrobat PDFWriter 4.0 for Windows","Acrobat_PDFWriter","output/by_producer/Acrobat PDFWriter 4.0 for Windows/UFTWPHWPAMA7G4B6F5SMUFNA3HU6H5UW_pre.pdf","output/by_producer/Acrobat PDFWriter 4.0 for Windows/UFTWPHWPAMA7G4B6F5SMUFNA3HU6H5UW_post.pdf"
"2XJLJAFHRTLAIWFDDAVMV2U4QJMISM4P","Acrobat Distiller 8.2.3 (Windows)","PScript5.dll Version 5.2","Acrobat Distiller 8.2.3 (Windows)","Acrobat_Distiller","output/by_producer/Acrobat Distiller 8.2.3 (Windows)/2XJLJAFHRTLAIWFDDAVMV2U4QJMISM4P_pre.pdf","output/by_producer/Acrobat Distiller 8.2.3 (Windows)/2XJLJAFHRTLAIWFDDAVMV2U4QJMISM4P_post.pdf"
"MFNO2BYJHXTRPUIULKNEVUF2VD5XMVY3","Acrobat Distiller 7.0.5 (Windows)","PScript5.dll Version 5.2.2","Acrobat Distiller 7.0.5 (Windows)","Acrobat_Distiller","output/by_producer/Acrobat Distiller 7.0.5 (Windows)/MFNO2BYJHXTRPUIULKNEVUF2VD5XMVY3_pre.pdf","output/by_producer/Acrobat Distiller 7.0.5 (Windows)/MFNO2BYJHXTRPUIULKNEVUF2VD5XMVY3_post.pdf"
"Q2ZW5DLO3XURCC6GCJMZY6LZZQUDI4ON","Microsoft® Office Word 2007","Microsoft® Office Word 2007","Microsoft® Office Word 2007","Microsoft_Office","output/by_producer/Microsoft® Office Word 2007/Q2ZW5DLO3XURCC6GCJMZY6LZZQUDI4ON_pre.pdf","output/by_producer/Microsoft® Office Word 2007/Q2ZW5DLO3XURCC6GCJMZY6LZZQUDI4ON_post.pdf"
"MM3LE7UZACMNXBDXA5FM6MTGBLZG7N4W","Adobe PDF Library 9.0","Adobe InDesign CS4 (6.0)","Adobe PDF Library 9.0","Adobe_PDF_Library","output/by_producer/Adobe PDF Library 9.0/MM3LE7UZACMNXBDXA5FM6MTGBLZG7N4W_pre.pdf","output/by_producer/Adobe PDF Library 9.0/MM3LE7UZACMNXBDXA5FM6MTGBLZG7N4W_post.pdf"
"MATLAIUSZNV6ECCAMZDMMLBOVYOJ7LEX","Adobe PDF Library 8.0","Adobe InDesign CS3 (5.0.4)","Adobe PDF Library 8.0","Adobe_PDF_Library","output/by_producer/Adobe PDF Library 8.0/MATLAIUSZNV6ECCAMZDMMLBOVYOJ7LEX_pre.pdf","output/by_producer/Adobe PDF Library 8.0/MATLAIUSZNV6ECCAMZDMMLBOVYOJ7LEX_post.pdf"
"VY63NSKASK2Y4IRQZDCRO3KL3N7QSD7K","Unknown producer","HP 9100C Digital Sender","Unknown producer","Unknown","output/by_producer/Unknown producer/VY63NSKASK2Y4IRQZDCRO3KL3N7QSD7K_pre.pdf","output/by_producer/Unknown producer/VY63NSKASK2Y4IRQZDCRO3KL3N7QSD7K_post.pdf"
"WYWTCAZW66OVYSAZRNXYZ3S5H5TUAC3U","GPL Ghostscript 8.54","-","GPL Ghostscript 8.54","Ghostscript","output/by_producer/GPL Ghostscript 8.54/WYWTCAZW66OVYSAZRNXYZ3S5H5TUAC3U_pre.pdf","output/by_producer/GPL Ghostscript 8.54/WYWTCAZW66OVYSAZRNXYZ3S5H5TUAC3U_post.pdf"
"3I3G2ZKLILXKCZTX77LVBWNF5IR2ZM7E","Adobe Acrobat 7.0 Paper Capture Plug-in","Adobe Acrobat 7.0","Adobe Acrobat 7.0 Paper Capture Plug-in","Capture_Scan_Plugins","output/by_producer/Adobe Acrobat 7.0 Paper Capture Plug-in/3I3G2ZKLILXKCZTX77LVBWNF5IR2ZM7E_pre.pdf","output/by_producer/Adobe Acrobat 7.0 Paper Capture Plug-in/3I3G2ZKLILXKCZTX77LVBWNF5IR2ZM7E_post.pdf"
"Y4C4I2PAQFLQEVARQJGECB27WBTI3R3R","Mac OS X 10.6.8 Quartz PDFContext","Acrobat PDFMaker 10.1 for Word","Mac OS X 10.6.8 Quartz PDFContext","MacOS_X_Quartz","output/by_producer/Mac OS X 10.6.8 Quartz PDFContext/Y4C4I2PAQFLQEVARQJGECB27WBTI3R3R_pre.pdf","output/by_producer/Mac OS X 10.6.8 Quartz PDFContext/Y4C4I2PAQFLQEVARQJGECB27WBTI3R3R_post.pdf"
"37WOUPCWLZGR4AFDBNNHKUHNTVLYXVLD","Acrobat Distiller 8.1.0 (Windows)","Acrobat PDFMaker 8.1 for Excel","Acrobat Distiller 8.1.0 (Windows)","Acrobat_Distiller","output/by_producer/Acrobat Distiller 8.1.0 (Windows)/37WOUPCWLZGR4AFDBNNHKUHNTVLYXVLD_pre.pdf","output/by_producer/Acrobat Distiller 8.1.0 (Windows)/37WOUPCWLZGR4AFDBNNHKUHNTVLYXVLD_post.pdf"
"CFE2FFPB3TDJ3H3QARTMXDZMY5KWEXF5","Acrobat PDFWriter 4.05 for Windows NT","whitepaper.4.28.03 - Microsoft Word","Acrobat PDFWriter 4.05 for Windows NT","Acrobat_PDFWriter","output/by_producer/Acrobat PDFWriter 4.05 for Windows NT/CFE2FFPB3TDJ3H3QARTMXDZMY5KWEXF5_pre.pdf","output/by_producer/Acrobat PDFWriter 4.05 for Windows NT/CFE2FFPB3TDJ3H3QARTMXDZMY5KWEXF5_post.pdf"
"POX3CR2EUHMC7IPGDNEHNTQOAV2ZQLHR","Acrobat Distiller 8.1.0 (Windows)","PScript5.dll Version 5.2","Acrobat Distiller 8.1.0 (Windows)","Acrobat_Distiller","output/by_producer/Acrobat Distiller 8.1.0 (Windows)/POX3CR2EUHMC7IPGDNEHNTQOAV2ZQLHR_pre.pdf","output/by_producer/Acrobat Distiller 8.1.0 (Windows)/POX3CR2EUHMC7IPGDNEHNTQOAV2ZQLHR_post.pdf"
"GXN6NIJAPDVKETP2WCAL523Z6OESGKDD","Acrobat Distiller 6.0.1 (Windows)","PScript5.dll Version 5.2.2","Acrobat Distiller 6.0.1 (Windows)","Acrobat_Distiller","output/by_producer/Acrobat Distiller 6.0.1 (Windows)/GXN6NIJAPDVKETP2WCAL523Z6OESGKDD_pre.pdf","output/by_producer/Acrobat Distiller 6.0.1 (Windows)/GXN6NIJAPDVKETP2WCAL523Z6OESGKDD_post.pdf"
"7YLE2QQTJK2HP5N2PUSAA3IKH662U3Y6","TCPDF 2.5.000_PHP4 (http://www.tcpdf.org)","Joomla! 1.5 - Open Source Content Management","TCPDF 2.5.000_PHP4 (http___www.tcpdf.org)","TCPDF","output/by_producer/TCPDF 2.5.000_PHP4 (http___www.tcpdf.org)/7YLE2QQTJK2HP5N2PUSAA3IKH662U3Y6_pre.pdf","output/by_producer/TCPDF 2.5.000_PHP4 (http___www.tcpdf.org)/7YLE2QQTJK2HP5N2PUSAA3IKH662U3Y6_post.pdf"
"WXURHXHVCOCL3XIN4PFUPT2OGYFIXYR5","TypeReader 6.0 Professional","ExperVision","TypeReader 6.0 Professional","Unknown","output/by_producer/TypeReader 6.0 Professional/WXURHXHVCOCL3XIN4PFUPT2OGYFIXYR5_pre.pdf","output/by_producer/TypeReader 6.0 Professional/WXURHXHVCOCL3XIN4PFUPT2OGYFIXYR5_post.pdf"
"AMUVMXBOGLM4XL5MLD7IPQDEPKAQB63X","TCPDF 2.5.000_PHP4 (http://www.tcpdf.org)","Joomla! 1.5 - Open Source Content Management","TCPDF 2.5.000_PHP4 (http___www.tcpdf.org)","TCPDF","output/by_producer/TCPDF 2.5.000_PHP4 (http___www.tcpdf.org)/AMUVMXBOGLM4XL5MLD7IPQDEPKAQB63X_pre.pdf","output/by_producer/TCPDF 2.5.000_PHP4 (http___www.tcpdf.org)/AMUVMXBOGLM4XL5MLD7IPQDEPKAQB63X_post.pdf"
"WYEYQIJLZUN467X4ATTAXA2FIUYL2C3T","Acrobat Distiller 5.0.5 (Windows)","Acrobat PDFMaker 5.0 for Word","Acrobat Distiller 5.0.5 (Windows)","Acrobat_Distiller","output/by_producer/Acrobat Distiller 5.0.5 (Windows)/WYEYQIJLZUN467X4ATTAXA2FIUYL2C3T_pre.pdf","output/by_producer/Acrobat Distiller 5.0.5 (Windows)/WYEYQIJLZUN467X4ATTAXA2FIUYL2C3T_post.pdf"
"ZZLARWOCNXAHCS25AGWDA2UPFRV3G6TU","Acrobat Distiller 7.0 (Windows)","Adobe PageMaker 7.0","Acrobat Distiller 7.0 (Windows)","Acrobat_Distiller","output/by_producer/Acrobat Distiller 7.0 (Windows)/ZZLARWOCNXAHCS25AGWDA2UPFRV3G6TU_pre.pdf","output/by_producer/Acrobat Distiller 7.0 (Windows)/ZZLARWOCNXAHCS25AGWDA2UPFRV3G6TU_post.pdf"
"POEHMIOJYP5KQX64LWVXOXS7I5QYW3UB","Unknown producer","-","Unknown producer","Unknown","output/by_producer/Unknown producer/POEHMIOJYP5KQX64LWVXOXS7I5QYW3UB_pre.pdf","output/by_producer/Unknown producer/POEHMIOJYP5KQX64LWVXOXS7I5QYW3UB_post.pdf"
"XWYFIMBSF3TJJ7V3MIWFQYMAU35O6FTW","Acrobat PDFWriter 4.05 for Power Macintosh","Microsoft Word","Acrobat PDFWriter 4.05 for Power Macintosh","Acrobat_PDFWriter","output/by_producer/Acrobat PDFWriter 4.05 for Power Macintosh/XWYFIMBSF3TJJ7V3MIWFQYMAU35O6FTW_pre.pdf","output/by_producer/Acrobat PDFWriter 4.05 for Power Macintosh/XWYFIMBSF3TJJ7V3MIWFQYMAU35O6FTW_post.pdf"
"JOANY6YW3IYN75OYEU7X3JEXQQAJPEUP","Acrobat Distiller 5.0.5 (Windows)","-","Acrobat Distiller 5.0.5 (Windows)","Acrobat_Distiller","output/by_producer/Acrobat Distiller 5.0.5 (Windows)/JOANY6YW3IYN75OYEU7X3JEXQQAJPEUP_pre.pdf","output/by_producer/Acrobat Distiller 5.0.5 (Windows)/JOANY6YW3IYN75OYEU7X3JEXQQAJPEUP_post.pdf"
"OBI2XUM4RBMFJ5BZBOISYPRMFKGAFNLW","Acrobat Distiller 5.0.5 (Windows)","PScript5.dll Version 5.2.2","Acrobat Distiller 5.0.5 (Windows)","Acrobat_Distiller","output/by_producer/Acrobat Distiller 5.0.5 (Windows)/OBI2XUM4RBMFJ5BZBOISYPRMFKGAFNLW_pre.pdf","output/by_producer/Acrobat Distiller 5.0.5 (Windows)/OBI2XUM4RBMFJ5BZBOISYPRMFKGAFNLW_post.pdf"
"3KYS5FP4VPQMHQKSV6PY3UOXQILNMOPO","Acrobat PDFWriter 3.0 for Windows","A:CHATHAM.MA","Acrobat PDFWriter 3.0 for Windows","Acrobat_PDFWriter","output/by_producer/Acrobat PDFWriter 3.0 for Windows/3KYS5FP4VPQMHQKSV6PY3UOXQILNMOPO_pre.pdf","output/by_producer/Acrobat PDFWriter 3.0 for Windows/3KYS5FP4VPQMHQKSV6PY3UOXQILNMOPO_post.pdf"
"3OHZBJVNLM4IAL6GLY3AKUQIVCNLPJLO","PD4ML. HTML to PDF Converter for Java","PD4ML. HTML to PDF Converter for Java","PD4ML. HTML to PDF Converter for Java","PD4ML","output/by_producer/PD4ML. HTML to PDF Converter for Java/3OHZBJVNLM4IAL6GLY3AKUQIVCNLPJLO_pre.pdf","output/by_producer/PD4ML. HTML to PDF Converter for Java/3OHZBJVNLM4IAL6GLY3AKUQIVCNLPJLO_post.pdf"
"ETHSNCYBMUXLZLAAB6PZK2GIO2E7ZEXK","TCPDF 2.5.000_PHP4 (http://www.tcpdf.org)","Joomla! 1.5 - Open Source Content Management","TCPDF 2.5.000_PHP4 (http___www.tcpdf.org)","TCPDF","output/by_producer/TCPDF 2.5.000_PHP4 (http___www.tcpdf.org)/ETHSNCYBMUXLZLAAB6PZK2GIO2E7ZEXK_pre.pdf","output/by_producer/TCPDF 2.5.000_PHP4 (http___www.tcpdf.org)/ETHSNCYBMUXLZLAAB6PZK2GIO2E7ZEXK_post.pdf"
"H65TKD4D2Z32SZHRLYLOHIMM25T4C5S3","Acrobat Distiller 8.2.3 (Windows)","PScript5.dll Version 5.2.2","Acrobat Distiller 8.2.3 (Windows)","Acrobat_Distiller","output/by_producer/Acrobat Distiller 8.2.3 (Windows)/H65TKD4D2Z32SZHRLYLOHIMM25T4C5S3_pre.pdf","output/by_producer/Acrobat Distiller 8.2.3 (Windows)/H65TKD4D2Z32SZHRLYLOHIMM25T4C5S3_post.pdf"
"G7GQJSD3U6NDHK7ARFEAMSCRRBPN7S5D","activePDF Server","Server http://www.activepdf.com","activePDF Server","Unknown","output/by_producer/activePDF Server/G7GQJSD3U6NDHK7ARFEAMSCRRBPN7S5D_pre.pdf","output/by_producer/activePDF Server/G7GQJSD3U6NDHK7ARFEAMSCRRBPN7S5D_post.pdf"
"CMKTEAMIWZYAZM4XVNX6MDAOWI4G7VD6","Acrobat PDFWriter 5.0 for Windows NT","WordPerfect 12 - [G:\CRORDERS\J\Jones_Larry\Jones suppression R&R.wpd]","Acrobat PDFWriter 5.0 for Windows NT","Acrobat_PDFWriter","output/by_producer/Acrobat PDFWriter 5.0 for Windows NT/CMKTEAMIWZYAZM4XVNX6MDAOWI4G7VD6_pre.pdf","output/by_producer/Acrobat PDFWriter 5.0 for Windows NT/CMKTEAMIWZYAZM4XVNX6MDAOWI4G7VD6_post.pdf"
"OHTNKYOXYDGU2LJ65NZHLLFUCLSNEGNU","Acrobat Distiller 9.0.0 (Windows)","PScript5.dll Version 5.2.2","Acrobat Distiller 9.0.0 (Windows)","Acrobat_Distiller","output/by_producer/Acrobat Distiller 9.0.0 (Windows)/OHTNKYOXYDGU2LJ65NZHLLFUCLSNEGNU_pre.pdf","output/by_producer/Acrobat Distiller 9.0.0 (Windows)/OHTNKYOXYDGU2LJ65NZHLLFUCLSNEGNU_post.pdf"
"YBADYKBNS5RN7M3CAMP75XV6Y2DQH2U6","Acrobat Distiller 5.0.5 (Windows)","PScript5.dll Version 5.2.2","Acrobat Distiller 5.0.5 (Windows)","Acrobat_Distiller","output/by_producer/Acrobat Distiller 5.0.5 (Windows)/YBADYKBNS5RN7M3CAMP75XV6Y2DQH2U6_pre.pdf","output/by_producer/Acrobat Distiller 5.0.5 (Windows)/YBADYKBNS5RN7M3CAMP75XV6Y2DQH2U6_post.pdf"
"BI5TFHTLJDOJCIYTD6D2PM5OBALKZ4QX","PDFlib+PDI 7.0.4 (Win32)","Arbortext 5.4","PDFlib+PDI 7.0.4 (Win32)","PDFlib_PDI","output/by_producer/PDFlib+PDI 7.0.4 (Win32)/BI5TFHTLJDOJCIYTD6D2PM5OBALKZ4QX_pre.pdf","output/by_producer/PDFlib+PDI 7.0.4 (Win32)/BI5TFHTLJDOJCIYTD6D2PM5OBALKZ4QX_post.pdf"
"POKED5F2QVX266ONHVMGK7AGDJDU7OYQ","Microsoft® Word 2010","Microsoft® Word 2010","Microsoft® Word 2010","Microsoft_Office","output/by_producer/Microsoft® Word 2010/POKED5F2QVX266ONHVMGK7AGDJDU7OYQ_pre.pdf","output/by_producer/Microsoft® Word 2010/POKED5F2QVX266ONHVMGK7AGDJDU7OYQ_post.pdf"
"FOCUMOSF3I3TKMLBTGIAMN4HZRA6OBPT","TCPDF 2.5.000_PHP4 (http://www.tcpdf.org)","Joomla! 1.5 - Open Source Content Management","TCPDF 2.5.000_PHP4 (http___www.tcpdf.org)","TCPDF","output/by_producer/TCPDF 2.5.000_PHP4 (http___www.tcpdf.org)/FOCUMOSF3I3TKMLBTGIAMN4HZRA6OBPT_pre.pdf","output/by_producer/TCPDF 2.5.000_PHP4 (http___www.tcpdf.org)/FOCUMOSF3I3TKMLBTGIAMN4HZRA6OBPT_post.pdf"
"GHHN226SIBRDZ5Y52XT5WBU2Y6HS4C6P","Unknown producer","Google","Unknown producer","Unknown","output/by_producer/Unknown producer/GHHN226SIBRDZ5Y52XT5WBU2Y6HS4C6P_pre.pdf","output/by_producer/Unknown producer/GHHN226SIBRDZ5Y52XT5WBU2Y6HS4C6P_post.pdf"
"DROYHKJATHTGQRNXG6PEDVKVXILMNNET","Acrobat Distiller 8.1.0 (Windows)","Acrobat PDFMaker 8.1 for Word","Acrobat Distiller 8.1.0 (Windows)","Acrobat_Distiller","output/by_producer/Acrobat Distiller 8.1.0 (Windows)/DROYHKJATHTGQRNXG6PEDVKVXILMNNET_pre.pdf","output/by_producer/Acrobat Distiller 8.1.0 (Windows)/DROYHKJATHTGQRNXG6PEDVKVXILMNNET_post.pdf"
"V43BBGOXKQVDHJ3ICAOI3APQSTRGNTKB","libtiff / tiff2pdf - 20100615","-","libtiff _ tiff2pdf - 20100615","libtiff_tiff2pdf","output/by_producer/libtiff _ tiff2pdf - 20100615/V43BBGOXKQVDHJ3ICAOI3APQSTRGNTKB_pre.pdf","output/by_producer/libtiff _ tiff2pdf - 20100615/V43BBGOXKQVDHJ3ICAOI3APQSTRGNTKB_post.pdf"
"R7RUWIVERCT2LRQCIKTTVL3SXF4P4HEP","MFPImgLib V3.0","TOSHIBA e-STUDIO353","MFPImgLib V3.0","Unknown","output/by_producer/MFPImgLib V3.0/R7RUWIVERCT2LRQCIKTTVL3SXF4P4HEP_pre.pdf","output/by_producer/MFPImgLib V3.0/R7RUWIVERCT2LRQCIKTTVL3SXF4P4HEP_post.pdf"
"BYAGGYJAJF54MOS44JDLAZJZ2CJNQXNH","Acrobat Distiller 7.0.5 (Windows)","Acrobat PDFMaker 7.0.5 for Word","Acrobat Distiller 7.0.5 (Windows)","Acrobat_Distiller","output/by_producer/Acrobat Distiller 7.0.5 (Windows)/BYAGGYJAJF54MOS44JDLAZJZ2CJNQXNH_pre.pdf","output/by_producer/Acrobat Distiller 7.0.5 (Windows)/BYAGGYJAJF54MOS44JDLAZJZ2CJNQXNH_post.pdf"
"JBHIRIZUQZPQ57WERXLX567KMHIZQQG7","TCPDF 2.5.000_PHP4 (http://www.tcpdf.org)","Joomla! 1.5 - Open Source Content Management","TCPDF 2.5.000_PHP4 (http___www.tcpdf.org)","TCPDF","output/by_producer/TCPDF 2.5.000_PHP4 (http___www.tcpdf.org)/JBHIRIZUQZPQ57WERXLX567KMHIZQQG7_pre.pdf","output/by_producer/TCPDF 2.5.000_PHP4 (http___www.tcpdf.org)/JBHIRIZUQZPQ57WERXLX567KMHIZQQG7_post.pdf"
"LDLCDEPVQ225ADIF33NSEBYX3Z3AE4TX","Artifex Ghostscript 8.54","MATLAB, The MathWorks, Inc. Version 8.1.0.604 (R2013a). Operating System: Linux 2.6.32-504.23.4.el6.x86_64 #1 SMP Fri May 29 10:16:43 EDT 2015 x86_64.","Artifex Ghostscript 8.54","Ghostscript","output/by_producer/Artifex Ghostscript 8.54/LDLCDEPVQ225ADIF33NSEBYX3Z3AE4TX_pre.pdf","output/by_producer/Artifex Ghostscript 8.54/LDLCDEPVQ225ADIF33NSEBYX3Z3AE4TX_post.pdf"
"Z3WZ7DRI3LWQUHWWRHOMKHBF3A5L4NTD","Acrobat PDFWriter 3.02 for Windows","Message","Acrobat PDFWriter 3.02 for Windows","Acrobat_PDFWriter","output/by_producer/Acrobat PDFWriter 3.02 for Windows/Z3WZ7DRI3LWQUHWWRHOMKHBF3A5L4NTD_pre.pdf","output/by_producer/Acrobat PDFWriter 3.02 for Windows/Z3WZ7DRI3LWQUHWWRHOMKHBF3A5L4NTD_post.pdf"
"SCXLRF5DK4NDSP4RXGJFZJMY5D6BK7MY","sspdflib 1.0 http://www.scansoft.com","PaperPort http://www.scansoft.com","sspdflib 1.0 http___www.scansoft.com","Unknown","output/by_producer/sspdflib 1.0 http___www.scansoft.com/SCXLRF5DK4NDSP4RXGJFZJMY5D6BK7MY_pre.pdf","output/by_producer/sspdflib 1.0 http___www.scansoft.com/SCXLRF5DK4NDSP4RXGJFZJMY5D6BK7MY_post.pdf"
"QU4F5C3GPRUAV463D7PN5NXHKFCWJETA","Acrobat Distiller 8.0.0 (Windows)","PScript5.dll Version 5.2","Acrobat Distiller 8.0.0 (Windows)","Acrobat_Distiller","output/by_producer/Acrobat Distiller 8.0.0 (Windows)/QU4F5C3GPRUAV463D7PN5NXHKFCWJETA_pre.pdf","output/by_producer/Acrobat Distiller 8.0.0 (Windows)/QU4F5C3GPRUAV463D7PN5NXHKFCWJETA_post.pdf"
"XKCHYHXJXXWHZHTFNEIMA4IJZSXJSLLZ","Acrobat Distiller 8.0.0 (Windows)","Acrobat PDFMaker 8.0 for Word","Acrobat Distiller 8.0.0 (Windows)","Acrobat_Distiller","output/by_producer/Acrobat Distiller 8.0.0 (Windows)/XKCHYHXJXXWHZHTFNEIMA4IJZSXJSLLZ_pre.pdf","output/by_producer/Acrobat Distiller 8.0.0 (Windows)/XKCHYHXJXXWHZHTFNEIMA4IJZSXJSLLZ_post.pdf"
"6MVFNNKY5VH3TCVPVECRH6YBKKZQMUFA","Adobe Acrobat 7.0 Paper Capture Plug-in","Adobe Acrobat 7.0","Adobe Acrobat 7.0 Paper Capture Plug-in","Capture_Scan_Plugins","output/by_producer/Adobe Acrobat 7.0 Paper Capture Plug-in/6MVFNNKY5VH3TCVPVECRH6YBKKZQMUFA_pre.pdf","output/by_producer/Adobe Acrobat 7.0 Paper Capture Plug-in/6MVFNNKY5VH3TCVPVECRH6YBKKZQMUFA_post.pdf"
"7AOKCH7TMDCIAHWMUUSKUZBGPH3T5P5N","Acrobat Distiller 7.0 (Windows)","Acrobat PDFMaker 7.0 for Word","Acrobat Distiller 7.0 (Windows)","Acrobat_Distiller","output/by_producer/Acrobat Distiller 7.0 (Windows)/7AOKCH7TMDCIAHWMUUSKUZBGPH3T5P5N_pre.pdf","output/by_producer/Acrobat Distiller 7.0 (Windows)/7AOKCH7TMDCIAHWMUUSKUZBGPH3T5P5N_post.pdf"
"UOACIWTADOMG5C2EIMOJ5VQGHCQCBIIR","Acrobat Distiller 8.1.0 (Windows)","Acrobat PDFMaker 8.1 for Word","Acrobat Distiller 8.1.0 (Windows)","Acrobat_Distiller","output/by_producer/Acrobat Distiller 8.1.0 (Windows)/UOACIWTADOMG5C2EIMOJ5VQGHCQCBIIR_pre.pdf","output/by_producer/Acrobat Distiller 8.1.0 (Windows)/UOACIWTADOMG5C2EIMOJ5VQGHCQCBIIR_post.pdf"
"47HBHTDSTAKCJIYQ22345FHWVNVJMXJL","Acrobat PDFWriter 3.02 for Windows NT","-","Acrobat PDFWriter 3.02 for Windows NT","Acrobat_PDFWriter","output/by_producer/Acrobat PDFWriter 3.02 for Windows NT/47HBHTDSTAKCJIYQ22345FHWVNVJMXJL_pre.pdf","output/by_producer/Acrobat PDFWriter 3.02 for Windows NT/47HBHTDSTAKCJIYQ22345FHWVNVJMXJL_post.pdf"
"ZYUTCEHUM7TZDJS75XRY72MWSWNR2QPF","Acrobat PDFWriter 5.0 for Windows NT","Microsoft PowerPoint - [P3935.ppt]","Acrobat PDFWriter 5.0 for Windows NT","Acrobat_PDFWriter","output/by_producer/Acrobat PDFWriter 5.0 for Windows NT/ZYUTCEHUM7TZDJS75XRY72MWSWNR2QPF_pre.pdf","output/by_producer/Acrobat PDFWriter 5.0 for Windows NT/ZYUTCEHUM7TZDJS75XRY72MWSWNR2QPF_post.pdf"
"KJJGH37ZCWZ4JWRQ46LKRMLAD7AZZUQX","Acrobat Distiller 11.0 (Windows)","PScript5.dll Version 5.2.2","Acrobat Distiller 11.0 (Windows)","Acrobat_Distiller","output/by_producer/Acrobat Distiller 11.0 (Windows)/KJJGH37ZCWZ4JWRQ46LKRMLAD7AZZUQX_pre.pdf","output/by_producer/Acrobat Distiller 11.0 (Windows)/KJJGH37ZCWZ4JWRQ46LKRMLAD7AZZUQX_post.pdf"
"F4W34PLIHPDTMPAVT42EVI6EOISWUJ2C","Acrobat Distiller 8.0.0 (Windows)","PScript5.dll Version 5.2","Acrobat Distiller 8.0.0 (Windows)","Acrobat_Distiller","output/by_producer/Acrobat Distiller 8.0.0 (Windows)/F4W34PLIHPDTMPAVT42EVI6EOISWUJ2C_pre.pdf","output/by_producer/Acrobat Distiller 8.0.0 (Windows)/F4W34PLIHPDTMPAVT42EVI6EOISWUJ2C_post.pdf"
"AEJC2MUHWWSV5JKM6Q34CUY7QK4LVHP7","GPL Ghostscript 8.70","ROOT Version 5.34/14","GPL Ghostscript 8.70","Ghostscript","output/by_producer/GPL Ghostscript 8.70/AEJC2MUHWWSV5JKM6Q34CUY7QK4LVHP7_pre.pdf","output/by_producer/GPL Ghostscript 8.70/AEJC2MUHWWSV5JKM6Q34CUY7QK4LVHP7_post.pdf"
"3EG2SKQ4OJ5RGGAPXC4LPRAYJJJNH2XO","Adobe Acrobat Pro 11.0.0","Adobe Acrobat Pro 11.0.0","Adobe Acrobat Pro 11.0.0","Unknown","output/by_producer/Adobe Acrobat Pro 11.0.0/3EG2SKQ4OJ5RGGAPXC4LPRAYJJJNH2XO_pre.pdf","output/by_producer/Adobe Acrobat Pro 11.0.0/3EG2SKQ4OJ5RGGAPXC4LPRAYJJJNH2XO_post.pdf"
"VC5EUPXAEEJEGF7MR4MD4FP7EYAQBMFK","Acrobat Distiller 7.0.5 (Windows)","PScript5.dll Version 5.2","Acrobat Distiller 7.0.5 (Windows)","Acrobat_Distiller","output/by_producer/Acrobat Distiller 7.0.5 (Windows)/VC5EUPXAEEJEGF7MR4MD4FP7EYAQBMFK_pre.pdf","output/by_producer/Acrobat Distiller 7.0.5 (Windows)/VC5EUPXAEEJEGF7MR4MD4FP7EYAQBMFK_post.pdf"
"LLMXYLFSHQA3ZZUSNU4HCBJQ24N7LH6U","Acrobat Distiller 4.0 for Windows","ACOMP.exe WinVer 1c14 Aug 18 2005","Acrobat Distiller 4.0 for Windows","Acrobat_Distiller","output/by_producer/Acrobat Distiller 4.0 for Windows/LLMXYLFSHQA3ZZUSNU4HCBJQ24N7LH6U_pre.pdf","output/by_producer/Acrobat Distiller 4.0 for Windows/LLMXYLFSHQA3ZZUSNU4HCBJQ24N7LH6U_post.pdf"
"3IFL3YAHHYK5PMUEVWZZ2PHZ7TYPPTET","Acrobat Distiller 5.0.5 (Windows)","ACOMP.exe WinVer 1c15 Aug 31 2005","Acrobat Distiller 5.0.5 (Windows)","Acrobat_Distiller","output/by_producer/Acrobat Distiller 5.0.5 (Windows)/3IFL3YAHHYK5PMUEVWZZ2PHZ7TYPPTET_pre.pdf","output/by_producer/Acrobat Distiller 5.0.5 (Windows)/3IFL3YAHHYK5PMUEVWZZ2PHZ7TYPPTET_post.pdf"
"KVHILAJFL5JLBNQSY47V3U5QMWNYXI43","Acrobat Distiller 5.0 (Windows)","ACOMP.exe WinVer 1c15 Aug 31 2005","Acrobat Distiller 5.0 (Windows)","Acrobat_Distiller","output/by_producer/Acrobat Distiller 5.0 (Windows)/KVHILAJFL5JLBNQSY47V3U5QMWNYXI43_pre.pdf","output/by_producer/Acrobat Distiller 5.0 (Windows)/KVHILAJFL5JLBNQSY47V3U5QMWNYXI43_post.pdf"
"O6K6RC2TPUGKD4NJLXH6KUVRELRT5PWG","PrettyPDF by JoomlAtWork.com","-","PrettyPDF by JoomlAtWork.com","Unknown","output/by_producer/PrettyPDF by JoomlAtWork.com/O6K6RC2TPUGKD4NJLXH6KUVRELRT5PWG_pre.pdf","output/by_producer/PrettyPDF by JoomlAtWork.com/O6K6RC2TPUGKD4NJLXH6KUVRELRT5PWG_post.pdf"
"JPJTTR2LAET64POSYUE4D3TMSHZ7QW67","Acrobat PDFWriter 5.0 for Windows NT","Foreign Nationals.web.doc - Microsoft Word","Acrobat PDFWriter 5.0 for Windows NT","Acrobat_PDFWriter","output/by_producer/Acrobat PDFWriter 5.0 for Windows NT/JPJTTR2LAET64POSYUE4D3TMSHZ7QW67_pre.pdf","output/by_producer/Acrobat PDFWriter 5.0 for Windows NT/JPJTTR2LAET64POSYUE4D3TMSHZ7QW67_post.pdf"
"YTZFSDRLFKSKIT5B6YTESDKRXLM2ZBWZ","Acrobat Distiller 3.01 for Windows","ACOMP.exe V010 11-MAY-2000","Acrobat Distiller 3.01 for Windows","Acrobat_Distiller","output/by_producer/Acrobat Distiller 3.01 for Windows/YTZFSDRLFKSKIT5B6YTESDKRXLM2ZBWZ_pre.pdf","output/by_producer/Acrobat Distiller 3.01 for Windows/YTZFSDRLFKSKIT5B6YTESDKRXLM2ZBWZ_post.pdf"
"OW26QBLLEQRZH5PWHLAQGVI427SWTZUM","Unknown producer","-","Unknown producer","Unknown","output/by_producer/Unknown producer/OW26QBLLEQRZH5PWHLAQGVI427SWTZUM_pre.pdf","output/by_producer/Unknown producer/OW26QBLLEQRZH5PWHLAQGVI427SWTZUM_post.pdf"
"TQSAKC5ZXKO27EPBJ7HLTN2K3CW5L4MR","TCPDF 2.5.000_PHP4 (http://www.tcpdf.org)","Joomla! 1.5 - Open Source Content Management","TCPDF 2.5.000_PHP4 (http___www.tcpdf.org)","TCPDF","output/by_producer/TCPDF 2.5.000_PHP4 (http___www.tcpdf.org)/TQSAKC5ZXKO27EPBJ7HLTN2K3CW5L4MR_pre.pdf","output/by_producer/TCPDF 2.5.000_PHP4 (http___www.tcpdf.org)/TQSAKC5ZXKO27EPBJ7HLTN2K3CW5L4MR_post.pdf"
"ZBBJMP3UTNWVC7OUQZMQW3TDIOEAVTVS","TCPDF 2.5.000_PHP4 (http://www.tcpdf.org)","Joomla! 1.5 - Open Source Content Management","TCPDF 2.5.000_PHP4 (http___www.tcpdf.org)","TCPDF","output/by_producer/TCPDF 2.5.000_PHP4 (http___www.tcpdf.org)/ZBBJMP3UTNWVC7OUQZMQW3TDIOEAVTVS_pre.pdf","output/by_producer/TCPDF 2.5.000_PHP4 (http___www.tcpdf.org)/ZBBJMP3UTNWVC7OUQZMQW3TDIOEAVTVS_post.pdf"
"P4FT3X7LU5QLFKV5FV4G6OTMOTKXTVO3","htmldoc 1.8.8 Copyright 1997-2000 Easy Software Products, All Rights Reserved.","-","htmldoc 1.8.8 Copyright 1997-2000 Easy Software Products, All Rights Reserved.","Unknown","output/by_producer/htmldoc 1.8.8 Copyright 1997-2000 Easy Software Products, All Rights Reserved./P4FT3X7LU5QLFKV5FV4G6OTMOTKXTVO3_pre.pdf","output/by_producer/htmldoc 1.8.8 Copyright 1997-2000 Easy Software Products, All Rights Reserved./P4FT3X7LU5QLFKV5FV4G6OTMOTKXTVO3_post.pdf"
"V5BPYCHUXYL6NY7HNB7SZHSWT7J7W6GC","Acrobat Distiller 5.0 (Windows)","Acrobat PDFMaker 5.0 for Word","Acrobat Distiller 5.0 (Windows)","Acrobat_Distiller","output/by_producer/Acrobat Distiller 5.0 (Windows)/V5BPYCHUXYL6NY7HNB7SZHSWT7J7W6GC_pre.pdf","output/by_producer/Acrobat Distiller 5.0 (Windows)/V5BPYCHUXYL6NY7HNB7SZHSWT7J7W6GC_post.pdf"
"U36BZP574S3IQ7SGZYCFBDLL7ZYAAG6I","QuarkXPress(tm) 6.5","QuarkXPress(tm) 6.5","QuarkXPress(tm) 6.5","Unknown","output/by_producer/QuarkXPress(tm) 6.5/U36BZP574S3IQ7SGZYCFBDLL7ZYAAG6I_pre.pdf","output/by_producer/QuarkXPress(tm) 6.5/U36BZP574S3IQ7SGZYCFBDLL7ZYAAG6I_post.pdf"
"EE7766LOROEVENPPH5YSSIV3Q63HP5TN","TCPDF 2.5.000_PHP4 (http://www.tcpdf.org)","Joomla! 1.5 - Open Source Content Management","TCPDF 2.5.000_PHP4 (http___www.tcpdf.org)","TCPDF","output/by_producer/TCPDF 2.5.000_PHP4 (http___www.tcpdf.org)/EE7766LOROEVENPPH5YSSIV3Q63HP5TN_pre.pdf","output/by_producer/TCPDF 2.5.000_PHP4 (http___www.tcpdf.org)/EE7766LOROEVENPPH5YSSIV3Q63HP5TN_post.pdf"
"SPSFGPN6ASQKEKHHC33ELAD2CBFEPKXM","TCPDF 2.5.000_PHP4 (http://www.tcpdf.org)","Joomla! 1.5 - Open Source Content Management","TCPDF 2.5.000_PHP4 (http___www.tcpdf.org)","TCPDF","output/by_producer/TCPDF 2.5.000_PHP4 (http___www.tcpdf.org)/SPSFGPN6ASQKEKHHC33ELAD2CBFEPKXM_pre.pdf","output/by_producer/TCPDF 2.5.000_PHP4 (http___www.tcpdf.org)/SPSFGPN6ASQKEKHHC33ELAD2CBFEPKXM_post.pdf"
"DQSGXNBZHHZWC6653JA34RT56TTUZ6W5","Acrobat Distiller 7.0.5 (Windows)","PScript5.dll Version 5.2.2","Acrobat Distiller 7.0.5 (Windows)","Acrobat_Distiller","output/by_producer/Acrobat Distiller 7.0.5 (Windows)/DQSGXNBZHHZWC6653JA34RT56TTUZ6W5_pre.pdf","output/by_producer/Acrobat Distiller 7.0.5 (Windows)/DQSGXNBZHHZWC6653JA34RT56TTUZ6W5_post.pdf"
"KWL6TCYCODD5ODQXOPLOAX46TIM557CL","libtiff / tiff2pdf - 20100615","-","libtiff _ tiff2pdf - 20100615","libtiff_tiff2pdf","output/by_producer/libtiff _ tiff2pdf - 20100615/KWL6TCYCODD5ODQXOPLOAX46TIM557CL_pre.pdf","output/by_producer/libtiff _ tiff2pdf - 20100615/KWL6TCYCODD5ODQXOPLOAX46TIM557CL_post.pdf"
"7RVVK7WHY6HBTX3RU6AVLEEPLNLNQQDZ","Acrobat PDFWriter 3.02 for Windows","-","Acrobat PDFWriter 3.02 for Windows","Acrobat_PDFWriter","output/by_producer/Acrobat PDFWriter 3.02 for Windows/7RVVK7WHY6HBTX3RU6AVLEEPLNLNQQDZ_pre.pdf","output/by_producer/Acrobat PDFWriter 3.02 for Windows/7RVVK7WHY6HBTX3RU6AVLEEPLNLNQQDZ_post.pdf"
"22ZOCVPAF2GSGXR357RM7UT4Z22RS2LH","Acrobat Distiller 5.0 (Windows)","Acrobat PDFMaker 5.0 for Excel","Acrobat Distiller 5.0 (Windows)","Acrobat_Distiller","output/by_producer/Acrobat Distiller 5.0 (Windows)/22ZOCVPAF2GSGXR357RM7UT4Z22RS2LH_pre.pdf","output/by_producer/Acrobat Distiller 5.0 (Windows)/22ZOCVPAF2GSGXR357RM7UT4Z22RS2LH_post.pdf"
"SQZPZ43CVWYDLJLFW4PW6MK5DXPWKUKL","TCPDF 6.0.064 (http://www.tcpdf.org)","District of Utah","TCPDF 6.0.064 (http___www.tcpdf.org)","TCPDF","output/by_producer/TCPDF 6.0.064 (http___www.tcpdf.org)/SQZPZ43CVWYDLJLFW4PW6MK5DXPWKUKL_pre.pdf","output/by_producer/TCPDF 6.0.064 (http___www.tcpdf.org)/SQZPZ43CVWYDLJLFW4PW6MK5DXPWKUKL_post.pdf"
"6C5QST2YJX7GA4BOHPZK66SWOSEATYGO","TCPDF 2.5.000_PHP4 (http://www.tcpdf.org)","Joomla! 1.5 - Open Source Content Management","TCPDF 2.5.000_PHP4 (http___www.tcpdf.org)","TCPDF","output/by_producer/TCPDF 2.5.000_PHP4 (http___www.tcpdf.org)/6C5QST2YJX7GA4BOHPZK66SWOSEATYGO_pre.pdf","output/by_producer/TCPDF 2.5.000_PHP4 (http___www.tcpdf.org)/6C5QST2YJX7GA4BOHPZK66SWOSEATYGO_post.pdf"
"H75CHMEGQV5GB7Y4YQS4OYSBCPHUFFBY","Unknown producer","-","Unknown producer","Unknown","output/by_producer/Unknown producer/H75CHMEGQV5GB7Y4YQS4OYSBCPHUFFBY_pre.pdf","output/by_producer/Unknown producer/H75CHMEGQV5GB7Y4YQS4OYSBCPHUFFBY_post.pdf"
"XMW6SGXOJREQ4QRTL4QUIV76ZB4733MN","Acrobat Distiller 9.5.0 (Windows)","FrameMaker 9.0","Acrobat Distiller 9.5.0 (Windows)","Acrobat_Distiller","output/by_producer/Acrobat Distiller 9.5.0 (Windows)/XMW6SGXOJREQ4QRTL4QUIV76ZB4733MN_pre.pdf","output/by_producer/Acrobat Distiller 9.5.0 (Windows)/XMW6SGXOJREQ4QRTL4QUIV76ZB4733MN_post.pdf"
"VLF7KA6JL4JZHRZRBIXSQUKFDMTF5R6Y","Acrobat Distiller 6.0.1 (Windows)","PScript5.dll Version 5.2.2","Acrobat Distiller 6.0.1 (Windows)","Acrobat_Distiller","output/by_producer/Acrobat Distiller 6.0.1 (Windows)/VLF7KA6JL4JZHRZRBIXSQUKFDMTF5R6Y_pre.pdf","output/by_producer/Acrobat Distiller 6.0.1 (Windows)/VLF7KA6JL4JZHRZRBIXSQUKFDMTF5R6Y_post.pdf"
"XE4PKDJKVYU47OEWXRLEWILHJHQQZURY","CPY Document Producer","CPY Document Creator","CPY Document Producer","Unknown","output/by_producer/CPY Document Producer/XE4PKDJKVYU47OEWXRLEWILHJHQQZURY_pre.pdf","output/by_producer/CPY Document Producer/XE4PKDJKVYU47OEWXRLEWILHJHQQZURY_post.pdf"
"47MF5MPMCKI6IZUM67ZZF3JWE2D42DLM","pdfFactory v1.57 (Windows XP)","pdfFactory http://www.pdffactory.com","pdfFactory v1.57 (Windows XP)","Unknown","output/by_producer/pdfFactory v1.57 (Windows XP)/47MF5MPMCKI6IZUM67ZZF3JWE2D42DLM_pre.pdf","output/by_producer/pdfFactory v1.57 (Windows XP)/47MF5MPMCKI6IZUM67ZZF3JWE2D42DLM_post.pdf"
"5DRAZXKISWU5KHFNDUABKC7KUKS6IXDK","Acrobat Distiller 6.0 (Windows)","PScript5.dll Version 5.2","Acrobat Distiller 6.0 (Windows)","Acrobat_Distiller","output/by_producer/Acrobat Distiller 6.0 (Windows)/5DRAZXKISWU5KHFNDUABKC7KUKS6IXDK_pre.pdf","output/by_producer/Acrobat Distiller 6.0 (Windows)/5DRAZXKISWU5KHFNDUABKC7KUKS6IXDK_post.pdf"
"KUHZYBRS6BEYSNUBQ3WGCKIFFDWLBVLM","Acrobat Distiller 8.3.0 (Windows)","PScript5.dll Version 5.2.2","Acrobat Distiller 8.3.0 (Windows)","Acrobat_Distiller","output/by_producer/Acrobat Distiller 8.3.0 (Windows)/KUHZYBRS6BEYSNUBQ3WGCKIFFDWLBVLM_pre.pdf","output/by_producer/Acrobat Distiller 8.3.0 (Windows)/KUHZYBRS6BEYSNUBQ3WGCKIFFDWLBVLM_post.pdf"
"EI4NKIFHUUATUUEER4SDXP6EZNJK7GQH","Unknown producer","R and OS php pdf writer, http://www.ros.co.nz","Unknown producer","Unknown","output/by_producer/Unknown producer/EI4NKIFHUUATUUEER4SDXP6EZNJK7GQH_pre.pdf","output/by_producer/Unknown producer/EI4NKIFHUUATUUEER4SDXP6EZNJK7GQH_post.pdf"
"HMYPEMBWIZMDVVYG6NEUNDFWGI2QTKYK","Acrobat Distiller 8.1.0 (Windows)","Acrobat PDFMaker 8.1 for Word","Acrobat Distiller 8.1.0 (Windows)","Acrobat_Distiller","output/by_producer/Acrobat Distiller 8.1.0 (Windows)/HMYPEMBWIZMDVVYG6NEUNDFWGI2QTKYK_pre.pdf","output/by_producer/Acrobat Distiller 8.1.0 (Windows)/HMYPEMBWIZMDVVYG6NEUNDFWGI2QTKYK_post.pdf"
"7N6KRBZIEFV4F5QLLW3GBF6LKNNWSWVB","Corel PDF Engine Version 11.2.0.499","Print Server 120","Corel PDF Engine Version 11.2.0.499","Corel_PDF_Engine","output/by_producer/Corel PDF Engine Version 11.2.0.499/7N6KRBZIEFV4F5QLLW3GBF6LKNNWSWVB_pre.pdf","output/by_producer/Corel PDF Engine Version 11.2.0.499/7N6KRBZIEFV4F5QLLW3GBF6LKNNWSWVB_post.pdf"
"BYKJN2BUL5GMFA37AT54WTXVMPB5CXQL","Acrobat Distiller 4.0 for Windows","-","Acrobat Distiller 4.0 for Windows","Acrobat_Distiller","output/by_producer/Acrobat Distiller 4.0 for Windows/BYKJN2BUL5GMFA37AT54WTXVMPB5CXQL_pre.pdf","output/by_producer/Acrobat Distiller 4.0 for Windows/BYKJN2BUL5GMFA37AT54WTXVMPB5CXQL_post.pdf"
"QAPP7VH3R3TX4TUR6WSDP6HW52K2LPAK","Acrobat Distiller 4.0 for Windows","ACOMP.exe WinVer 1c15 Aug 31 2005","Acrobat Distiller 4.0 for Windows","Acrobat_Distiller","output/by_producer/Acrobat Distiller 4.0 for Windows/QAPP7VH3R3TX4TUR6WSDP6HW52K2LPAK_pre.pdf","output/by_producer/Acrobat Distiller 4.0 for Windows/QAPP7VH3R3TX4TUR6WSDP6HW52K2LPAK_post.pdf"
"ZKGOIITRHIYI24D2FHP5NHRNQAWT6IQM","Acrobat Distiller 6.0.1 (Windows)","PScript5.dll Version 5.2.2","Acrobat Distiller 6.0.1 (Windows)","Acrobat_Distiller","output/by_producer/Acrobat Distiller 6.0.1 (Windows)/ZKGOIITRHIYI24D2FHP5NHRNQAWT6IQM_pre.pdf","output/by_producer/Acrobat Distiller 6.0.1 (Windows)/ZKGOIITRHIYI24D2FHP5NHRNQAWT6IQM_post.pdf"
"TLEMGWPUDGVX354P7HMCSBPERXLZWHHD","Acrobat Distiller 7.0.5 (Windows)","Adobe Acrobat 7.0","Acrobat Distiller 7.0.5 (Windows)","Acrobat_Distiller","output/by_producer/Acrobat Distiller 7.0.5 (Windows)/TLEMGWPUDGVX354P7HMCSBPERXLZWHHD_pre.pdf","output/by_producer/Acrobat Distiller 7.0.5 (Windows)/TLEMGWPUDGVX354P7HMCSBPERXLZWHHD_post.pdf"
"INE663VOPVFVXLNIIAX5ZESMKE2X34Z3","Microsoft® Office Word 2007","Microsoft® Office Word 2007","Microsoft® Office Word 2007","Microsoft_Office","output/by_producer/Microsoft® Office Word 2007/INE663VOPVFVXLNIIAX5ZESMKE2X34Z3_pre.pdf","output/by_producer/Microsoft® Office Word 2007/INE663VOPVFVXLNIIAX5ZESMKE2X34Z3_post.pdf"
"MH3FFNRFQM4LT55ID7VX657NKPCRUB67","Unknown producer","-","Unknown producer","Unknown","output/by_producer/Unknown producer/MH3FFNRFQM4LT55ID7VX657NKPCRUB67_pre.pdf","output/by_producer/Unknown producer/MH3FFNRFQM4LT55ID7VX657NKPCRUB67_post.pdf"
"HPXULDFI3DAZ3V2NZOHYUGUY5SLS4AHU","Unknown producer","R and OS php pdf writer, http://www.ros.co.nz","Unknown producer","Unknown","output/by_producer/Unknown producer/HPXULDFI3DAZ3V2NZOHYUGUY5SLS4AHU_pre.pdf","output/by_producer/Unknown producer/HPXULDFI3DAZ3V2NZOHYUGUY5SLS4AHU_post.pdf"
"IO77HAUREG5W6P2DKSLD5HBNNDJU5SQI","AFPL Ghostscript 8.53","PDFCreator Version 0.9.1","AFPL Ghostscript 8.53","Ghostscript","output/by_producer/AFPL Ghostscript 8.53/IO77HAUREG5W6P2DKSLD5HBNNDJU5SQI_pre.pdf","output/by_producer/AFPL Ghostscript 8.53/IO77HAUREG5W6P2DKSLD5HBNNDJU5SQI_post.pdf"
"HHG5MLUR5GQ5MO622QRT7XNQRXCML7YP","TCPDF 2.5.000_PHP4 (http://www.tcpdf.org)","Joomla! 1.5 - Open Source Content Management","TCPDF 2.5.000_PHP4 (http___www.tcpdf.org)","TCPDF","output/by_producer/TCPDF 2.5.000_PHP4 (http___www.tcpdf.org)/HHG5MLUR5GQ5MO622QRT7XNQRXCML7YP_pre.pdf","output/by_producer/TCPDF 2.5.000_PHP4 (http___www.tcpdf.org)/HHG5MLUR5GQ5MO622QRT7XNQRXCML7YP_post.pdf"
"FGZMCFJCVNCWGNVLKUGB27JTHYPUFTIA","Acrobat Distiller 7.0.5 (Windows)","Acrobat PDFMaker 7.0.7 for Excel","Acrobat Distiller 7.0.5 (Windows)","Acrobat_Distiller","output/by_producer/Acrobat Distiller 7.0.5 (Windows)/FGZMCFJCVNCWGNVLKUGB27JTHYPUFTIA_pre.pdf","output/by_producer/Acrobat Distiller 7.0.5 (Windows)/FGZMCFJCVNCWGNVLKUGB27JTHYPUFTIA_post.pdf"
"OB54TYALNJNUFASVPJ6FQ4ZJGVQ2FJMM","Acrobat PDFMaker 15 for Word","Word","Acrobat PDFMaker 15 for Word","Unknown","output/by_producer/Acrobat PDFMaker 15 for Word/OB54TYALNJNUFASVPJ6FQ4ZJGVQ2FJMM_pre.pdf","output/by_producer/Acrobat PDFMaker 15 for Word/OB54TYALNJNUFASVPJ6FQ4ZJGVQ2FJMM_post.pdf"
"KYRWCK6XALX32MZI6BN7GYVF2FT57JPP","libtiff / tiff2pdf - 20050315 / d","-","libtiff _ tiff2pdf - 20050315 _ d","libtiff_tiff2pdf","output/by_producer/libtiff _ tiff2pdf - 20050315 _ d/KYRWCK6XALX32MZI6BN7GYVF2FT57JPP_pre.pdf","output/by_producer/libtiff _ tiff2pdf - 20050315 _ d/KYRWCK6XALX32MZI6BN7GYVF2FT57JPP_post.pdf"
"MMSNF4WV7XLHQFKEQYKHHH7GJPPQJQ7U","Acrobat Distiller 8.1.0 (Windows)","PScript5.dll Version 5.2.2","Acrobat Distiller 8.1.0 (Windows)","Acrobat_Distiller","output/by_producer/Acrobat Distiller 8.1.0 (Windows)/MMSNF4WV7XLHQFKEQYKHHH7GJPPQJQ7U_pre.pdf","output/by_producer/Acrobat Distiller 8.1.0 (Windows)/MMSNF4WV7XLHQFKEQYKHHH7GJPPQJQ7U_post.pdf"
"RHPH4OMXIVY3KFVPJQZYY5EH4MEK5YD6","PDFlib+PDI 6.0.2p5 (Win32)","Arbortext 5","PDFlib+PDI 6.0.2p5 (Win32)","PDFlib_PDI","output/by_producer/PDFlib+PDI 6.0.2p5 (Win32)/RHPH4OMXIVY3KFVPJQZYY5EH4MEK5YD6_pre.pdf","output/by_producer/PDFlib+PDI 6.0.2p5 (Win32)/RHPH4OMXIVY3KFVPJQZYY5EH4MEK5YD6_post.pdf"
"5CCWTN5UI7YVM55N2H5CXFYZ44PMKUB4","pdfc Amaranth PDF Compiler","-","pdfc Amaranth PDF Compiler","Unknown","output/by_producer/pdfc Amaranth PDF Compiler/5CCWTN5UI7YVM55N2H5CXFYZ44PMKUB4_pre.pdf","output/by_producer/pdfc Amaranth PDF Compiler/5CCWTN5UI7YVM55N2H5CXFYZ44PMKUB4_post.pdf"
"SPOQ5FUVLA2ZM5ITKZRVFHCP3MGMBPEX","Acrobat Distiller 7.0.5 (Windows)","Acrobat PDFMaker 7.0.7 for Word","Acrobat Distiller 7.0.5 (Windows)","Acrobat_Distiller","output/by_producer/Acrobat Distiller 7.0.5 (Windows)/SPOQ5FUVLA2ZM5ITKZRVFHCP3MGMBPEX_pre.pdf","output/by_producer/Acrobat Distiller 7.0.5 (Windows)/SPOQ5FUVLA2ZM5ITKZRVFHCP3MGMBPEX_post.pdf"
"ZZQLCOG5KWQV2VU4YXWFHHZJV6FDFGK5","TCPDF 2.5.000_PHP4 (http://www.tcpdf.org)","Joomla! 1.5 - Open Source Content Management","TCPDF 2.5.000_PHP4 (http___www.tcpdf.org)","TCPDF","output/by_producer/TCPDF 2.5.000_PHP4 (http___www.tcpdf.org)/ZZQLCOG5KWQV2VU4YXWFHHZJV6FDFGK5_pre.pdf","output/by_producer/TCPDF 2.5.000_PHP4 (http___www.tcpdf.org)/ZZQLCOG5KWQV2VU4YXWFHHZJV6FDFGK5_post.pdf"
"YNLCJNZRFQJRJIU3YQVQUE3QPGPXKT3V","Acrobat PDFWriter 3.01 for Windows NT","Unknown","Acrobat PDFWriter 3.01 for Windows NT","Acrobat_PDFWriter","output/by_producer/Acrobat PDFWriter 3.01 for Windows NT/YNLCJNZRFQJRJIU3YQVQUE3QPGPXKT3V_pre.pdf","output/by_producer/Acrobat PDFWriter 3.01 for Windows NT/YNLCJNZRFQJRJIU3YQVQUE3QPGPXKT3V_post.pdf"
"FPX7XMI7AP2GAD23QJNSAKAGCRPSZKTD","Acrobat Distiller 9.0.0 (Windows)","PScript5.dll Version 5.2.2","Acrobat Distiller 9.0.0 (Windows)","Acrobat_Distiller","output/by_producer/Acrobat Distiller 9.0.0 (Windows)/FPX7XMI7AP2GAD23QJNSAKAGCRPSZKTD_pre.pdf","output/by_producer/Acrobat Distiller 9.0.0 (Windows)/FPX7XMI7AP2GAD23QJNSAKAGCRPSZKTD_post.pdf"
"CRUX6GOFZIONS7TFHX7MGJWDZ5F636K6","Unknown producer","-","Unknown producer","Unknown","output/by_producer/Unknown producer/CRUX6GOFZIONS7TFHX7MGJWDZ5F636K6_pre.pdf","output/by_producer/Unknown producer/CRUX6GOFZIONS7TFHX7MGJWDZ5F636K6_post.pdf"
"6G5OZCK6EQTZ35IQ7FV4UW64WVMWAW4T","Acrobat Distiller 9.0.0 (Windows)","Acrobat PDFMaker 9.0 for Excel","Acrobat Distiller 9.0.0 (Windows)","Acrobat_Distiller","output/by_producer/Acrobat Distiller 9.0.0 (Windows)/6G5OZCK6EQTZ35IQ7FV4UW64WVMWAW4T_pre.pdf","output/by_producer/Acrobat Distiller 9.0.0 (Windows)/6G5OZCK6EQTZ35IQ7FV4UW64WVMWAW4T_post.pdf"
"Z2PBT7PYLNZKSJS4W7IDRXYXK55Y62YZ","Acrobat Distiller 7.0 (Windows)","Acrobat PDFMaker 7.0 for Word","Acrobat Distiller 7.0 (Windows)","Acrobat_Distiller","output/by_producer/Acrobat Distiller 7.0 (Windows)/Z2PBT7PYLNZKSJS4W7IDRXYXK55Y62YZ_pre.pdf","output/by_producer/Acrobat Distiller 7.0 (Windows)/Z2PBT7PYLNZKSJS4W7IDRXYXK55Y62YZ_post.pdf"
"YEMPNY7TF626LFEX6EAVGN22YCCW27OI","SAS Institute Inc.","9.01.01M3P02022006","SAS Institute Inc.","Unknown","output/by_producer/SAS Institute Inc./YEMPNY7TF626LFEX6EAVGN22YCCW27OI_pre.pdf","output/by_producer/SAS Institute Inc./YEMPNY7TF626LFEX6EAVGN22YCCW27OI_post.pdf"
"ZF3VSSCDPGCPC7BIYVD474NMD3TEZZW2","Acrobat Distiller 10.1.16 (Windows)","Adobe LiveCycle Designer ES 9.0","Acrobat Distiller 10.1.16 (Windows)","Acrobat_Distiller","output/by_producer/Acrobat Distiller 10.1.16 (Windows)/ZF3VSSCDPGCPC7BIYVD474NMD3TEZZW2_pre.pdf","output/by_producer/Acrobat Distiller 10.1.16 (Windows)/ZF3VSSCDPGCPC7BIYVD474NMD3TEZZW2_post.pdf"
"UHB2FR7SVNEMVG7ILGEDDB27TN3D4VF6","OmniPage 11 http://www.scansoft.com","OmniPage 11 http://www.scansoft.com","OmniPage 11 http___www.scansoft.com","Capture_Scan_Plugins","output/by_producer/OmniPage 11 http___www.scansoft.com/UHB2FR7SVNEMVG7ILGEDDB27TN3D4VF6_pre.pdf","output/by_producer/OmniPage 11 http___www.scansoft.com/UHB2FR7SVNEMVG7ILGEDDB27TN3D4VF6_post.pdf"
"GMASRQ5T6SZJ7CAIU73TNIHTPW7FWCE2","Acrobat Distiller 3.02","PSCRIPT.DRV Version 4.0","Acrobat Distiller 3.02","Acrobat_Distiller","output/by_producer/Acrobat Distiller 3.02/GMASRQ5T6SZJ7CAIU73TNIHTPW7FWCE2_pre.pdf","output/by_producer/Acrobat Distiller 3.02/GMASRQ5T6SZJ7CAIU73TNIHTPW7FWCE2_post.pdf"
"TMS7M2BLG2KPWG6X7X4M6HM6C6EOLKHA","Acrobat PDFWriter 4.0 for Power Macintosh","Corel WordPerfect","Acrobat PDFWriter 4.0 for Power Macintosh","Acrobat_PDFWriter","output/by_producer/Acrobat PDFWriter 4.0 for Power Macintosh/TMS7M2BLG2KPWG6X7X4M6HM6C6EOLKHA_pre.pdf","output/by_producer/Acrobat PDFWriter 4.0 for Power Macintosh/TMS7M2BLG2KPWG6X7X4M6HM6C6EOLKHA_post.pdf"
"YI6VCV5U4XK43LKHIXM2ZFEE3CMZSUVY","Microsoft® Office Word 2007","Microsoft® Office Word 2007","Microsoft® Office Word 2007","Microsoft_Office","output/by_producer/Microsoft® Office Word 2007/YI6VCV5U4XK43LKHIXM2ZFEE3CMZSUVY_pre.pdf","output/by_producer/Microsoft® Office Word 2007/YI6VCV5U4XK43LKHIXM2ZFEE3CMZSUVY_post.pdf"
"CUZ2NR6XAEBYXKYB5AQ2C5IEHOWRBC6E","TCPDF 2.5.000_PHP4 (http://www.tcpdf.org)","Joomla! 1.5 - Open Source Content Management","TCPDF 2.5.000_PHP4 (http___www.tcpdf.org)","TCPDF","output/by_producer/TCPDF 2.5.000_PHP4 (http___www.tcpdf.org)/CUZ2NR6XAEBYXKYB5AQ2C5IEHOWRBC6E_pre.pdf","output/by_producer/TCPDF 2.5.000_PHP4 (http___www.tcpdf.org)/CUZ2NR6XAEBYXKYB5AQ2C5IEHOWRBC6E_post.pdf"
"3SX4ZUITX7U6NVFXAEJBBJXEQ76IJFKV","TCPDF 2.5.000_PHP4 (http://www.tcpdf.org)","Joomla! 1.5 - Open Source Content Management","TCPDF 2.5.000_PHP4 (http___www.tcpdf.org)","TCPDF","output/by_producer/TCPDF 2.5.000_PHP4 (http___www.tcpdf.org)/3SX4ZUITX7U6NVFXAEJBBJXEQ76IJFKV_pre.pdf","output/by_producer/TCPDF 2.5.000_PHP4 (http___www.tcpdf.org)/3SX4ZUITX7U6NVFXAEJBBJXEQ76IJFKV_post.pdf"
"PHK242FKQAITIVOOF6EBPHOM52QEYIKJ","Acrobat Distiller 6.0 (Windows)","PScript5.dll Version 5.2","Acrobat Distiller 6.0 (Windows)","Acrobat_Distiller","output/by_producer/Acrobat Distiller 6.0 (Windows)/PHK242FKQAITIVOOF6EBPHOM52QEYIKJ_pre.pdf","output/by_producer/Acrobat Distiller 6.0 (Windows)/PHK242FKQAITIVOOF6EBPHOM52QEYIKJ_post.pdf"
"PLOHNC5FBG7GG7BN7IZ5TLOLYMGRDOY6","Acrobat Distiller 7.0.5 (Windows)","Acrobat PDFMaker 7.0.7 for Word","Acrobat Distiller 7.0.5 (Windows)","Acrobat_Distiller","output/by_producer/Acrobat Distiller 7.0.5 (Windows)/PLOHNC5FBG7GG7BN7IZ5TLOLYMGRDOY6_pre.pdf","output/by_producer/Acrobat Distiller 7.0.5 (Windows)/PLOHNC5FBG7GG7BN7IZ5TLOLYMGRDOY6_post.pdf"
"HQ3EDBUQ55MJVAAWB3KE7VYWLHAOXKRI","Acrobat Distiller 7.0 (Windows)","PScript5.dll Version 5.2.2","Acrobat Distiller 7.0 (Windows)","Acrobat_Distiller","output/by_producer/Acrobat Distiller 7.0 (Windows)/HQ3EDBUQ55MJVAAWB3KE7VYWLHAOXKRI_pre.pdf","output/by_producer/Acrobat Distiller 7.0 (Windows)/HQ3EDBUQ55MJVAAWB3KE7VYWLHAOXKRI_post.pdf"
"NHPAWYG2Y5MGFTUYVSJKJUDJ45RFRQWJ","Acrobat Distiller 6.0.1 (Windows)","PScript5.dll Version 5.2","Acrobat Distiller 6.0.1 (Windows)","Acrobat_Distiller","output/by_producer/Acrobat Distiller 6.0.1 (Windows)/NHPAWYG2Y5MGFTUYVSJKJUDJ45RFRQWJ_pre.pdf","output/by_producer/Acrobat Distiller 6.0.1 (Windows)/NHPAWYG2Y5MGFTUYVSJKJUDJ45RFRQWJ_post.pdf"
"7A3MBRLFC6OU5KGMFIDEQPUOQTROBYUS","Acrobat Distiller 7.0.5 (Windows)","Acrobat PDFMaker 7.0.7 for Word","Acrobat Distiller 7.0.5 (Windows)","Acrobat_Distiller","output/by_producer/Acrobat Distiller 7.0.5 (Windows)/7A3MBRLFC6OU5KGMFIDEQPUOQTROBYUS_pre.pdf","output/by_producer/Acrobat Distiller 7.0.5 (Windows)/7A3MBRLFC6OU5KGMFIDEQPUOQTROBYUS_post.pdf"
"EJG5HX3GR5KU4XBCF3L6VM6ZQGPEMYP6","Acrobat Distiller 7.0.5 (Windows)","Acrobat PDFMaker 7.0.7 for Word","Acrobat Distiller 7.0.5 (Windows)","Acrobat_Distiller","output/by_producer/Acrobat Distiller 7.0.5 (Windows)/EJG5HX3GR5KU4XBCF3L6VM6ZQGPEMYP6_pre.pdf","output/by_producer/Acrobat Distiller 7.0.5 (Windows)/EJG5HX3GR5KU4XBCF3L6VM6ZQGPEMYP6_post.pdf"
"ZD2BVGDTNUWYDTD6I3Z5LX63B6W37HNW","Acrobat 3.0 Import Plug-in","Acrobat 3.0 Import Plug-in","Acrobat 3.0 Import Plug-in","Unknown","output/by_producer/Acrobat 3.0 Import Plug-in/ZD2BVGDTNUWYDTD6I3Z5LX63B6W37HNW_pre.pdf","output/by_producer/Acrobat 3.0 Import Plug-in/ZD2BVGDTNUWYDTD6I3Z5LX63B6W37HNW_post.pdf"
"4LRW52I7I5ZTB2VO2BGAW4YQUNGJXAP2","Microsoft® Office Word 2007","Microsoft® Office Word 2007","Microsoft® Office Word 2007","Microsoft_Office","output/by_producer/Microsoft® Office Word 2007/4LRW52I7I5ZTB2VO2BGAW4YQUNGJXAP2_pre.pdf","output/by_producer/Microsoft® Office Word 2007/4LRW52I7I5ZTB2VO2BGAW4YQUNGJXAP2_post.pdf"
"35CQZCOMND26DXY46FVVS47WB2AL75OK","Acrobat Distiller 8.1.0 (Windows)","-","Acrobat Distiller 8.1.0 (Windows)","Acrobat_Distiller","output/by_producer/Acrobat Distiller 8.1.0 (Windows)/35CQZCOMND26DXY46FVVS47WB2AL75OK_pre.pdf","output/by_producer/Acrobat Distiller 8.1.0 (Windows)/35CQZCOMND26DXY46FVVS47WB2AL75OK_post.pdf"
"ORLP2EPAWI7SXKJRKMSGUIKONQPFFWIO","Acrobat Distiller 4.0 for Windows","ACOMP.exe WinVer 1b43 jul 14 2003","Acrobat Distiller 4.0 for Windows","Acrobat_Distiller","output/by_producer/Acrobat Distiller 4.0 for Windows/ORLP2EPAWI7SXKJRKMSGUIKONQPFFWIO_pre.pdf","output/by_producer/Acrobat Distiller 4.0 for Windows/ORLP2EPAWI7SXKJRKMSGUIKONQPFFWIO_post.pdf"
"MQEBFDFL5UXUNOUE3E336V4RPBSQS6F6","Acrobat Distiller 7.0.5 (Windows)","ACOMP.exe WinVer 2.0 Nov 24 2008","Acrobat Distiller 7.0.5 (Windows)","Acrobat_Distiller","output/by_producer/Acrobat Distiller 7.0.5 (Windows)/MQEBFDFL5UXUNOUE3E336V4RPBSQS6F6_pre.pdf","output/by_producer/Acrobat Distiller 7.0.5 (Windows)/MQEBFDFL5UXUNOUE3E336V4RPBSQS6F6_post.pdf"
"R2XUGBKZ2QR5A43XN4ZA4PJ7NADJ4KWE","Adobe PDF Library 4.0","Acrobat Capture 3.0","Adobe PDF Library 4.0","Adobe_PDF_Library","output/by_producer/Adobe PDF Library 4.0/R2XUGBKZ2QR5A43XN4ZA4PJ7NADJ4KWE_pre.pdf","output/by_producer/Adobe PDF Library 4.0/R2XUGBKZ2QR5A43XN4ZA4PJ7NADJ4KWE_post.pdf"
"LL47ZCJJXPYOVJLTNX35LAUK2DUMWBJR","AFPL Ghostscript 8.50","PageMaker 7.0","AFPL Ghostscript 8.50","Ghostscript","output/by_producer/AFPL Ghostscript 8.50/LL47ZCJJXPYOVJLTNX35LAUK2DUMWBJR_pre.pdf","output/by_producer/AFPL Ghostscript 8.50/LL47ZCJJXPYOVJLTNX35LAUK2DUMWBJR_post.pdf"
"KUGCYDY3UTSLQLPAXLXFZWBNBXAGPN2U","Acrobat Distiller Command 3.01 for Solaris 2.3 and later (SPARC)","PageMaker 7.0","Acrobat Distiller Command 3.01 for Solaris 2.3 and later (SPARC)","Acrobat_Distiller","output/by_producer/Acrobat Distiller Command 3.01 for Solaris 2.3 and later (SPARC)/KUGCYDY3UTSLQLPAXLXFZWBNBXAGPN2U_pre.pdf","output/by_producer/Acrobat Distiller Command 3.01 for Solaris 2.3 and later (SPARC)/KUGCYDY3UTSLQLPAXLXFZWBNBXAGPN2U_post.pdf"
"TSMIELG5W75VQXCVNCAXWP6HYGEW4KOV","CVISION Technologies","PdfCompressor 5.0.333","CVISION Technologies","Unknown","output/by_producer/CVISION Technologies/TSMIELG5W75VQXCVNCAXWP6HYGEW4KOV_pre.pdf","output/by_producer/CVISION Technologies/TSMIELG5W75VQXCVNCAXWP6HYGEW4KOV_post.pdf"
"2ZJG56HD3YEZGEQZL4RFOYNIMTZISHDX","Acrobat PDF Writer 1.0 for Macintosh","Adobe® PageMaker® 6.0","Acrobat PDF Writer 1.0 for Macintosh","Acrobat_PDFWriter","output/by_producer/Acrobat PDF Writer 1.0 for Macintosh/2ZJG56HD3YEZGEQZL4RFOYNIMTZISHDX_pre.pdf","output/by_producer/Acrobat PDF Writer 1.0 for Macintosh/2ZJG56HD3YEZGEQZL4RFOYNIMTZISHDX_post.pdf"
"EVWZKEBEBK3TDSK3VC4AHQKSNXD6FBWI","Acrobat Distiller 7.0 (Windows)","PScript5.dll Version 5.2","Acrobat Distiller 7.0 (Windows)","Acrobat_Distiller","output/by_producer/Acrobat Distiller 7.0 (Windows)/EVWZKEBEBK3TDSK3VC4AHQKSNXD6FBWI_pre.pdf","output/by_producer/Acrobat Distiller 7.0 (Windows)/EVWZKEBEBK3TDSK3VC4AHQKSNXD6FBWI_post.pdf"
"W2ZFZBWTBTHWLCNU53NSCPAWPR6BGREE","Microsoft® Office Word 2007","Microsoft® Office Word 2007","Microsoft® Office Word 2007","Microsoft_Office","output/by_producer/Microsoft® Office Word 2007/W2ZFZBWTBTHWLCNU53NSCPAWPR6BGREE_pre.pdf","output/by_producer/Microsoft® Office Word 2007/W2ZFZBWTBTHWLCNU53NSCPAWPR6BGREE_post.pdf"
"PYTDN333IKHN3QCZW6AJ2ASF6NEQCVJ6","Adobe PDF Library 7.0","Adobe InDesign CS2 (4.0.5)","Adobe PDF Library 7.0","Adobe_PDF_Library","output/by_producer/Adobe PDF Library 7.0/PYTDN333IKHN3QCZW6AJ2ASF6NEQCVJ6_pre.pdf","output/by_producer/Adobe PDF Library 7.0/PYTDN333IKHN3QCZW6AJ2ASF6NEQCVJ6_post.pdf"
"LV5NL6NL4B32T7LS4ZJDIPLYV2ACNZ5T","Acrobat Distiller 8.1.0 (Windows)","PScript5.dll Version 5.2.2","Acrobat Distiller 8.1.0 (Windows)","Acrobat_Distiller","output/by_producer/Acrobat Distiller 8.1.0 (Windows)/LV5NL6NL4B32T7LS4ZJDIPLYV2ACNZ5T_pre.pdf","output/by_producer/Acrobat Distiller 8.1.0 (Windows)/LV5NL6NL4B32T7LS4ZJDIPLYV2ACNZ5T_post.pdf"
"YR3GWIPLRONWKH7DSOR3LVKXS2ORMWMC","Unknown producer","R and OS php pdf writer, http://www.ros.co.nz","Unknown producer","Unknown","output/by_producer/Unknown producer/YR3GWIPLRONWKH7DSOR3LVKXS2ORMWMC_pre.pdf","output/by_producer/Unknown producer/YR3GWIPLRONWKH7DSOR3LVKXS2ORMWMC_post.pdf"
"UYVKK7PJFMNTBTBYH7TSLDJ4WM2G4MNN","Acrobat PDFWriter 3.02 for Windows","H04921.TIF","Acrobat PDFWriter 3.02 for Windows","Acrobat_PDFWriter","output/by_producer/Acrobat PDFWriter 3.02 for Windows/UYVKK7PJFMNTBTBYH7TSLDJ4WM2G4MNN_pre.pdf","output/by_producer/Acrobat PDFWriter 3.02 for Windows/UYVKK7PJFMNTBTBYH7TSLDJ4WM2G4MNN_post.pdf"
"S7IWO47XLGTHHIZJJ5GYT5I4BGLPVL32","Adobe PDF Library 9.0","Adobe InDesign CS4 (6.0)","Adobe PDF Library 9.0","Adobe_PDF_Library","output/by_producer/Adobe PDF Library 9.0/S7IWO47XLGTHHIZJJ5GYT5I4BGLPVL32_pre.pdf","output/by_producer/Adobe PDF Library 9.0/S7IWO47XLGTHHIZJJ5GYT5I4BGLPVL32_post.pdf"
"GMK4H4BJR67LM7QUU3GAJT6J2Q5IKQT6","AFPL Ghostscript 8.0","-","AFPL Ghostscript 8.0","Ghostscript","output/by_producer/AFPL Ghostscript 8.0/GMK4H4BJR67LM7QUU3GAJT6J2Q5IKQT6_pre.pdf","output/by_producer/AFPL Ghostscript 8.0/GMK4H4BJR67LM7QUU3GAJT6J2Q5IKQT6_post.pdf"
"2A2C2V4WI5YRDJHR26XUD4IAULIYGTMA","Apache FOP Version 0.94","New York State Department of Labor","Apache FOP Version 0.94","Unknown","output/by_producer/Apache FOP Version 0.94/2A2C2V4WI5YRDJHR26XUD4IAULIYGTMA_pre.pdf","output/by_producer/Apache FOP Version 0.94/2A2C2V4WI5YRDJHR26XUD4IAULIYGTMA_post.pdf"
"PGJA7RZXFYTWRTYHWLSDEJFR2OKNYIP6","Adobe PDF Library 8.0","Adobe InDesign CS3 (5.0.4)","Adobe PDF Library 8.0","Adobe_PDF_Library","output/by_producer/Adobe PDF Library 8.0/PGJA7RZXFYTWRTYHWLSDEJFR2OKNYIP6_pre.pdf","output/by_producer/Adobe PDF Library 8.0/PGJA7RZXFYTWRTYHWLSDEJFR2OKNYIP6_post.pdf"
"HVP5WMRFWBOCTMMV6NC57S2QJ674CGXG","Corel PDF Engine Version 11.2.0.602","Print Server 120","Corel PDF Engine Version 11.2.0.602","Corel_PDF_Engine","output/by_producer/Corel PDF Engine Version 11.2.0.602/HVP5WMRFWBOCTMMV6NC57S2QJ674CGXG_pre.pdf","output/by_producer/Corel PDF Engine Version 11.2.0.602/HVP5WMRFWBOCTMMV6NC57S2QJ674CGXG_post.pdf"
"AI27TP7D5YR3E23YDKFKVE27DDUEN5TU","TCPDF 2.5.000_PHP4 (http://www.tcpdf.org)","Joomla! 1.5 - Open Source Content Management","TCPDF 2.5.000_PHP4 (http___www.tcpdf.org)","TCPDF","output/by_producer/TCPDF 2.5.000_PHP4 (http___www.tcpdf.org)/AI27TP7D5YR3E23YDKFKVE27DDUEN5TU_pre.pdf","output/by_producer/TCPDF 2.5.000_PHP4 (http___www.tcpdf.org)/AI27TP7D5YR3E23YDKFKVE27DDUEN5TU_post.pdf"
"JI5Z62HRPJND3ZBBOJN55D4V7NZNHOA6","Acrobat Web Capture 9.0","-","Acrobat Web Capture 9.0","Unknown","output/by_producer/Acrobat Web Capture 9.0/JI5Z62HRPJND3ZBBOJN55D4V7NZNHOA6_pre.pdf","output/by_producer/Acrobat Web Capture 9.0/JI5Z62HRPJND3ZBBOJN55D4V7NZNHOA6_post.pdf"
"DGZ2C5RQO4EDW2XQHLWDCCJZUB6IQLCE","Acrobat Distiller 7.0 (Windows)","PScript5.dll Version 5.2.2","Acrobat Distiller 7.0 (Windows)","Acrobat_Distiller","output/by_producer/Acrobat Distiller 7.0 (Windows)/DGZ2C5RQO4EDW2XQHLWDCCJZUB6IQLCE_pre.pdf","output/by_producer/Acrobat Distiller 7.0 (Windows)/DGZ2C5RQO4EDW2XQHLWDCCJZUB6IQLCE_post.pdf"
"Z4BERFZH7TEKHVOZBCOGG7TB2KKXGT6P","Unknown producer","HP 9100C Digital Sender","Unknown producer","Unknown","output/by_producer/Unknown producer/Z4BERFZH7TEKHVOZBCOGG7TB2KKXGT6P_pre.pdf","output/by_producer/Unknown producer/Z4BERFZH7TEKHVOZBCOGG7TB2KKXGT6P_post.pdf"
"6HPMFPOTKN7J772QGZBHKGKYSNEYTF3I","Unknown producer","-","Unknown producer","Unknown","output/by_producer/Unknown producer/6HPMFPOTKN7J772QGZBHKGKYSNEYTF3I_pre.pdf","output/by_producer/Unknown producer/6HPMFPOTKN7J772QGZBHKGKYSNEYTF3I_post.pdf"
"YSFDRVDRV6XMSNVXRD4KM266EUJZWMYZ","Acrobat Distiller 8.1.0 (Windows)","-","Acrobat Distiller 8.1.0 (Windows)","Acrobat_Distiller","output/by_producer/Acrobat Distiller 8.1.0 (Windows)/YSFDRVDRV6XMSNVXRD4KM266EUJZWMYZ_pre.pdf","output/by_producer/Acrobat Distiller 8.1.0 (Windows)/YSFDRVDRV6XMSNVXRD4KM266EUJZWMYZ_post.pdf"
"AXTUGHLO4R73GWXQ7YYSTQGN5OI4ZWBC","Aquaforest Tiff Image Server V1.x - http://www.aquaforest.com; modified using iText® 5.3.3 ©2000-2012 1T3XT BVBA (AGPL-version)","Aquaforest Tiff Image Server V1.x - http://www.aquaforest.com","Aquaforest Tiff Image Server V1.x - http___www.aquaforest.com; modified using iText® 5.3.3 ©2000-2012 1T3XT BVBA (AGPL-version)","iText","output/by_producer/Aquaforest Tiff Image Server V1.x - http___www.aquaforest.com; modified using iText® 5.3.3 ©2000-2012 1T3XT BVBA (AGPL-version)/AXTUGHLO4R73GWXQ7YYSTQGN5OI4ZWBC_pre.pdf","output/by_producer/Aquaforest Tiff Image Server V1.x - http___www.aquaforest.com; modified using iText® 5.3.3 ©2000-2012 1T3XT BVBA (AGPL-version)/AXTUGHLO4R73GWXQ7YYSTQGN5OI4ZWBC_post.pdf"
"I74UK7CA3VD36AJLDMBKXZHMRBRV6KNF","Acrobat Distiller 7.0.5 (Windows)","PScript5.dll Version 5.2","Acrobat Distiller 7.0.5 (Windows)","Acrobat_Distiller","output/by_producer/Acrobat Distiller 7.0.5 (Windows)/I74UK7CA3VD36AJLDMBKXZHMRBRV6KNF_pre.pdf","output/by_producer/Acrobat Distiller 7.0.5 (Windows)/I74UK7CA3VD36AJLDMBKXZHMRBRV6KNF_post.pdf"
"OEUJOHSOZFOEZIFUIEWYENANVOXLPB5T","Acrobat Distiller 1.0.2 for Macintosh","-","Acrobat Distiller 1.0.2 for Macintosh","Acrobat_Distiller","output/by_producer/Acrobat Distiller 1.0.2 for Macintosh/OEUJOHSOZFOEZIFUIEWYENANVOXLPB5T_pre.pdf","output/by_producer/Acrobat Distiller 1.0.2 for Macintosh/OEUJOHSOZFOEZIFUIEWYENANVOXLPB5T_post.pdf"
"TLFJXZ5TEG6X5AAUHTMVM4JEZVYFEVTS","Acrobat Distiller 5.0.5 (Windows)","ACOMP.exe WinVer 1c4 May 21 2004","Acrobat Distiller 5.0.5 (Windows)","Acrobat_Distiller","output/by_producer/Acrobat Distiller 5.0.5 (Windows)/TLFJXZ5TEG6X5AAUHTMVM4JEZVYFEVTS_pre.pdf","output/by_producer/Acrobat Distiller 5.0.5 (Windows)/TLFJXZ5TEG6X5AAUHTMVM4JEZVYFEVTS_post.pdf"
"YVM7OB53IEXWGJUUIKINFKKEDK23PC5K","Acrobat Distiller 5.0.5 (Windows)","ACOMP.exe WinVer 1c14 Aug 18 2005","Acrobat Distiller 5.0.5 (Windows)","Acrobat_Distiller","output/by_producer/Acrobat Distiller 5.0.5 (Windows)/YVM7OB53IEXWGJUUIKINFKKEDK23PC5K_pre.pdf","output/by_producer/Acrobat Distiller 5.0.5 (Windows)/YVM7OB53IEXWGJUUIKINFKKEDK23PC5K_post.pdf"
"CKD4X5XXEK26KQJPNUYC5BAHHHH2RNME","Acrobat Distiller 9.0.0 (Windows)","PScript5.dll Version 5.2.2","Acrobat Distiller 9.0.0 (Windows)","Acrobat_Distiller","output/by_producer/Acrobat Distiller 9.0.0 (Windows)/CKD4X5XXEK26KQJPNUYC5BAHHHH2RNME_pre.pdf","output/by_producer/Acrobat Distiller 9.0.0 (Windows)/CKD4X5XXEK26KQJPNUYC5BAHHHH2RNME_post.pdf"
"JTJQSY6SJUAI2P54IHQQYCVFMCWPXVTN","Acrobat PDFWriter 2.01 for Windows","dwf82f0.tmp","Acrobat PDFWriter 2.01 for Windows","Acrobat_PDFWriter","output/by_producer/Acrobat PDFWriter 2.01 for Windows/JTJQSY6SJUAI2P54IHQQYCVFMCWPXVTN_pre.pdf","output/by_producer/Acrobat PDFWriter 2.01 for Windows/JTJQSY6SJUAI2P54IHQQYCVFMCWPXVTN_post.pdf"
"5M56W5BE4HY6J3WK2TN3HZJ6N3ZMYTJ4","Acrobat Distiller 9.5.3 (Windows)","Esri ArcMap 10.1.1.3143","Acrobat Distiller 9.5.3 (Windows)","Acrobat_Distiller","output/by_producer/Acrobat Distiller 9.5.3 (Windows)/5M56W5BE4HY6J3WK2TN3HZJ6N3ZMYTJ4_pre.pdf","output/by_producer/Acrobat Distiller 9.5.3 (Windows)/5M56W5BE4HY6J3WK2TN3HZJ6N3ZMYTJ4_post.pdf"
"V7S4LR4S6BF5I3AFUOXHPTZC4RMCD6ZE","Acrobat Distiller 8.1.0 (Windows)","Acrobat PDFMaker 8.1 for Word","Acrobat Distiller 8.1.0 (Windows)","Acrobat_Distiller","output/by_producer/Acrobat Distiller 8.1.0 (Windows)/V7S4LR4S6BF5I3AFUOXHPTZC4RMCD6ZE_pre.pdf","output/by_producer/Acrobat Distiller 8.1.0 (Windows)/V7S4LR4S6BF5I3AFUOXHPTZC4RMCD6ZE_post.pdf"
"C6SH74HD7KHGRLPMM6FE42GBFEZBBOYM","Acrobat Distiller 6.0 (Windows)","Acrobat PDFMaker 6.0 for Word","Acrobat Distiller 6.0 (Windows)","Acrobat_Distiller","output/by_producer/Acrobat Distiller 6.0 (Windows)/C6SH74HD7KHGRLPMM6FE42GBFEZBBOYM_pre.pdf","output/by_producer/Acrobat Distiller 6.0 (Windows)/C6SH74HD7KHGRLPMM6FE42GBFEZBBOYM_post.pdf"
"E2XYIWPO7VKZRRA4USIRPBU3HCDVEKRV","Acrobat PDFWriter 4.0 for Windows NT","Microsoft Excel - 2001gslo","Acrobat PDFWriter 4.0 for Windows NT","Acrobat_PDFWriter","output/by_producer/Acrobat PDFWriter 4.0 for Windows NT/E2XYIWPO7VKZRRA4USIRPBU3HCDVEKRV_pre.pdf","output/by_producer/Acrobat PDFWriter 4.0 for Windows NT/E2XYIWPO7VKZRRA4USIRPBU3HCDVEKRV_post.pdf"
"TPJL5GXHWWVZZWPULJLNK4V6MDEOHQDQ","Adobe Acrobat Pro 10.1.6","Adobe Acrobat Pro 10.1.6","Adobe Acrobat Pro 10.1.6","Unknown","output/by_producer/Adobe Acrobat Pro 10.1.6/TPJL5GXHWWVZZWPULJLNK4V6MDEOHQDQ_pre.pdf","output/by_producer/Adobe Acrobat Pro 10.1.6/TPJL5GXHWWVZZWPULJLNK4V6MDEOHQDQ_post.pdf"
"DR44GMFR57CROQCOUET6BVBGBYZW5HJ5","Acrobat PDFWriter 5.0 for Windows NT","2004CSHfinal.doc - Microsoft Word","Acrobat PDFWriter 5.0 for Windows NT","Acrobat_PDFWriter","output/by_producer/Acrobat PDFWriter 5.0 for Windows NT/DR44GMFR57CROQCOUET6BVBGBYZW5HJ5_pre.pdf","output/by_producer/Acrobat PDFWriter 5.0 for Windows NT/DR44GMFR57CROQCOUET6BVBGBYZW5HJ5_post.pdf"
"DOPBKNWBER76WVPP654XCUJGCQEGSOZY","Adobe PDF Library 10.0","Acrobat PDFMaker 10.1 for Word","Adobe PDF Library 10.0","Adobe_PDF_Library","output/by_producer/Adobe PDF Library 10.0/DOPBKNWBER76WVPP654XCUJGCQEGSOZY_pre.pdf","output/by_producer/Adobe PDF Library 10.0/DOPBKNWBER76WVPP654XCUJGCQEGSOZY_post.pdf"
"XZZRO7J6EAUYML2MRAZ6Y3PH5ZHQPGIL","Adobe Acrobat Pro 11.0.3 Paper Capture Plug-in","Adobe Acrobat 9.5.4","Adobe Acrobat Pro 11.0.3 Paper Capture Plug-in","Capture_Scan_Plugins","output/by_producer/Adobe Acrobat Pro 11.0.3 Paper Capture Plug-in/XZZRO7J6EAUYML2MRAZ6Y3PH5ZHQPGIL_pre.pdf","output/by_producer/Adobe Acrobat Pro 11.0.3 Paper Capture Plug-in/XZZRO7J6EAUYML2MRAZ6Y3PH5ZHQPGIL_post.pdf"
"VCJ7JJLLASUDBR4Z54NLOWUBCMWVPCNT","Acrobat PDFWriter 5.0 for Windows NT","ch55.doc - Microsoft Word","Acrobat PDFWriter 5.0 for Windows NT","Acrobat_PDFWriter","output/by_producer/Acrobat PDFWriter 5.0 for Windows NT/VCJ7JJLLASUDBR4Z54NLOWUBCMWVPCNT_pre.pdf","output/by_producer/Acrobat PDFWriter 5.0 for Windows NT/VCJ7JJLLASUDBR4Z54NLOWUBCMWVPCNT_post.pdf"
"SESP5SOLQQMFWGNYXPD3UCI2KCA6PHQO","Acrobat Distiller 10.1.13 (Windows)","PScript5.dll Version 5.2.2","Acrobat Distiller 10.1.13 (Windows)","Acrobat_Distiller","output/by_producer/Acrobat Distiller 10.1.13 (Windows)/SESP5SOLQQMFWGNYXPD3UCI2KCA6PHQO_pre.pdf","output/by_producer/Acrobat Distiller 10.1.13 (Windows)/SESP5SOLQQMFWGNYXPD3UCI2KCA6PHQO_post.pdf"
"Z42OE7PSGVKK54B3J2LWZ4THMYJIJHGJ","Apache FOP Version 0.94","New York State Department of Labor","Apache FOP Version 0.94","Unknown","output/by_producer/Apache FOP Version 0.94/Z42OE7PSGVKK54B3J2LWZ4THMYJIJHGJ_pre.pdf","output/by_producer/Apache FOP Version 0.94/Z42OE7PSGVKK54B3J2LWZ4THMYJIJHGJ_post.pdf"
"HE3SWA26M4C3264OZH7VXMKMHJFSFRDG","TCPDF 2.5.000_PHP4 (http://www.tcpdf.org)","Joomla! 1.5 - Open Source Content Management","TCPDF 2.5.000_PHP4 (http___www.tcpdf.org)","TCPDF","output/by_producer/TCPDF 2.5.000_PHP4 (http___www.tcpdf.org)/HE3SWA26M4C3264OZH7VXMKMHJFSFRDG_pre.pdf","output/by_producer/TCPDF 2.5.000_PHP4 (http___www.tcpdf.org)/HE3SWA26M4C3264OZH7VXMKMHJFSFRDG_post.pdf"
"AVFIBOSLNYG5BBP2JOV3MOBAFZDYN7DP","Acrobat Distiller 7.0 (Windows)","Acrobat PDFMaker 7.0 for Word","Acrobat Distiller 7.0 (Windows)","Acrobat_Distiller","output/by_producer/Acrobat Distiller 7.0 (Windows)/AVFIBOSLNYG5BBP2JOV3MOBAFZDYN7DP_pre.pdf","output/by_producer/Acrobat Distiller 7.0 (Windows)/AVFIBOSLNYG5BBP2JOV3MOBAFZDYN7DP_post.pdf"
"ZRWJZJQPWO5B3TIBCWQKW47LFR6BM3HW","Unknown producer","-","Unknown producer","Unknown","output/by_producer/Unknown producer/ZRWJZJQPWO5B3TIBCWQKW47LFR6BM3HW_pre.pdf","output/by_producer/Unknown producer/ZRWJZJQPWO5B3TIBCWQKW47LFR6BM3HW_post.pdf"
"WDNSSVM2QPMMUUDT4YEHYDPAALFYP2O7","Acrobat Distiller 7.0.5 (Windows)","-","Acrobat Distiller 7.0.5 (Windows)","Acrobat_Distiller","output/by_producer/Acrobat Distiller 7.0.5 (Windows)/WDNSSVM2QPMMUUDT4YEHYDPAALFYP2O7_pre.pdf","output/by_producer/Acrobat Distiller 7.0.5 (Windows)/WDNSSVM2QPMMUUDT4YEHYDPAALFYP2O7_post.pdf"
"CYINDTQC52PLSE235SEE2FHV4OVS5UHQ","Acrobat Distiller 5.0.5 (Windows)","ACOMP.exe WinVer 1c9 Aug 04 2004","Acrobat Distiller 5.0.5 (Windows)","Acrobat_Distiller","output/by_producer/Acrobat Distiller 5.0.5 (Windows)/CYINDTQC52PLSE235SEE2FHV4OVS5UHQ_pre.pdf","output/by_producer/Acrobat Distiller 5.0.5 (Windows)/CYINDTQC52PLSE235SEE2FHV4OVS5UHQ_post.pdf"
"PCW6KUWFIKXHZIELKOYPYOLWVEQT4HOX","Acrobat Distiller 5.0.5 (Windows)","ACOMP.exe WinVer 1c9 Aug 04 2004","Acrobat Distiller 5.0.5 (Windows)","Acrobat_Distiller","output/by_producer/Acrobat Distiller 5.0.5 (Windows)/PCW6KUWFIKXHZIELKOYPYOLWVEQT4HOX_pre.pdf","output/by_producer/Acrobat Distiller 5.0.5 (Windows)/PCW6KUWFIKXHZIELKOYPYOLWVEQT4HOX_post.pdf"
"H6UM4PXSLMCY7AB5NGMZ2UJHGA4FSMYI","Mac OS X 10.3.9 Quartz PDFContext","Word","Mac OS X 10.3.9 Quartz PDFContext","MacOS_X_Quartz","output/by_producer/Mac OS X 10.3.9 Quartz PDFContext/H6UM4PXSLMCY7AB5NGMZ2UJHGA4FSMYI_pre.pdf","output/by_producer/Mac OS X 10.3.9 Quartz PDFContext/H6UM4PXSLMCY7AB5NGMZ2UJHGA4FSMYI_post.pdf"
"WISRMPD3QYTNVKXVWDZF36QTIOUTKZGB","Acrobat Distiller 5.0 (Windows)","Pscript.dll Version 5.0","Acrobat Distiller 5.0 (Windows)","Acrobat_Distiller","output/by_producer/Acrobat Distiller 5.0 (Windows)/WISRMPD3QYTNVKXVWDZF36QTIOUTKZGB_pre.pdf","output/by_producer/Acrobat Distiller 5.0 (Windows)/WISRMPD3QYTNVKXVWDZF36QTIOUTKZGB_post.pdf"
"YAR75QR36NY73EDTEVNGAJVVJ6TTYHE7","Unknown producer","-","Unknown producer","Unknown","output/by_producer/Unknown producer/YAR75QR36NY73EDTEVNGAJVVJ6TTYHE7_pre.pdf","output/by_producer/Unknown producer/YAR75QR36NY73EDTEVNGAJVVJ6TTYHE7_post.pdf"
"PV2UUKY4MEWQFTITQRUFTBMJY6ONPUNW","TCPDF 2.5.000_PHP4 (http://www.tcpdf.org)","Joomla! 1.5 - Open Source Content Management","TCPDF 2.5.000_PHP4 (http___www.tcpdf.org)","TCPDF","output/by_producer/TCPDF 2.5.000_PHP4 (http___www.tcpdf.org)/PV2UUKY4MEWQFTITQRUFTBMJY6ONPUNW_pre.pdf","output/by_producer/TCPDF 2.5.000_PHP4 (http___www.tcpdf.org)/PV2UUKY4MEWQFTITQRUFTBMJY6ONPUNW_post.pdf"
"KOIY3K7K4LNEPAQQ2YXCAW2KS4TYUSBR","Acrobat Distiller 8.0.0 (Windows)","PScript5.dll Version 5.2.2","Acrobat Distiller 8.0.0 (Windows)","Acrobat_Distiller","output/by_producer/Acrobat Distiller 8.0.0 (Windows)/KOIY3K7K4LNEPAQQ2YXCAW2KS4TYUSBR_pre.pdf","output/by_producer/Acrobat Distiller 8.0.0 (Windows)/KOIY3K7K4LNEPAQQ2YXCAW2KS4TYUSBR_post.pdf"
"27UIROOYZ4IE3FKKNAPCKEQXWBKKN7XM","AFPL Ghostscript 8.14","PScript5.dll Version 5.2.2","AFPL Ghostscript 8.14","Ghostscript","output/by_producer/AFPL Ghostscript 8.14/27UIROOYZ4IE3FKKNAPCKEQXWBKKN7XM_pre.pdf","output/by_producer/AFPL Ghostscript 8.14/27UIROOYZ4IE3FKKNAPCKEQXWBKKN7XM_post.pdf"
"YFSVOALMVRC2URFKF2QD22YBH4PVS3BG","Acrobat Distiller 7.0 (Windows)","Acrobat PDFMaker 7.0 for Excel","Acrobat Distiller 7.0 (Windows)","Acrobat_Distiller","output/by_producer/Acrobat Distiller 7.0 (Windows)/YFSVOALMVRC2URFKF2QD22YBH4PVS3BG_pre.pdf","output/by_producer/Acrobat Distiller 7.0 (Windows)/YFSVOALMVRC2URFKF2QD22YBH4PVS3BG_post.pdf"
"BUDP7F2VA32OORAA4TZ5OYZRYYLZGMDK","Acrobat Distiller 5.0 (Windows)","ADOBEPS4.DRV Version 4.50","Acrobat Distiller 5.0 (Windows)","Acrobat_Distiller","output/by_producer/Acrobat Distiller 5.0 (Windows)/BUDP7F2VA32OORAA4TZ5OYZRYYLZGMDK_pre.pdf","output/by_producer/Acrobat Distiller 5.0 (Windows)/BUDP7F2VA32OORAA4TZ5OYZRYYLZGMDK_post.pdf"
"GKKRL4WDTHIXSKURLLCSPTOJSAOWF64Z","Xerox WorkCentre 7665","Xerox WorkCentre 7665","Xerox WorkCentre 7665","Capture_Scan_Plugins","output/by_producer/Xerox WorkCentre 7665/GKKRL4WDTHIXSKURLLCSPTOJSAOWF64Z_pre.pdf","output/by_producer/Xerox WorkCentre 7665/GKKRL4WDTHIXSKURLLCSPTOJSAOWF64Z_post.pdf"
"FN57WLHIT65SCHMVG3K65PZW5PWM5CQ7","Acrobat Distiller 4.0 for Windows","-","Acrobat Distiller 4.0 for Windows","Acrobat_Distiller","output/by_producer/Acrobat Distiller 4.0 for Windows/FN57WLHIT65SCHMVG3K65PZW5PWM5CQ7_pre.pdf","output/by_producer/Acrobat Distiller 4.0 for Windows/FN57WLHIT65SCHMVG3K65PZW5PWM5CQ7_post.pdf"
"S5CJJFU7S3CL63MXIJRZOOFWZEMRLAA4","Acrobat Distiller 7.0.5 (Windows)","PScript5.dll Version 5.2","Acrobat Distiller 7.0.5 (Windows)","Acrobat_Distiller","output/by_producer/Acrobat Distiller 7.0.5 (Windows)/S5CJJFU7S3CL63MXIJRZOOFWZEMRLAA4_pre.pdf","output/by_producer/Acrobat Distiller 7.0.5 (Windows)/S5CJJFU7S3CL63MXIJRZOOFWZEMRLAA4_post.pdf"
"IJKB2B6V42DWTKVWIK7WSDYL7IIXTW47","libtiff / tiff2pdf - 20100615","-","libtiff _ tiff2pdf - 20100615","libtiff_tiff2pdf","output/by_producer/libtiff _ tiff2pdf - 20100615/IJKB2B6V42DWTKVWIK7WSDYL7IIXTW47_pre.pdf","output/by_producer/libtiff _ tiff2pdf - 20100615/IJKB2B6V42DWTKVWIK7WSDYL7IIXTW47_post.pdf"
"VO66JSS7SABXXEGDWBGAGNCD62PQ2MAB","Adobe PDF Library 4.0","Acrobat Capture 3.0","Adobe PDF Library 4.0","Adobe_PDF_Library","output/by_producer/Adobe PDF Library 4.0/VO66JSS7SABXXEGDWBGAGNCD62PQ2MAB_pre.pdf","output/by_producer/Adobe PDF Library 4.0/VO66JSS7SABXXEGDWBGAGNCD62PQ2MAB_post.pdf"
"AEDZUJF6HFEQUC3GZMVSC5EVDPBEJ7TF","Acrobat PDFWriter 4.05 for Windows NT","In$ite - The Finance Analysis Model for Education","Acrobat PDFWriter 4.05 for Windows NT","Acrobat_PDFWriter","output/by_producer/Acrobat PDFWriter 4.05 for Windows NT/AEDZUJF6HFEQUC3GZMVSC5EVDPBEJ7TF_pre.pdf","output/by_producer/Acrobat PDFWriter 4.05 for Windows NT/AEDZUJF6HFEQUC3GZMVSC5EVDPBEJ7TF_post.pdf"
"WP773WVW3LFU7XGWDWWZBIK4SD5KDTTF","Acrobat Distiller 3.0 for Power Macintosh","-","Acrobat Distiller 3.0 for Power Macintosh","Acrobat_Distiller","output/by_producer/Acrobat Distiller 3.0 for Power Macintosh/WP773WVW3LFU7XGWDWWZBIK4SD5KDTTF_pre.pdf","output/by_producer/Acrobat Distiller 3.0 for Power Macintosh/WP773WVW3LFU7XGWDWWZBIK4SD5KDTTF_post.pdf"
"NLALJLUHGUMMXT4J7U6N334L5AEG7PMR","Unknown producer","-","Unknown producer","Unknown","output/by_producer/Unknown producer/NLALJLUHGUMMXT4J7U6N334L5AEG7PMR_pre.pdf","output/by_producer/Unknown producer/NLALJLUHGUMMXT4J7U6N334L5AEG7PMR_post.pdf"
"MZYAJ3IACMF3DOK2ST3DBXSJEYD2Q7B2","AFPL Ghostscript 8.50","PDFCreator Version 0.8.1","AFPL Ghostscript 8.50","Ghostscript","output/by_producer/AFPL Ghostscript 8.50/MZYAJ3IACMF3DOK2ST3DBXSJEYD2Q7B2_pre.pdf","output/by_producer/AFPL Ghostscript 8.50/MZYAJ3IACMF3DOK2ST3DBXSJEYD2Q7B2_post.pdf"
"C4NPAEIY6FLWJW4OYOXHQQPAARYGSVFG","Adobe PDF Library 10.0","Acrobat PDFMaker 10.1 for PowerPoint","Adobe PDF Library 10.0","Adobe_PDF_Library","output/by_producer/Adobe PDF Library 10.0/C4NPAEIY6FLWJW4OYOXHQQPAARYGSVFG_pre.pdf","output/by_producer/Adobe PDF Library 10.0/C4NPAEIY6FLWJW4OYOXHQQPAARYGSVFG_post.pdf"
"P7DVSVWUBQCLK3SEIMRSDBZWVGH3MKC5","Acrobat Distiller 7.0.5 (Windows)","PScript5.dll Version 5.2","Acrobat Distiller 7.0.5 (Windows)","Acrobat_Distiller","output/by_producer/Acrobat Distiller 7.0.5 (Windows)/P7DVSVWUBQCLK3SEIMRSDBZWVGH3MKC5_pre.pdf","output/by_producer/Acrobat Distiller 7.0.5 (Windows)/P7DVSVWUBQCLK3SEIMRSDBZWVGH3MKC5_post.pdf"
"GGYFXPMKQD267PXVZ3L2TK46IIHHSV7V","Acrobat Distiller 8.1.0 (Windows)","Acrobat PDFMaker 8.1 for Excel","Acrobat Distiller 8.1.0 (Windows)","Acrobat_Distiller","output/by_producer/Acrobat Distiller 8.1.0 (Windows)/GGYFXPMKQD267PXVZ3L2TK46IIHHSV7V_pre.pdf","output/by_producer/Acrobat Distiller 8.1.0 (Windows)/GGYFXPMKQD267PXVZ3L2TK46IIHHSV7V_post.pdf"
"R2IMEGYDIXZXCNVIRC3SN2DVVGBVH5ZD","Acrobat Distiller 4.0 for Windows","-","Acrobat Distiller 4.0 for Windows","Acrobat_Distiller","output/by_producer/Acrobat Distiller 4.0 for Windows/R2IMEGYDIXZXCNVIRC3SN2DVVGBVH5ZD_pre.pdf","output/by_producer/Acrobat Distiller 4.0 for Windows/R2IMEGYDIXZXCNVIRC3SN2DVVGBVH5ZD_post.pdf"
"4GJGAIUVBMLM3W7O5SV4EKDNKC4DVOCL","Unknown producer","-","Unknown producer","Unknown","output/by_producer/Unknown producer/4GJGAIUVBMLM3W7O5SV4EKDNKC4DVOCL_pre.pdf","output/by_producer/Unknown producer/4GJGAIUVBMLM3W7O5SV4EKDNKC4DVOCL_post.pdf"
"CS7K5VMMTMSYHTHKLFYD7QC7EFIEPHKX","Acrobat Distiller 8.1.0 (Windows)","PScript5.dll Version 5.2.2","Acrobat Distiller 8.1.0 (Windows)","Acrobat_Distiller","output/by_producer/Acrobat Distiller 8.1.0 (Windows)/CS7K5VMMTMSYHTHKLFYD7QC7EFIEPHKX_pre.pdf","output/by_producer/Acrobat Distiller 8.1.0 (Windows)/CS7K5VMMTMSYHTHKLFYD7QC7EFIEPHKX_post.pdf"
"E3XL5U27WEMN6KDITFQEPNYN3FFPZRHE","Microsoft® Office Word 2007","Microsoft® Office Word 2007","Microsoft® Office Word 2007","Microsoft_Office","output/by_producer/Microsoft® Office Word 2007/E3XL5U27WEMN6KDITFQEPNYN3FFPZRHE_pre.pdf","output/by_producer/Microsoft® Office Word 2007/E3XL5U27WEMN6KDITFQEPNYN3FFPZRHE_post.pdf"
"ROKL4YZJZ5THXZULOIWSNKWSB4ZTWZV5","Acrobat Distiller 7.0.5 (Windows)","-","Acrobat Distiller 7.0.5 (Windows)","Acrobat_Distiller","output/by_producer/Acrobat Distiller 7.0.5 (Windows)/ROKL4YZJZ5THXZULOIWSNKWSB4ZTWZV5_pre.pdf","output/by_producer/Acrobat Distiller 7.0.5 (Windows)/ROKL4YZJZ5THXZULOIWSNKWSB4ZTWZV5_post.pdf"
"RZBL4G73Y76GIJWY3BENQNYBTVX5WAR6","Unknown producer","Laserfiche","Unknown producer","Unknown","output/by_producer/Unknown producer/RZBL4G73Y76GIJWY3BENQNYBTVX5WAR6_pre.pdf","output/by_producer/Unknown producer/RZBL4G73Y76GIJWY3BENQNYBTVX5WAR6_post.pdf"
"X2IMLLFKA2Z5YVXOFI7GIBJJBOWGR5TY","Acrobat Distiller 9.2.0 (Windows)","PScript5.dll Version 5.2.2","Acrobat Distiller 9.2.0 (Windows)","Acrobat_Distiller","output/by_producer/Acrobat Distiller 9.2.0 (Windows)/X2IMLLFKA2Z5YVXOFI7GIBJJBOWGR5TY_pre.pdf","output/by_producer/Acrobat Distiller 9.2.0 (Windows)/X2IMLLFKA2Z5YVXOFI7GIBJJBOWGR5TY_post.pdf"
"UKNH3OQ2LY6SZKEQ7ITIOEHER4BHZEEN","Acrobat PDFWriter 3.02 for Windows","Microsoft Word","Acrobat PDFWriter 3.02 for Windows","Acrobat_PDFWriter","output/by_producer/Acrobat PDFWriter 3.02 for Windows/UKNH3OQ2LY6SZKEQ7ITIOEHER4BHZEEN_pre.pdf","output/by_producer/Acrobat PDFWriter 3.02 for Windows/UKNH3OQ2LY6SZKEQ7ITIOEHER4BHZEEN_post.pdf"
"CYPB3G76MAY6ESGBZ5FW7V4AHG5YVS7F","Acrobat Distiller 4.0 for Windows","-","Acrobat Distiller 4.0 for Windows","Acrobat_Distiller","output/by_producer/Acrobat Distiller 4.0 for Windows/CYPB3G76MAY6ESGBZ5FW7V4AHG5YVS7F_pre.pdf","output/by_producer/Acrobat Distiller 4.0 for Windows/CYPB3G76MAY6ESGBZ5FW7V4AHG5YVS7F_post.pdf"
"KNOSFODTQCUVGFKMJLWBF6KZS3RVBESD","Acrobat Distiller 4.0 for Windows","-","Acrobat Distiller 4.0 for Windows","Acrobat_Distiller","output/by_producer/Acrobat Distiller 4.0 for Windows/KNOSFODTQCUVGFKMJLWBF6KZS3RVBESD_pre.pdf","output/by_producer/Acrobat Distiller 4.0 for Windows/KNOSFODTQCUVGFKMJLWBF6KZS3RVBESD_post.pdf"
"C5BRNMXYO6ZXRPUZUNHID4EBW4TAKQYI","PD4ML. HTML to PDF Converter for Java","PD4ML. HTML to PDF Converter for Java","PD4ML. HTML to PDF Converter for Java","PD4ML","output/by_producer/PD4ML. HTML to PDF Converter for Java/C5BRNMXYO6ZXRPUZUNHID4EBW4TAKQYI_pre.pdf","output/by_producer/PD4ML. HTML to PDF Converter for Java/C5BRNMXYO6ZXRPUZUNHID4EBW4TAKQYI_post.pdf"
"OC6KMJC3IXV45WRYIJVGKNSMVUD6BUOT","Acrobat PDFWriter 2.01 for Windows","htg51d4.tmp","Acrobat PDFWriter 2.01 for Windows","Acrobat_PDFWriter","output/by_producer/Acrobat PDFWriter 2.01 for Windows/OC6KMJC3IXV45WRYIJVGKNSMVUD6BUOT_pre.pdf","output/by_producer/Acrobat PDFWriter 2.01 for Windows/OC6KMJC3IXV45WRYIJVGKNSMVUD6BUOT_post.pdf"
"DXPFLLZRFX6PVX7MBUEEPEVO6AJTVUDR","Acrobat Net Distiller 1.0 for Windows","-","Acrobat Net Distiller 1.0 for Windows","Acrobat_Net_Distiller","output/by_producer/Acrobat Net Distiller 1.0 for Windows/DXPFLLZRFX6PVX7MBUEEPEVO6AJTVUDR_pre.pdf","output/by_producer/Acrobat Net Distiller 1.0 for Windows/DXPFLLZRFX6PVX7MBUEEPEVO6AJTVUDR_post.pdf"
"KAI53AEUTC4X3GRV6WZDEZUWVEYPTPPU","Acrobat Distiller 8.1.0 (Windows)","Acrobat PDFMaker 8.1 for Word","Acrobat Distiller 8.1.0 (Windows)","Acrobat_Distiller","output/by_producer/Acrobat Distiller 8.1.0 (Windows)/KAI53AEUTC4X3GRV6WZDEZUWVEYPTPPU_pre.pdf","output/by_producer/Acrobat Distiller 8.1.0 (Windows)/KAI53AEUTC4X3GRV6WZDEZUWVEYPTPPU_post.pdf"
"EZCGBU5BSAHPIJIBP3AKOZX7WYPWQXTE","Adobe PDF Library 9.0","Acrobat PDFMaker 9.0 for PowerPoint","Adobe PDF Library 9.0","Adobe_PDF_Library","output/by_producer/Adobe PDF Library 9.0/EZCGBU5BSAHPIJIBP3AKOZX7WYPWQXTE_pre.pdf","output/by_producer/Adobe PDF Library 9.0/EZCGBU5BSAHPIJIBP3AKOZX7WYPWQXTE_post.pdf"
"WI6MQK44PH35QPVM66HY4CYIA7IW3XQO","PDPreStamp v2.1","Acrobat Capture 3.0","PDPreStamp v2.1","Unknown","output/by_producer/PDPreStamp v2.1/WI6MQK44PH35QPVM66HY4CYIA7IW3XQO_pre.pdf","output/by_producer/PDPreStamp v2.1/WI6MQK44PH35QPVM66HY4CYIA7IW3XQO_post.pdf"
"O5D34KMZVR5GAJPGEGG4LGZ547SRHJJC","Acrobat Distiller 8.1.0 (Windows)","Acrobat PDFMaker 8.1 for Word","Acrobat Distiller 8.1.0 (Windows)","Acrobat_Distiller","output/by_producer/Acrobat Distiller 8.1.0 (Windows)/O5D34KMZVR5GAJPGEGG4LGZ547SRHJJC_pre.pdf","output/by_producer/Acrobat Distiller 8.1.0 (Windows)/O5D34KMZVR5GAJPGEGG4LGZ547SRHJJC_post.pdf"
"MDWBAX6CXSTHPF6GJ7XEWLH2YBTBGR46","GPL Ghostscript 8.15","PScript5.dll Version 5.2.2","GPL Ghostscript 8.15","Ghostscript","output/by_producer/GPL Ghostscript 8.15/MDWBAX6CXSTHPF6GJ7XEWLH2YBTBGR46_pre.pdf","output/by_producer/GPL Ghostscript 8.15/MDWBAX6CXSTHPF6GJ7XEWLH2YBTBGR46_post.pdf"
"MF5MYOAVK5OITJHUQOPJRIP3ESMUEHLV","TCPDF 2.5.000_PHP4 (http://www.tcpdf.org)","Joomla! 1.5 - Open Source Content Management","TCPDF 2.5.000_PHP4 (http___www.tcpdf.org)","TCPDF","output/by_producer/TCPDF 2.5.000_PHP4 (http___www.tcpdf.org)/MF5MYOAVK5OITJHUQOPJRIP3ESMUEHLV_pre.pdf","output/by_producer/TCPDF 2.5.000_PHP4 (http___www.tcpdf.org)/MF5MYOAVK5OITJHUQOPJRIP3ESMUEHLV_post.pdf"
"3I2DH7KNN6KICUFNT6P4MKHUAPPBJD2Y","Acrobat Distiller 5.0.5 (Windows)","PScript5.dll Version 5.2","Acrobat Distiller 5.0.5 (Windows)","Acrobat_Distiller","output/by_producer/Acrobat Distiller 5.0.5 (Windows)/3I2DH7KNN6KICUFNT6P4MKHUAPPBJD2Y_pre.pdf","output/by_producer/Acrobat Distiller 5.0.5 (Windows)/3I2DH7KNN6KICUFNT6P4MKHUAPPBJD2Y_post.pdf"
"LFGBSD5XRLBIZCRBVWTKQPP2JEVRWRRS","Adobe LiveCycle Designer ES 8.2","Adobe LiveCycle Designer ES 8.2","Adobe LiveCycle Designer ES 8.2","Unknown","output/by_producer/Adobe LiveCycle Designer ES 8.2/LFGBSD5XRLBIZCRBVWTKQPP2JEVRWRRS_pre.pdf","output/by_producer/Adobe LiveCycle Designer ES 8.2/LFGBSD5XRLBIZCRBVWTKQPP2JEVRWRRS_post.pdf"
"YCYN7CHWTHPZYST4LVE2OHZC2Y4INSNZ","TCPDF 2.5.000_PHP4 (http://www.tcpdf.org)","Joomla! 1.5 - Open Source Content Management","TCPDF 2.5.000_PHP4 (http___www.tcpdf.org)","TCPDF","output/by_producer/TCPDF 2.5.000_PHP4 (http___www.tcpdf.org)/YCYN7CHWTHPZYST4LVE2OHZC2Y4INSNZ_pre.pdf","output/by_producer/TCPDF 2.5.000_PHP4 (http___www.tcpdf.org)/YCYN7CHWTHPZYST4LVE2OHZC2Y4INSNZ_post.pdf"
"UZ24VCW32BGC524CZI3QWY7LKJJXZ2ZZ","Acrobat Distiller 9.0.0 (Windows)","PScript5.dll Version 5.2.2","Acrobat Distiller 9.0.0 (Windows)","Acrobat_Distiller","output/by_producer/Acrobat Distiller 9.0.0 (Windows)/UZ24VCW32BGC524CZI3QWY7LKJJXZ2ZZ_pre.pdf","output/by_producer/Acrobat Distiller 9.0.0 (Windows)/UZ24VCW32BGC524CZI3QWY7LKJJXZ2ZZ_post.pdf"
"P27OC5LB5CYK7PNMUUFAMXEQ3THDTNJ4","Adobe Acrobat 9.42 Paper Capture Plug-in","Acrobat PDFMaker 9.1 for Word","Adobe Acrobat 9.42 Paper Capture Plug-in","Capture_Scan_Plugins","output/by_producer/Adobe Acrobat 9.42 Paper Capture Plug-in/P27OC5LB5CYK7PNMUUFAMXEQ3THDTNJ4_pre.pdf","output/by_producer/Adobe Acrobat 9.42 Paper Capture Plug-in/P27OC5LB5CYK7PNMUUFAMXEQ3THDTNJ4_post.pdf"
"U7DUK2J5PKLFHRD5VN7MWJWRF23MHANT","Adobe PDF Library 10.0","-","Adobe PDF Library 10.0","Adobe_PDF_Library","output/by_producer/Adobe PDF Library 10.0/U7DUK2J5PKLFHRD5VN7MWJWRF23MHANT_pre.pdf","output/by_producer/Adobe PDF Library 10.0/U7DUK2J5PKLFHRD5VN7MWJWRF23MHANT_post.pdf"
"6E3WYLLW5ZLHABZK74PHX5TBLZXXBLGG","Pixel Translations (PIXPDF Ver.7.5.48)","-","Pixel Translations (PIXPDF Ver.7.5.48)","Unknown","output/by_producer/Pixel Translations (PIXPDF Ver.7.5.48)/6E3WYLLW5ZLHABZK74PHX5TBLZXXBLGG_pre.pdf","output/by_producer/Pixel Translations (PIXPDF Ver.7.5.48)/6E3WYLLW5ZLHABZK74PHX5TBLZXXBLGG_post.pdf"
"JK2YPIFXKSDZRYNRSQVRHZWJNANASI6J","Adobe PDF Library 10.0","Acrobat PDFMaker 10.1 for Word","Adobe PDF Library 10.0","Adobe_PDF_Library","output/by_producer/Adobe PDF Library 10.0/JK2YPIFXKSDZRYNRSQVRHZWJNANASI6J_pre.pdf","output/by_producer/Adobe PDF Library 10.0/JK2YPIFXKSDZRYNRSQVRHZWJNANASI6J_post.pdf"
"BW4FTNODL22WYRMWJCRIK6EEB2HVDQ4K","Unknown producer","R and OS php pdf writer, http://www.ros.co.nz","Unknown producer","Unknown","output/by_producer/Unknown producer/BW4FTNODL22WYRMWJCRIK6EEB2HVDQ4K_pre.pdf","output/by_producer/Unknown producer/BW4FTNODL22WYRMWJCRIK6EEB2HVDQ4K_post.pdf"
"OZLL6FV4YWFVZBLEIGEFCANTYYKW7U57","Acrobat PDFWriter 5.0 for Windows NT","Capture Reviewer 2.0","Acrobat PDFWriter 5.0 for Windows NT","Acrobat_PDFWriter","output/by_producer/Acrobat PDFWriter 5.0 for Windows NT/OZLL6FV4YWFVZBLEIGEFCANTYYKW7U57_pre.pdf","output/by_producer/Acrobat PDFWriter 5.0 for Windows NT/OZLL6FV4YWFVZBLEIGEFCANTYYKW7U57_post.pdf"
"BYVMYNJSMFL7V7VYYCQ566SBR2HTWF5C","Acrobat Distiller 7.0.5 (Windows)","Acrobat PDFMaker 7.0.7 for Word","Acrobat Distiller 7.0.5 (Windows)","Acrobat_Distiller","output/by_producer/Acrobat Distiller 7.0.5 (Windows)/BYVMYNJSMFL7V7VYYCQ566SBR2HTWF5C_pre.pdf","output/by_producer/Acrobat Distiller 7.0.5 (Windows)/BYVMYNJSMFL7V7VYYCQ566SBR2HTWF5C_post.pdf"
"B5PCEYSOV53475ZZQE7OPLN4FUVDRC7Y","Unknown producer","-","Unknown producer","Unknown","output/by_producer/Unknown producer/B5PCEYSOV53475ZZQE7OPLN4FUVDRC7Y_pre.pdf","output/by_producer/Unknown producer/B5PCEYSOV53475ZZQE7OPLN4FUVDRC7Y_post.pdf"
"HLGUA2TVCFAMJQDFC5IC43JBVUOFXDWB","Unknown producer","R and OS php pdf writer, http://www.ros.co.nz","Unknown producer","Unknown","output/by_producer/Unknown producer/HLGUA2TVCFAMJQDFC5IC43JBVUOFXDWB_pre.pdf","output/by_producer/Unknown producer/HLGUA2TVCFAMJQDFC5IC43JBVUOFXDWB_post.pdf"
"R46ZZRYMTYTEE6CKIBOGNNGSMZ3GD5E2","Acrobat Distiller 9.3.3 (Windows)","PScript5.dll Version 5.2.2","Acrobat Distiller 9.3.3 (Windows)","Acrobat_Distiller","output/by_producer/Acrobat Distiller 9.3.3 (Windows)/R46ZZRYMTYTEE6CKIBOGNNGSMZ3GD5E2_pre.pdf","output/by_producer/Acrobat Distiller 9.3.3 (Windows)/R46ZZRYMTYTEE6CKIBOGNNGSMZ3GD5E2_post.pdf"
"5F7F36M3NZCHDTIFIVI5JQRBDYNY6KJL","Unknown producer","R and OS php pdf writer, http://www.ros.co.nz","Unknown producer","Unknown","output/by_producer/Unknown producer/5F7F36M3NZCHDTIFIVI5JQRBDYNY6KJL_pre.pdf","output/by_producer/Unknown producer/5F7F36M3NZCHDTIFIVI5JQRBDYNY6KJL_post.pdf"
"YE54VY55FNS7H3IOPRHQYVOD2RJJW3DT","Acrobat Distiller 8.1.0 (Windows)","Acrobat PDFMaker 8.1 for Word","Acrobat Distiller 8.1.0 (Windows)","Acrobat_Distiller","output/by_producer/Acrobat Distiller 8.1.0 (Windows)/YE54VY55FNS7H3IOPRHQYVOD2RJJW3DT_pre.pdf","output/by_producer/Acrobat Distiller 8.1.0 (Windows)/YE54VY55FNS7H3IOPRHQYVOD2RJJW3DT_post.pdf"
"IEAJEYOK5ACMQUZGX7QDHS7ZR6XXSVYV","GPL Ghostscript 8.54","PDFCreator Version 0.9.3","GPL Ghostscript 8.54","Ghostscript","output/by_producer/GPL Ghostscript 8.54/IEAJEYOK5ACMQUZGX7QDHS7ZR6XXSVYV_pre.pdf","output/by_producer/GPL Ghostscript 8.54/IEAJEYOK5ACMQUZGX7QDHS7ZR6XXSVYV_post.pdf"
"X5EXOJQVNIMMV5DVLLVVPXHKUKLC6RMK","Acrobat Distiller 9.4.2 (Windows); modified using iText® 5.3.3 ©2000-2012 1T3XT BVBA (AGPL-version)","PScript5.dll Version 5.2.2","Acrobat Distiller 9.4.2 (Windows); modified using iText® 5.3.3 ©2000-2012 1T3XT BVBA (AGPL-version)","Acrobat_Distiller","output/by_producer/Acrobat Distiller 9.4.2 (Windows); modified using iText® 5.3.3 ©2000-2012 1T3XT BVBA (AGPL-version)/X5EXOJQVNIMMV5DVLLVVPXHKUKLC6RMK_pre.pdf","output/by_producer/Acrobat Distiller 9.4.2 (Windows); modified using iText® 5.3.3 ©2000-2012 1T3XT BVBA (AGPL-version)/X5EXOJQVNIMMV5DVLLVVPXHKUKLC6RMK_post.pdf"
"DR2YP7NU7CR3XVU26T53RUKCUZ35HV5B","Acrobat Distiller 7.0.5 (Windows)","PScript5.dll Version 5.2","Acrobat Distiller 7.0.5 (Windows)","Acrobat_Distiller","output/by_producer/Acrobat Distiller 7.0.5 (Windows)/DR2YP7NU7CR3XVU26T53RUKCUZ35HV5B_pre.pdf","output/by_producer/Acrobat Distiller 7.0.5 (Windows)/DR2YP7NU7CR3XVU26T53RUKCUZ35HV5B_post.pdf"
"T5YDZLEHT6CHH5L4TRKYQOFOCKXWR5DM","Acrobat Distiller 4.0 for Windows","ACOMP.exe WinVer 1b43 jul 14 2003","Acrobat Distiller 4.0 for Windows","Acrobat_Distiller","output/by_producer/Acrobat Distiller 4.0 for Windows/T5YDZLEHT6CHH5L4TRKYQOFOCKXWR5DM_pre.pdf","output/by_producer/Acrobat Distiller 4.0 for Windows/T5YDZLEHT6CHH5L4TRKYQOFOCKXWR5DM_post.pdf"
"YOL5PGRP6HEUSC6TWCCHO3L53UQ2JKBS","Acrobat PDFWriter 3.02 for Windows NT","-","Acrobat PDFWriter 3.02 for Windows NT","Acrobat_PDFWriter","output/by_producer/Acrobat PDFWriter 3.02 for Windows NT/YOL5PGRP6HEUSC6TWCCHO3L53UQ2JKBS_pre.pdf","output/by_producer/Acrobat PDFWriter 3.02 for Windows NT/YOL5PGRP6HEUSC6TWCCHO3L53UQ2JKBS_post.pdf"
"QRJ42GGGA52M42R57XTGIQONYKAKWVG5","PD4ML. HTML to PDF Converter for Java","PD4ML. HTML to PDF Converter for Java","PD4ML. HTML to PDF Converter for Java","PD4ML","output/by_producer/PD4ML. HTML to PDF Converter for Java/QRJ42GGGA52M42R57XTGIQONYKAKWVG5_pre.pdf","output/by_producer/PD4ML. HTML to PDF Converter for Java/QRJ42GGGA52M42R57XTGIQONYKAKWVG5_post.pdf"
"CIVXOLLIUSCCM6HCT63TQ4R4563YJHRL","Acrobat Distiller 8.1.0 (Windows)","PScript5.dll Version 5.2.2","Acrobat Distiller 8.1.0 (Windows)","Acrobat_Distiller","output/by_producer/Acrobat Distiller 8.1.0 (Windows)/CIVXOLLIUSCCM6HCT63TQ4R4563YJHRL_pre.pdf","output/by_producer/Acrobat Distiller 8.1.0 (Windows)/CIVXOLLIUSCCM6HCT63TQ4R4563YJHRL_post.pdf"
"AGA4FFOUY3VW5J6OAKHFGWZ6TS4KYOF7","ComponentOne PDF Generator 8.0","-","ComponentOne PDF Generator 8.0","Unknown","output/by_producer/ComponentOne PDF Generator 8.0/AGA4FFOUY3VW5J6OAKHFGWZ6TS4KYOF7_pre.pdf","output/by_producer/ComponentOne PDF Generator 8.0/AGA4FFOUY3VW5J6OAKHFGWZ6TS4KYOF7_post.pdf"
"35DKLURQRIKJHCGH3IP5TO2BTAOV4CBN","Acrobat Distiller 7.0 (Windows)","Acrobat PDFMaker 7.0 for Word","Acrobat Distiller 7.0 (Windows)","Acrobat_Distiller","output/by_producer/Acrobat Distiller 7.0 (Windows)/35DKLURQRIKJHCGH3IP5TO2BTAOV4CBN_pre.pdf","output/by_producer/Acrobat Distiller 7.0 (Windows)/35DKLURQRIKJHCGH3IP5TO2BTAOV4CBN_post.pdf"
"CBGYHKW5VJ4AWKLUIZDTMIIOPZVWDRV6","Unknown producer","R and OS php pdf writer, http://www.ros.co.nz","Unknown producer","Unknown","output/by_producer/Unknown producer/CBGYHKW5VJ4AWKLUIZDTMIIOPZVWDRV6_pre.pdf","output/by_producer/Unknown producer/CBGYHKW5VJ4AWKLUIZDTMIIOPZVWDRV6_post.pdf"
"XIQ3WFVYEVSMKJN2WPNDW74W26YD3PPG","Acrobat Distiller Command 3.01 for Solaris 2.3 and later (SPARC)","Microsoft Word: LaserWriter 8 8.6.5","Acrobat Distiller Command 3.01 for Solaris 2.3 and later (SPARC)","Acrobat_Distiller","output/by_producer/Acrobat Distiller Command 3.01 for Solaris 2.3 and later (SPARC)/XIQ3WFVYEVSMKJN2WPNDW74W26YD3PPG_pre.pdf","output/by_producer/Acrobat Distiller Command 3.01 for Solaris 2.3 and later (SPARC)/XIQ3WFVYEVSMKJN2WPNDW74W26YD3PPG_post.pdf"
"23JCEIKVL65X2RGSARNY2VOUNXBTJ5AS","Acrobat Distiller 8.0.0 (Windows)","3B2 Total Publishing 6.06b/W","Acrobat Distiller 8.0.0 (Windows)","Acrobat_Distiller","output/by_producer/Acrobat Distiller 8.0.0 (Windows)/23JCEIKVL65X2RGSARNY2VOUNXBTJ5AS_pre.pdf","output/by_producer/Acrobat Distiller 8.0.0 (Windows)/23JCEIKVL65X2RGSARNY2VOUNXBTJ5AS_post.pdf"
"O4DQHOGINPSBCZGCDD5ZOF5K3PSWUVFO","Acrobat PDFWriter 3.02 for Windows","pclp.xls","Acrobat PDFWriter 3.02 for Windows","Acrobat_PDFWriter","output/by_producer/Acrobat PDFWriter 3.02 for Windows/O4DQHOGINPSBCZGCDD5ZOF5K3PSWUVFO_pre.pdf","output/by_producer/Acrobat PDFWriter 3.02 for Windows/O4DQHOGINPSBCZGCDD5ZOF5K3PSWUVFO_post.pdf"
"TH2P4VQM6BSFZ24BKZPPITXPWJVJWF7H","Acrobat Distiller 9.4.5 (Windows)","PScript5.dll Version 5.2.2","Acrobat Distiller 9.4.5 (Windows)","Acrobat_Distiller","output/by_producer/Acrobat Distiller 9.4.5 (Windows)/TH2P4VQM6BSFZ24BKZPPITXPWJVJWF7H_pre.pdf","output/by_producer/Acrobat Distiller 9.4.5 (Windows)/TH2P4VQM6BSFZ24BKZPPITXPWJVJWF7H_post.pdf"
"SK7ZQMJBDH34FYJ6XLDWK4RANQYAYGZD","Acrobat Distiller 8.1.0 (Windows)","Acrobat PDFMaker 8.1 for Word","Acrobat Distiller 8.1.0 (Windows)","Acrobat_Distiller","output/by_producer/Acrobat Distiller 8.1.0 (Windows)/SK7ZQMJBDH34FYJ6XLDWK4RANQYAYGZD_pre.pdf","output/by_producer/Acrobat Distiller 8.1.0 (Windows)/SK7ZQMJBDH34FYJ6XLDWK4RANQYAYGZD_post.pdf"
"LCFQJGJLCOJ56B3YM3XIPRJ7DFUQPTDG","Adobe PDF Library 10.0","Acrobat PDFMaker 10.1 for Word","Adobe PDF Library 10.0","Adobe_PDF_Library","output/by_producer/Adobe PDF Library 10.0/LCFQJGJLCOJ56B3YM3XIPRJ7DFUQPTDG_pre.pdf","output/by_producer/Adobe PDF Library 10.0/LCFQJGJLCOJ56B3YM3XIPRJ7DFUQPTDG_post.pdf"
"AYZVGVPYWC6TNBDO76IU7PON3RZ22WQP","iText 1.4 (by lowagie.com)","-","iText 1.4 (by lowagie.com)","iText","output/by_producer/iText 1.4 (by lowagie.com)/AYZVGVPYWC6TNBDO76IU7PON3RZ22WQP_pre.pdf","output/by_producer/iText 1.4 (by lowagie.com)/AYZVGVPYWC6TNBDO76IU7PON3RZ22WQP_post.pdf"
"2FDPTMT2NZDE6RIJSZZXGBMD7LYL7YHV","Adobe Acrobat 9.0.0","Adobe Acrobat 9.0.0","Adobe Acrobat 9.0.0","Unknown","output/by_producer/Adobe Acrobat 9.0.0/2FDPTMT2NZDE6RIJSZZXGBMD7LYL7YHV_pre.pdf","output/by_producer/Adobe Acrobat 9.0.0/2FDPTMT2NZDE6RIJSZZXGBMD7LYL7YHV_post.pdf"
"FMKUKISD27PIQH3UAZ5GCM66QIJJV3G4","TCPDF 2.5.000_PHP4 (http://www.tcpdf.org)","Joomla! 1.5 - Open Source Content Management","TCPDF 2.5.000_PHP4 (http___www.tcpdf.org)","TCPDF","output/by_producer/TCPDF 2.5.000_PHP4 (http___www.tcpdf.org)/FMKUKISD27PIQH3UAZ5GCM66QIJJV3G4_pre.pdf","output/by_producer/TCPDF 2.5.000_PHP4 (http___www.tcpdf.org)/FMKUKISD27PIQH3UAZ5GCM66QIJJV3G4_post.pdf"
"HLU6GY5HJLJF4AYSMOXUB6K324KXZBZM","Acrobat Distiller 8.0.0 (Windows)","Acrobat PDFMaker 8.0 for Word","Acrobat Distiller 8.0.0 (Windows)","Acrobat_Distiller","output/by_producer/Acrobat Distiller 8.0.0 (Windows)/HLU6GY5HJLJF4AYSMOXUB6K324KXZBZM_pre.pdf","output/by_producer/Acrobat Distiller 8.0.0 (Windows)/HLU6GY5HJLJF4AYSMOXUB6K324KXZBZM_post.pdf"
"DLCKN67W6R4KMBYO4VLF2H7MTP665HIJ","Acrobat Distiller 4.0 for Windows","ACOMP.exe WinVer 1c15 Aug 31 2005","Acrobat Distiller 4.0 for Windows","Acrobat_Distiller","output/by_producer/Acrobat Distiller 4.0 for Windows/DLCKN67W6R4KMBYO4VLF2H7MTP665HIJ_pre.pdf","output/by_producer/Acrobat Distiller 4.0 for Windows/DLCKN67W6R4KMBYO4VLF2H7MTP665HIJ_post.pdf"
"UHWGINMX7GWQH3ZETPVR2RSLTPQVEYX6","Acrobat Distiller 9.3.0 (Windows)","Acrobat PDFMaker 9.1 for Word","Acrobat Distiller 9.3.0 (Windows)","Acrobat_Distiller","output/by_producer/Acrobat Distiller 9.3.0 (Windows)/UHWGINMX7GWQH3ZETPVR2RSLTPQVEYX6_pre.pdf","output/by_producer/Acrobat Distiller 9.3.0 (Windows)/UHWGINMX7GWQH3ZETPVR2RSLTPQVEYX6_post.pdf"
"MYQDYVY2YLKZO5JXNA6USJUX6KM4K4DH","Unknown producer","-","Unknown producer","Unknown","output/by_producer/Unknown producer/MYQDYVY2YLKZO5JXNA6USJUX6KM4K4DH_pre.pdf","output/by_producer/Unknown producer/MYQDYVY2YLKZO5JXNA6USJUX6KM4K4DH_post.pdf"
"LVPLZHNQEROUW3S5W7HNU42LCJB2IX6E","Acrobat Distiller 4.0 for Windows","-","Acrobat Distiller 4.0 for Windows","Acrobat_Distiller","output/by_producer/Acrobat Distiller 4.0 for Windows/LVPLZHNQEROUW3S5W7HNU42LCJB2IX6E_pre.pdf","output/by_producer/Acrobat Distiller 4.0 for Windows/LVPLZHNQEROUW3S5W7HNU42LCJB2IX6E_post.pdf"
"NKTXPVJPY5TFHGLN3JTGGFE7R6KEJJI4","Acrobat Distiller 4.05 for Windows","001-Title.DOC (Preview) - Microsoft Word","Acrobat Distiller 4.05 for Windows","Acrobat_Distiller","output/by_producer/Acrobat Distiller 4.05 for Windows/NKTXPVJPY5TFHGLN3JTGGFE7R6KEJJI4_pre.pdf","output/by_producer/Acrobat Distiller 4.05 for Windows/NKTXPVJPY5TFHGLN3JTGGFE7R6KEJJI4_post.pdf"
"WCILDJ3BDTTDKHJ3HGRQD2SF45E55AXN","Unknown producer","-","Unknown producer","Unknown","output/by_producer/Unknown producer/WCILDJ3BDTTDKHJ3HGRQD2SF45E55AXN_pre.pdf","output/by_producer/Unknown producer/WCILDJ3BDTTDKHJ3HGRQD2SF45E55AXN_post.pdf"
"QBU5BZSBYX6YRLYVHQU4VCFMBYAHDHLU","Unknown producer","-","Unknown producer","Unknown","output/by_producer/Unknown producer/QBU5BZSBYX6YRLYVHQU4VCFMBYAHDHLU_pre.pdf","output/by_producer/Unknown producer/QBU5BZSBYX6YRLYVHQU4VCFMBYAHDHLU_post.pdf"
"X523GQMQOO6J2IFJ534QO3V3HYITF7XF","Acrobat Distiller 7.0 (Windows)","PScript5.dll Version 5.2","Acrobat Distiller 7.0 (Windows)","Acrobat_Distiller","output/by_producer/Acrobat Distiller 7.0 (Windows)/X523GQMQOO6J2IFJ534QO3V3HYITF7XF_pre.pdf","output/by_producer/Acrobat Distiller 7.0 (Windows)/X523GQMQOO6J2IFJ534QO3V3HYITF7XF_post.pdf"
"MTAHFDRL6AJ27IN6IE3SSNETFAWX3PNW","TCPDF 2.5.000_PHP4 (http://www.tcpdf.org)","Joomla! 1.5 - Open Source Content Management","TCPDF 2.5.000_PHP4 (http___www.tcpdf.org)","TCPDF","output/by_producer/TCPDF 2.5.000_PHP4 (http___www.tcpdf.org)/MTAHFDRL6AJ27IN6IE3SSNETFAWX3PNW_pre.pdf","output/by_producer/TCPDF 2.5.000_PHP4 (http___www.tcpdf.org)/MTAHFDRL6AJ27IN6IE3SSNETFAWX3PNW_post.pdf"
"X5J2UFQ52GKUF4JQCQ4DPJ62QF2EJ2XG","Adobe PDF Library 4.0","Acrobat Capture 3.0","Adobe PDF Library 4.0","Adobe_PDF_Library","output/by_producer/Adobe PDF Library 4.0/X5J2UFQ52GKUF4JQCQ4DPJ62QF2EJ2XG_pre.pdf","output/by_producer/Adobe PDF Library 4.0/X5J2UFQ52GKUF4JQCQ4DPJ62QF2EJ2XG_post.pdf"
"AFY6ATO2NPPVGZIG5SWMYZ7QGSGWRPGZ","Acrobat Distiller 10.1.0 (Windows)","PScript5.dll Version 5.2.2","Acrobat Distiller 10.1.0 (Windows)","Acrobat_Distiller","output/by_producer/Acrobat Distiller 10.1.0 (Windows)/AFY6ATO2NPPVGZIG5SWMYZ7QGSGWRPGZ_pre.pdf","output/by_producer/Acrobat Distiller 10.1.0 (Windows)/AFY6ATO2NPPVGZIG5SWMYZ7QGSGWRPGZ_post.pdf"
"A5YCHM3QP2ZNRJWUDGZJQNT2PK2FZOQU","Acrobat PDFWriter 4.05 for Windows","-","Acrobat PDFWriter 4.05 for Windows","Acrobat_PDFWriter","output/by_producer/Acrobat PDFWriter 4.05 for Windows/A5YCHM3QP2ZNRJWUDGZJQNT2PK2FZOQU_pre.pdf","output/by_producer/Acrobat PDFWriter 4.05 for Windows/A5YCHM3QP2ZNRJWUDGZJQNT2PK2FZOQU_post.pdf"
"D3BLEFGEYIMPXCDAJJUYBTSMJEAURKTV","5D PDFLib","activePDF DocConverter","5D PDFLib","Unknown","output/by_producer/5D PDFLib/D3BLEFGEYIMPXCDAJJUYBTSMJEAURKTV_pre.pdf","output/by_producer/5D PDFLib/D3BLEFGEYIMPXCDAJJUYBTSMJEAURKTV_post.pdf"
"7HBBXA2H7AQGVZSBZTLTPKAAEE3ZY2YK","Acrobat Distiller 3.01 for Windows","PSCRIPT.DRV Version 4.0","Acrobat Distiller 3.01 for Windows","Acrobat_Distiller","output/by_producer/Acrobat Distiller 3.01 for Windows/7HBBXA2H7AQGVZSBZTLTPKAAEE3ZY2YK_pre.pdf","output/by_producer/Acrobat Distiller 3.01 for Windows/7HBBXA2H7AQGVZSBZTLTPKAAEE3ZY2YK_post.pdf"
"VRBONJJ6YTL4IX4U4YB6X4JJYCJNLKT4","OmniPage 11 http://www.scansoft.com","OmniPage 11 http://www.scansoft.com","OmniPage 11 http___www.scansoft.com","Capture_Scan_Plugins","output/by_producer/OmniPage 11 http___www.scansoft.com/VRBONJJ6YTL4IX4U4YB6X4JJYCJNLKT4_pre.pdf","output/by_producer/OmniPage 11 http___www.scansoft.com/VRBONJJ6YTL4IX4U4YB6X4JJYCJNLKT4_post.pdf"
"3XSJWLQUWUFRCZDJZ2RLJ6KMMDBJZG4D","Acrobat Distiller 9.0.0 (Windows)","PScript5.dll Version 5.2.2","Acrobat Distiller 9.0.0 (Windows)","Acrobat_Distiller","output/by_producer/Acrobat Distiller 9.0.0 (Windows)/3XSJWLQUWUFRCZDJZ2RLJ6KMMDBJZG4D_pre.pdf","output/by_producer/Acrobat Distiller 9.0.0 (Windows)/3XSJWLQUWUFRCZDJZ2RLJ6KMMDBJZG4D_post.pdf"
"ZNYZJRGRBVNDHPENIJ5DZ7KK2QLJZXYQ","Acrobat Distiller 7.0 (Windows)","PScript5.dll Version 5.2.2","Acrobat Distiller 7.0 (Windows)","Acrobat_Distiller","output/by_producer/Acrobat Distiller 7.0 (Windows)/ZNYZJRGRBVNDHPENIJ5DZ7KK2QLJZXYQ_pre.pdf","output/by_producer/Acrobat Distiller 7.0 (Windows)/ZNYZJRGRBVNDHPENIJ5DZ7KK2QLJZXYQ_post.pdf"
"SCI2MDK6JV4IDQ6DGX6ZQT5IHFDWBMR7","TCPDF 2.5.000_PHP4 (http://www.tcpdf.org)","Joomla! 1.5 - Open Source Content Management","TCPDF 2.5.000_PHP4 (http___www.tcpdf.org)","TCPDF","output/by_producer/TCPDF 2.5.000_PHP4 (http___www.tcpdf.org)/SCI2MDK6JV4IDQ6DGX6ZQT5IHFDWBMR7_pre.pdf","output/by_producer/TCPDF 2.5.000_PHP4 (http___www.tcpdf.org)/SCI2MDK6JV4IDQ6DGX6ZQT5IHFDWBMR7_post.pdf"
"76P47DRTKG4I3M56ZPDSWTVW4AC37RWI","Acrobat Distiller 8.1.0 (Windows)","PScript5.dll Version 5.2.2","Acrobat Distiller 8.1.0 (Windows)","Acrobat_Distiller","output/by_producer/Acrobat Distiller 8.1.0 (Windows)/76P47DRTKG4I3M56ZPDSWTVW4AC37RWI_pre.pdf","output/by_producer/Acrobat Distiller 8.1.0 (Windows)/76P47DRTKG4I3M56ZPDSWTVW4AC37RWI_post.pdf"
"UE63E6G7FS4PMX2SXEHC22Y753FSQD4N","TCPDF 2.5.000_PHP4 (http://www.tcpdf.org)","Joomla! 1.5 - Open Source Content Management","TCPDF 2.5.000_PHP4 (http___www.tcpdf.org)","TCPDF","output/by_producer/TCPDF 2.5.000_PHP4 (http___www.tcpdf.org)/UE63E6G7FS4PMX2SXEHC22Y753FSQD4N_pre.pdf","output/by_producer/TCPDF 2.5.000_PHP4 (http___www.tcpdf.org)/UE63E6G7FS4PMX2SXEHC22Y753FSQD4N_post.pdf"
"STG36KDTBPEJTVEWCY734EISHQ5ZUVWF","Acrobat Distiller 6.0.1 (Windows)","XyEnterprise XPP 7.3C.1 Patch #4","Acrobat Distiller 6.0.1 (Windows)","Acrobat_Distiller","output/by_producer/Acrobat Distiller 6.0.1 (Windows)/STG36KDTBPEJTVEWCY734EISHQ5ZUVWF_pre.pdf","output/by_producer/Acrobat Distiller 6.0.1 (Windows)/STG36KDTBPEJTVEWCY734EISHQ5ZUVWF_post.pdf"
"QOGDHC6YZPFATRADZTZJ4U27VIHSXA3Z","Print Agent 5.5","Adobe Central Output Server 5.5","Print Agent 5.5","Unknown","output/by_producer/Print Agent 5.5/QOGDHC6YZPFATRADZTZJ4U27VIHSXA3Z_pre.pdf","output/by_producer/Print Agent 5.5/QOGDHC6YZPFATRADZTZJ4U27VIHSXA3Z_post.pdf"
"Y3S5ELWZ63OQNZDWBJ5D6HWRVVKUF7LV","PDFlib+PDI 6.0.2 (Linux)","Xerox WorkCentre Pro 232","PDFlib+PDI 6.0.2 (Linux)","PDFlib_PDI","output/by_producer/PDFlib+PDI 6.0.2 (Linux)/Y3S5ELWZ63OQNZDWBJ5D6HWRVVKUF7LV_pre.pdf","output/by_producer/PDFlib+PDI 6.0.2 (Linux)/Y3S5ELWZ63OQNZDWBJ5D6HWRVVKUF7LV_post.pdf"
"CPQ3LPSTBRDPAQHGNDKS2SHAB3JLT2MG","iText 2.1.4 (by lowagie.com)","Federal Digital System, U. S. Government Printing Office","iText 2.1.4 (by lowagie.com)","iText","output/by_producer/iText 2.1.4 (by lowagie.com)/CPQ3LPSTBRDPAQHGNDKS2SHAB3JLT2MG_pre.pdf","output/by_producer/iText 2.1.4 (by lowagie.com)/CPQ3LPSTBRDPAQHGNDKS2SHAB3JLT2MG_post.pdf"
"IL4BFU54X4UZB6DS2IJYVXCTHBOEF7YZ","Acrobat Distiller 3.0 for Windows","-","Acrobat Distiller 3.0 for Windows","Acrobat_Distiller","output/by_producer/Acrobat Distiller 3.0 for Windows/IL4BFU54X4UZB6DS2IJYVXCTHBOEF7YZ_pre.pdf","output/by_producer/Acrobat Distiller 3.0 for Windows/IL4BFU54X4UZB6DS2IJYVXCTHBOEF7YZ_post.pdf"
"TNAEWETY6GEU5CQUNT74ABIGQKQEXLTU","Acrobat Distiller 7.0.5 (Windows)","Acrobat PDFMaker 7.0.5 for PowerPoint","Acrobat Distiller 7.0.5 (Windows)","Acrobat_Distiller","output/by_producer/Acrobat Distiller 7.0.5 (Windows)/TNAEWETY6GEU5CQUNT74ABIGQKQEXLTU_pre.pdf","output/by_producer/Acrobat Distiller 7.0.5 (Windows)/TNAEWETY6GEU5CQUNT74ABIGQKQEXLTU_post.pdf"
"DY75VBIKWAL76NRMMVFOYFQ52DB77TEI","Acrobat Distiller 9.3.0 (Windows)","PScript5.dll Version 5.2.2","Acrobat Distiller 9.3.0 (Windows)","Acrobat_Distiller","output/by_producer/Acrobat Distiller 9.3.0 (Windows)/DY75VBIKWAL76NRMMVFOYFQ52DB77TEI_pre.pdf","output/by_producer/Acrobat Distiller 9.3.0 (Windows)/DY75VBIKWAL76NRMMVFOYFQ52DB77TEI_post.pdf"
"3RCHLDD2YCPDNLHEV4AVKEPBYJP5UBZB","Acrobat Distiller 5.0 (Windows)","PScript5.dll Version 5.2","Acrobat Distiller 5.0 (Windows)","Acrobat_Distiller","output/by_producer/Acrobat Distiller 5.0 (Windows)/3RCHLDD2YCPDNLHEV4AVKEPBYJP5UBZB_pre.pdf","output/by_producer/Acrobat Distiller 5.0 (Windows)/3RCHLDD2YCPDNLHEV4AVKEPBYJP5UBZB_post.pdf"
"ELS4P7L7AQO4WFSJVMCLQZ4HLOQIHFZU","Acrobat PDFWriter 3.0 for Windows","mem52win","Acrobat PDFWriter 3.0 for Windows","Acrobat_PDFWriter","output/by_producer/Acrobat PDFWriter 3.0 for Windows/ELS4P7L7AQO4WFSJVMCLQZ4HLOQIHFZU_pre.pdf","output/by_producer/Acrobat PDFWriter 3.0 for Windows/ELS4P7L7AQO4WFSJVMCLQZ4HLOQIHFZU_post.pdf"
"7VDYUYI25N4D4JRD7SKH4HJVX7GYRRFJ","Acrobat Distiller 6.0 (Windows)","PScript5.dll Version 5.2","Acrobat Distiller 6.0 (Windows)","Acrobat_Distiller","output/by_producer/Acrobat Distiller 6.0 (Windows)/7VDYUYI25N4D4JRD7SKH4HJVX7GYRRFJ_pre.pdf","output/by_producer/Acrobat Distiller 6.0 (Windows)/7VDYUYI25N4D4JRD7SKH4HJVX7GYRRFJ_post.pdf"
"Y34N44UQJPD6YLGSXDZREWUIXVBPNLZH","Adobe Acrobat Pro 9.5.5","Adobe Acrobat Pro 9.5.5","Adobe Acrobat Pro 9.5.5","Unknown","output/by_producer/Adobe Acrobat Pro 9.5.5/Y34N44UQJPD6YLGSXDZREWUIXVBPNLZH_pre.pdf","output/by_producer/Adobe Acrobat Pro 9.5.5/Y34N44UQJPD6YLGSXDZREWUIXVBPNLZH_post.pdf"
"GWYYEO7BT54SUYBU7M4232GNAWWV6IOX","libtiff / tiff2pdf - 20100615","-","libtiff _ tiff2pdf - 20100615","libtiff_tiff2pdf","output/by_producer/libtiff _ tiff2pdf - 20100615/GWYYEO7BT54SUYBU7M4232GNAWWV6IOX_pre.pdf","output/by_producer/libtiff _ tiff2pdf - 20100615/GWYYEO7BT54SUYBU7M4232GNAWWV6IOX_post.pdf"
"MRHH3GUV6VPV3RNA7LYJSLK4UGA4QI7Y","Mac OS X 10.9.5 Quartz PDFContext","Adobe Illustrator CS6 (Windows)","Mac OS X 10.9.5 Quartz PDFContext","MacOS_X_Quartz","output/by_producer/Mac OS X 10.9.5 Quartz PDFContext/MRHH3GUV6VPV3RNA7LYJSLK4UGA4QI7Y_pre.pdf","output/by_producer/Mac OS X 10.9.5 Quartz PDFContext/MRHH3GUV6VPV3RNA7LYJSLK4UGA4QI7Y_post.pdf"
"OE6BMOWZLGKSJUHP5BN2KHW6DEYTYGUZ","TCPDF 2.5.000_PHP4 (http://www.tcpdf.org)","Joomla! 1.5 - Open Source Content Management","TCPDF 2.5.000_PHP4 (http___www.tcpdf.org)","TCPDF","output/by_producer/TCPDF 2.5.000_PHP4 (http___www.tcpdf.org)/OE6BMOWZLGKSJUHP5BN2KHW6DEYTYGUZ_pre.pdf","output/by_producer/TCPDF 2.5.000_PHP4 (http___www.tcpdf.org)/OE6BMOWZLGKSJUHP5BN2KHW6DEYTYGUZ_post.pdf"
"KDJPDOF5V7PZBQSCATREA7E7S57NWM4E","TCPDF 2.5.000_PHP4 (http://www.tcpdf.org)","Joomla! 1.5 - Open Source Content Management","TCPDF 2.5.000_PHP4 (http___www.tcpdf.org)","TCPDF","output/by_producer/TCPDF 2.5.000_PHP4 (http___www.tcpdf.org)/KDJPDOF5V7PZBQSCATREA7E7S57NWM4E_pre.pdf","output/by_producer/TCPDF 2.5.000_PHP4 (http___www.tcpdf.org)/KDJPDOF5V7PZBQSCATREA7E7S57NWM4E_post.pdf"
"6S4BF3BBWSDF2EUWMDVBVAAUUCVOCTVP","5,0,0,296","I.R.I.S.","5,0,0,296","Unknown","output/by_producer/5,0,0,296/6S4BF3BBWSDF2EUWMDVBVAAUUCVOCTVP_pre.pdf","output/by_producer/5,0,0,296/6S4BF3BBWSDF2EUWMDVBVAAUUCVOCTVP_post.pdf"
"KMELIR3DJDUFB52NSPC42LSIU6OOD77U","Microsoft® Word 2010","Microsoft® Word 2010","Microsoft® Word 2010","Microsoft_Office","output/by_producer/Microsoft® Word 2010/KMELIR3DJDUFB52NSPC42LSIU6OOD77U_pre.pdf","output/by_producer/Microsoft® Word 2010/KMELIR3DJDUFB52NSPC42LSIU6OOD77U_post.pdf"
"LXW732IC7XIG4SH67A3LN3OF3LUOAWIV","Acrobat Distiller 6.0 (Windows)","Acrobat PDFMaker 6.0 for Word","Acrobat Distiller 6.0 (Windows)","Acrobat_Distiller","output/by_producer/Acrobat Distiller 6.0 (Windows)/LXW732IC7XIG4SH67A3LN3OF3LUOAWIV_pre.pdf","output/by_producer/Acrobat Distiller 6.0 (Windows)/LXW732IC7XIG4SH67A3LN3OF3LUOAWIV_post.pdf"
"UA3OOIACW35JEO2KZX4QCFGCAQFNNRVC","TCPDF 2.5.000_PHP4 (http://www.tcpdf.org)","Joomla! 1.5 - Open Source Content Management","TCPDF 2.5.000_PHP4 (http___www.tcpdf.org)","TCPDF","output/by_producer/TCPDF 2.5.000_PHP4 (http___www.tcpdf.org)/UA3OOIACW35JEO2KZX4QCFGCAQFNNRVC_pre.pdf","output/by_producer/TCPDF 2.5.000_PHP4 (http___www.tcpdf.org)/UA3OOIACW35JEO2KZX4QCFGCAQFNNRVC_post.pdf"
"ADYF6YEDFBWOGKPODVGYMTVM4VRY2C5K","mPDF 5.7","United States Bankruptcy Court","mPDF 5.7","mPDF","output/by_producer/mPDF 5.7/ADYF6YEDFBWOGKPODVGYMTVM4VRY2C5K_pre.pdf","output/by_producer/mPDF 5.7/ADYF6YEDFBWOGKPODVGYMTVM4VRY2C5K_post.pdf"
"HNOVSRWPYY3EVR44ERUZ4XTUS5SOKRWZ","Acrobat PDFWriter 4.05 for Windows NT","Microsoft Excel - 30% median farm size 2004.xls","Acrobat PDFWriter 4.05 for Windows NT","Acrobat_PDFWriter","output/by_producer/Acrobat PDFWriter 4.05 for Windows NT/HNOVSRWPYY3EVR44ERUZ4XTUS5SOKRWZ_pre.pdf","output/by_producer/Acrobat PDFWriter 4.05 for Windows NT/HNOVSRWPYY3EVR44ERUZ4XTUS5SOKRWZ_post.pdf"
"T6UERWTWNYUVPT45YBOFTBSDVEH7SR2E","Acrobat Distiller 5.0.5 (Windows)","-","Acrobat Distiller 5.0.5 (Windows)","Acrobat_Distiller","output/by_producer/Acrobat Distiller 5.0.5 (Windows)/T6UERWTWNYUVPT45YBOFTBSDVEH7SR2E_pre.pdf","output/by_producer/Acrobat Distiller 5.0.5 (Windows)/T6UERWTWNYUVPT45YBOFTBSDVEH7SR2E_post.pdf"
"EB3A6TOVFRNEROHIMEIZF55MYVF3CAP5","Acrobat Distiller 8.1.0 (Windows)","PScript5.dll Version 5.2.2","Acrobat Distiller 8.1.0 (Windows)","Acrobat_Distiller","output/by_producer/Acrobat Distiller 8.1.0 (Windows)/EB3A6TOVFRNEROHIMEIZF55MYVF3CAP5_pre.pdf","output/by_producer/Acrobat Distiller 8.1.0 (Windows)/EB3A6TOVFRNEROHIMEIZF55MYVF3CAP5_post.pdf"
"NXQWVJBI6J23JG35UF2PBILHUJXOKLKW","Acrobat Distiller 5.0.5 (Windows)","ACOMP.exe WinVer 1c15 Aug 31 2005","Acrobat Distiller 5.0.5 (Windows)","Acrobat_Distiller","output/by_producer/Acrobat Distiller 5.0.5 (Windows)/NXQWVJBI6J23JG35UF2PBILHUJXOKLKW_pre.pdf","output/by_producer/Acrobat Distiller 5.0.5 (Windows)/NXQWVJBI6J23JG35UF2PBILHUJXOKLKW_post.pdf"
"NID6HIGF64OZ77COJT2FESRENBE6R6KM","Acrobat PDFWriter 2.01 for Windows","yane263.tmp","Acrobat PDFWriter 2.01 for Windows","Acrobat_PDFWriter","output/by_producer/Acrobat PDFWriter 2.01 for Windows/NID6HIGF64OZ77COJT2FESRENBE6R6KM_pre.pdf","output/by_producer/Acrobat PDFWriter 2.01 for Windows/NID6HIGF64OZ77COJT2FESRENBE6R6KM_post.pdf"
"RLGNJP7L3BZWPR6KCTTN5I4DIPFSCP3L","CVISION Technologies","PdfCompressor 5.0.333","CVISION Technologies","Unknown","output/by_producer/CVISION Technologies/RLGNJP7L3BZWPR6KCTTN5I4DIPFSCP3L_pre.pdf","output/by_producer/CVISION Technologies/RLGNJP7L3BZWPR6KCTTN5I4DIPFSCP3L_post.pdf"
"2YS3ALM6OTD5ENWN4Z5LOBWG735756DX","Unknown producer","-","Unknown producer","Unknown","output/by_producer/Unknown producer/2YS3ALM6OTD5ENWN4Z5LOBWG735756DX_pre.pdf","output/by_producer/Unknown producer/2YS3ALM6OTD5ENWN4Z5LOBWG735756DX_post.pdf"
"WPSL4I6DPEKQWLMHVD5TRXPBVMN3MUFW","TCPDF 2.5.000_PHP4 (http://www.tcpdf.org)","Joomla! 1.5 - Open Source Content Management","TCPDF 2.5.000_PHP4 (http___www.tcpdf.org)","TCPDF","output/by_producer/TCPDF 2.5.000_PHP4 (http___www.tcpdf.org)/WPSL4I6DPEKQWLMHVD5TRXPBVMN3MUFW_pre.pdf","output/by_producer/TCPDF 2.5.000_PHP4 (http___www.tcpdf.org)/WPSL4I6DPEKQWLMHVD5TRXPBVMN3MUFW_post.pdf"
"SW62D5RJMAPDJWHDMA5DLJWWLMSYZE26","iText by lowagie.com (r1.00 - ps122)","-","iText by lowagie.com (r1.00 - ps122)","iText","output/by_producer/iText by lowagie.com (r1.00 - ps122)/SW62D5RJMAPDJWHDMA5DLJWWLMSYZE26_pre.pdf","output/by_producer/iText by lowagie.com (r1.00 - ps122)/SW62D5RJMAPDJWHDMA5DLJWWLMSYZE26_post.pdf"
"6X3XULQL4IDEVAAER5F2M3RJGJS2REAH","TCPDF 2.5.000_PHP4 (http://www.tcpdf.org)","Joomla! 1.5 - Open Source Content Management","TCPDF 2.5.000_PHP4 (http___www.tcpdf.org)","TCPDF","output/by_producer/TCPDF 2.5.000_PHP4 (http___www.tcpdf.org)/6X3XULQL4IDEVAAER5F2M3RJGJS2REAH_pre.pdf","output/by_producer/TCPDF 2.5.000_PHP4 (http___www.tcpdf.org)/6X3XULQL4IDEVAAER5F2M3RJGJS2REAH_post.pdf"
"DWLTLUWBPW5FY622QVPGQP22U45D65HE","iText 2.0.0 (by lowagie.com)","-","iText 2.0.0 (by lowagie.com)","iText","output/by_producer/iText 2.0.0 (by lowagie.com)/DWLTLUWBPW5FY622QVPGQP22U45D65HE_pre.pdf","output/by_producer/iText 2.0.0 (by lowagie.com)/DWLTLUWBPW5FY622QVPGQP22U45D65HE_post.pdf"
"YBTLDNWUYL3SLS4NVMFEB3OFUWOZBLA7","iText 2.0.0 (by lowagie.com)","-","iText 2.0.0 (by lowagie.com)","iText","output/by_producer/iText 2.0.0 (by lowagie.com)/YBTLDNWUYL3SLS4NVMFEB3OFUWOZBLA7_pre.pdf","output/by_producer/iText 2.0.0 (by lowagie.com)/YBTLDNWUYL3SLS4NVMFEB3OFUWOZBLA7_post.pdf"
"EQDIZLFPMDEBKUMF53WGJTJNZCBWBPPH","OmniPage Pro 14 http://www.scansoft.com","OmniPage Pro 14 http://www.scansoft.com","OmniPage Pro 14 http___www.scansoft.com","Capture_Scan_Plugins","output/by_producer/OmniPage Pro 14 http___www.scansoft.com/EQDIZLFPMDEBKUMF53WGJTJNZCBWBPPH_pre.pdf","output/by_producer/OmniPage Pro 14 http___www.scansoft.com/EQDIZLFPMDEBKUMF53WGJTJNZCBWBPPH_post.pdf"
"BO22JMPQ7C2FRODUK35FIODAQMDOCY6B","Adobe Acrobat 7.1 Paper Capture Plug-in","Adobe Acrobat 7.1","Adobe Acrobat 7.1 Paper Capture Plug-in","Capture_Scan_Plugins","output/by_producer/Adobe Acrobat 7.1 Paper Capture Plug-in/BO22JMPQ7C2FRODUK35FIODAQMDOCY6B_pre.pdf","output/by_producer/Adobe Acrobat 7.1 Paper Capture Plug-in/BO22JMPQ7C2FRODUK35FIODAQMDOCY6B_post.pdf"
"CUHGX5XRCG2IOBFKZJO73RCWRBGZTE3J","Corel PDF Engine Version 15.0.0.357","PrintServer150","Corel PDF Engine Version 15.0.0.357","Corel_PDF_Engine","output/by_producer/Corel PDF Engine Version 15.0.0.357/CUHGX5XRCG2IOBFKZJO73RCWRBGZTE3J_pre.pdf","output/by_producer/Corel PDF Engine Version 15.0.0.357/CUHGX5XRCG2IOBFKZJO73RCWRBGZTE3J_post.pdf"
"5XZTPYHPVJRYA5KPITBHN5UGYNZAVSQA","Adobe Acrobat 8.12 Image Conversion Plug-in","Adobe Acrobat 8.12","Adobe Acrobat 8.12 Image Conversion Plug-in","Capture_Scan_Plugins","output/by_producer/Adobe Acrobat 8.12 Image Conversion Plug-in/5XZTPYHPVJRYA5KPITBHN5UGYNZAVSQA_pre.pdf","output/by_producer/Adobe Acrobat 8.12 Image Conversion Plug-in/5XZTPYHPVJRYA5KPITBHN5UGYNZAVSQA_post.pdf"
"L25T3UJ2GCRQ5HZHAEKUSBDG3PSJV3CX","Adobe Acrobat 7.0 Paper Capture Plug-in","Adobe Acrobat 7.0","Adobe Acrobat 7.0 Paper Capture Plug-in","Capture_Scan_Plugins","output/by_producer/Adobe Acrobat 7.0 Paper Capture Plug-in/L25T3UJ2GCRQ5HZHAEKUSBDG3PSJV3CX_pre.pdf","output/by_producer/Adobe Acrobat 7.0 Paper Capture Plug-in/L25T3UJ2GCRQ5HZHAEKUSBDG3PSJV3CX_post.pdf"
"3RFOUAJS2LT6ZCT3K6C2SXFMNCJHTP5Q","Unknown producer","-","Unknown producer","Unknown","output/by_producer/Unknown producer/3RFOUAJS2LT6ZCT3K6C2SXFMNCJHTP5Q_pre.pdf","output/by_producer/Unknown producer/3RFOUAJS2LT6ZCT3K6C2SXFMNCJHTP5Q_post.pdf"
"YV3RJXNXP6ZR6V2SSVVQJWYAHBZSZ3GQ","Acrobat Distiller 8.1.0 (Windows)","Acrobat PDFMaker 8.1 for Word","Acrobat Distiller 8.1.0 (Windows)","Acrobat_Distiller","output/by_producer/Acrobat Distiller 8.1.0 (Windows)/YV3RJXNXP6ZR6V2SSVVQJWYAHBZSZ3GQ_pre.pdf","output/by_producer/Acrobat Distiller 8.1.0 (Windows)/YV3RJXNXP6ZR6V2SSVVQJWYAHBZSZ3GQ_post.pdf"
"GZ4X7A3RHNQOWPWZQJ5LHKIZ3JTHSIZI","Acrobat Distiller 4.0 for Windows","-","Acrobat Distiller 4.0 for Windows","Acrobat_Distiller","output/by_producer/Acrobat Distiller 4.0 for Windows/GZ4X7A3RHNQOWPWZQJ5LHKIZ3JTHSIZI_pre.pdf","output/by_producer/Acrobat Distiller 4.0 for Windows/GZ4X7A3RHNQOWPWZQJ5LHKIZ3JTHSIZI_post.pdf"
"6Z3CUWVPRPVEBPROWQCD6EZJ22CLL5OY","Acrobat Distiller 4.0 for Windows","-","Acrobat Distiller 4.0 for Windows","Acrobat_Distiller","output/by_producer/Acrobat Distiller 4.0 for Windows/6Z3CUWVPRPVEBPROWQCD6EZJ22CLL5OY_pre.pdf","output/by_producer/Acrobat Distiller 4.0 for Windows/6Z3CUWVPRPVEBPROWQCD6EZJ22CLL5OY_post.pdf"
"IPSOTZ2PBHPSDMON7CRCOAQD5CNYYOVE","Acrobat Distiller 5.0.5 (Windows)","ACOMP.exe WinVer 1c15 Aug 31 2005","Acrobat Distiller 5.0.5 (Windows)","Acrobat_Distiller","output/by_producer/Acrobat Distiller 5.0.5 (Windows)/IPSOTZ2PBHPSDMON7CRCOAQD5CNYYOVE_pre.pdf","output/by_producer/Acrobat Distiller 5.0.5 (Windows)/IPSOTZ2PBHPSDMON7CRCOAQD5CNYYOVE_post.pdf"
"NHYKVCJIDJXBIL5EMS743GR74TJUOWAT","Mac OS X 10.6.8 Quartz PDFContext","Microsoft PowerPoint","Mac OS X 10.6.8 Quartz PDFContext","MacOS_X_Quartz","output/by_producer/Mac OS X 10.6.8 Quartz PDFContext/NHYKVCJIDJXBIL5EMS743GR74TJUOWAT_pre.pdf","output/by_producer/Mac OS X 10.6.8 Quartz PDFContext/NHYKVCJIDJXBIL5EMS743GR74TJUOWAT_post.pdf"
"TQKGJWYKJNTQWNW2HK7HS4AB3RHIFAYW","TCPDF 2.5.000_PHP4 (http://www.tcpdf.org)","Joomla! 1.5 - Open Source Content Management","TCPDF 2.5.000_PHP4 (http___www.tcpdf.org)","TCPDF","output/by_producer/TCPDF 2.5.000_PHP4 (http___www.tcpdf.org)/TQKGJWYKJNTQWNW2HK7HS4AB3RHIFAYW_pre.pdf","output/by_producer/TCPDF 2.5.000_PHP4 (http___www.tcpdf.org)/TQKGJWYKJNTQWNW2HK7HS4AB3RHIFAYW_post.pdf"
"45W73IZ4UHYYGASU2Y4JO6Q7SC56OPTI","iText 2.1.4 (by lowagie.com)","Federal Digital System, U. S. Government Printing Office","iText 2.1.4 (by lowagie.com)","iText","output/by_producer/iText 2.1.4 (by lowagie.com)/45W73IZ4UHYYGASU2Y4JO6Q7SC56OPTI_pre.pdf","output/by_producer/iText 2.1.4 (by lowagie.com)/45W73IZ4UHYYGASU2Y4JO6Q7SC56OPTI_post.pdf"
"6OV4KF7OC77SI4QQ6W5MKPRKLFKJFMSA","Mac OS X 10.10.1 Quartz PDFContext","Word","Mac OS X 10.10.1 Quartz PDFContext","MacOS_X_Quartz","output/by_producer/Mac OS X 10.10.1 Quartz PDFContext/6OV4KF7OC77SI4QQ6W5MKPRKLFKJFMSA_pre.pdf","output/by_producer/Mac OS X 10.10.1 Quartz PDFContext/6OV4KF7OC77SI4QQ6W5MKPRKLFKJFMSA_post.pdf"
"UCIKEOE37G6VMOPEL5X4QHEPAIQP6RJ4","iText 2.1.7 by 1T3XT","pdfsam-console (Ver. 2.4.0e)","iText 2.1.7 by 1T3XT","iText","output/by_producer/iText 2.1.7 by 1T3XT/UCIKEOE37G6VMOPEL5X4QHEPAIQP6RJ4_pre.pdf","output/by_producer/iText 2.1.7 by 1T3XT/UCIKEOE37G6VMOPEL5X4QHEPAIQP6RJ4_post.pdf"
"YEFBTIMFZUJ5QQSKCQ4LHUMSFR6KUQNO","Acrobat PDFWriter 5.0 for Windows","Microsoft PowerPoint","Acrobat PDFWriter 5.0 for Windows","Acrobat_PDFWriter","output/by_producer/Acrobat PDFWriter 5.0 for Windows/YEFBTIMFZUJ5QQSKCQ4LHUMSFR6KUQNO_pre.pdf","output/by_producer/Acrobat PDFWriter 5.0 for Windows/YEFBTIMFZUJ5QQSKCQ4LHUMSFR6KUQNO_post.pdf"
"WPFFXHWCIVIRVWBJWEFDSSTKYRIZ625W","OneForm Designer Plus PDF Forms Generator","Amgraf OneForm Designer Plus","OneForm Designer Plus PDF Forms Generator","Unknown","output/by_producer/OneForm Designer Plus PDF Forms Generator/WPFFXHWCIVIRVWBJWEFDSSTKYRIZ625W_pre.pdf","output/by_producer/OneForm Designer Plus PDF Forms Generator/WPFFXHWCIVIRVWBJWEFDSSTKYRIZ625W_post.pdf"
"RGLIJBRXUUTOHN6QMS3KQSBFNPXYSYQ2","TCPDF 2.5.000_PHP4 (http://www.tcpdf.org)","Joomla! 1.5 - Open Source Content Management","TCPDF 2.5.000_PHP4 (http___www.tcpdf.org)","TCPDF","output/by_producer/TCPDF 2.5.000_PHP4 (http___www.tcpdf.org)/RGLIJBRXUUTOHN6QMS3KQSBFNPXYSYQ2_pre.pdf","output/by_producer/TCPDF 2.5.000_PHP4 (http___www.tcpdf.org)/RGLIJBRXUUTOHN6QMS3KQSBFNPXYSYQ2_post.pdf"
"4GJOQXDXU2XKJOU5NUAAVWW7LS4LSYA7","Unknown producer","R and OS php pdf writer, http://www.ros.co.nz","Unknown producer","Unknown","output/by_producer/Unknown producer/4GJOQXDXU2XKJOU5NUAAVWW7LS4LSYA7_pre.pdf","output/by_producer/Unknown producer/4GJOQXDXU2XKJOU5NUAAVWW7LS4LSYA7_post.pdf"
"NIHJBZJN6CKQUFWO67737BIBQUECGZYM","Acrobat Distiller 5.0 (Windows)","ADOBEPS4.DRV Version 4.50","Acrobat Distiller 5.0 (Windows)","Acrobat_Distiller","output/by_producer/Acrobat Distiller 5.0 (Windows)/NIHJBZJN6CKQUFWO67737BIBQUECGZYM_pre.pdf","output/by_producer/Acrobat Distiller 5.0 (Windows)/NIHJBZJN6CKQUFWO67737BIBQUECGZYM_post.pdf"
"4F6ZJS2JPBXSPZK5FG5NMTRHS6NMWKOJ","Acrobat PDFWriter 3.03 for Windows NT","Acrobat Capture Server 2.01","Acrobat PDFWriter 3.03 for Windows NT","Acrobat_PDFWriter","output/by_producer/Acrobat PDFWriter 3.03 for Windows NT/4F6ZJS2JPBXSPZK5FG5NMTRHS6NMWKOJ_pre.pdf","output/by_producer/Acrobat PDFWriter 3.03 for Windows NT/4F6ZJS2JPBXSPZK5FG5NMTRHS6NMWKOJ_post.pdf"
"R5O7UJD4YJERUYUP6XKJR6SA6ZJRA4AG","Unknown producer","-","Unknown producer","Unknown","output/by_producer/Unknown producer/R5O7UJD4YJERUYUP6XKJR6SA6ZJRA4AG_pre.pdf","output/by_producer/Unknown producer/R5O7UJD4YJERUYUP6XKJR6SA6ZJRA4AG_post.pdf"
"DOKB26RKCSAF5APEDPO4JYXMHMUCLPRI","Etymon PJ 1.10, Copyright (C) 1998-2000 Etymon Systems, Inc. <http://www.etymon.com/>.","Acrobat 4.05 Capture Plug-in for Windows","Etymon PJ 1.10, Copyright (C) 1998-2000 Etymon Systems, Inc. <http___www.etymon.com_>.","Unknown","output/by_producer/Etymon PJ 1.10, Copyright (C) 1998-2000 Etymon Systems, Inc. <http___www.etymon.com_>./DOKB26RKCSAF5APEDPO4JYXMHMUCLPRI_pre.pdf","output/by_producer/Etymon PJ 1.10, Copyright (C) 1998-2000 Etymon Systems, Inc. <http___www.etymon.com_>./DOKB26RKCSAF5APEDPO4JYXMHMUCLPRI_post.pdf"
"XUJHVZSHUO6SZ4PK733K7FVNZYTIAI6U","Acrobat Distiller 5.0.5 (Windows)","Acrobat PDFMaker 5.0 for Word","Acrobat Distiller 5.0.5 (Windows)","Acrobat_Distiller","output/by_producer/Acrobat Distiller 5.0.5 (Windows)/XUJHVZSHUO6SZ4PK733K7FVNZYTIAI6U_pre.pdf","output/by_producer/Acrobat Distiller 5.0.5 (Windows)/XUJHVZSHUO6SZ4PK733K7FVNZYTIAI6U_post.pdf"
"B5KPJCA2OHJFRE4CRZV6E2O7OQMTIU2M","Acrobat Distiller 9.0.0 (Windows)","PScript5.dll Version 5.2.2","Acrobat Distiller 9.0.0 (Windows)","Acrobat_Distiller","output/by_producer/Acrobat Distiller 9.0.0 (Windows)/B5KPJCA2OHJFRE4CRZV6E2O7OQMTIU2M_pre.pdf","output/by_producer/Acrobat Distiller 9.0.0 (Windows)/B5KPJCA2OHJFRE4CRZV6E2O7OQMTIU2M_post.pdf"
"VELUXRRXN2I54VRZZSVQZO7HVHQDIVUP","Aquaforest Tiff Image Server V1.x - http://www.aquaforest.com; modified using iText® 5.3.3 ©2000-2012 1T3XT BVBA (AGPL-version)","Aquaforest Tiff Image Server V1.x - http://www.aquaforest.com","Aquaforest Tiff Image Server V1.x - http___www.aquaforest.com; modified using iText® 5.3.3 ©2000-2012 1T3XT BVBA (AGPL-version)","iText","output/by_producer/Aquaforest Tiff Image Server V1.x - http___www.aquaforest.com; modified using iText® 5.3.3 ©2000-2012 1T3XT BVBA (AGPL-version)/VELUXRRXN2I54VRZZSVQZO7HVHQDIVUP_pre.pdf","output/by_producer/Aquaforest Tiff Image Server V1.x - http___www.aquaforest.com; modified using iText® 5.3.3 ©2000-2012 1T3XT BVBA (AGPL-version)/VELUXRRXN2I54VRZZSVQZO7HVHQDIVUP_post.pdf"
"RUL7FW772XCJNPOZ34TKKQD3THLBCHH7","Acrobat Distiller 7.0.5 (Windows)","PScript5.dll Version 5.2.2","Acrobat Distiller 7.0.5 (Windows)","Acrobat_Distiller","output/by_producer/Acrobat Distiller 7.0.5 (Windows)/RUL7FW772XCJNPOZ34TKKQD3THLBCHH7_pre.pdf","output/by_producer/Acrobat Distiller 7.0.5 (Windows)/RUL7FW772XCJNPOZ34TKKQD3THLBCHH7_post.pdf"
"YWJI57UE6VBGPHTJYLGMHWGRIBWIF2BG","Acrobat Distiller 4.0 for Windows","-","Acrobat Distiller 4.0 for Windows","Acrobat_Distiller","output/by_producer/Acrobat Distiller 4.0 for Windows/YWJI57UE6VBGPHTJYLGMHWGRIBWIF2BG_pre.pdf","output/by_producer/Acrobat Distiller 4.0 for Windows/YWJI57UE6VBGPHTJYLGMHWGRIBWIF2BG_post.pdf"
"P7ZED35W7LHI6YLKM5TVSLOQVACYSHHM","htmldoc 1.8.8 Copyright 1997-2000 Easy Software Products, All Rights Reserved.","-","htmldoc 1.8.8 Copyright 1997-2000 Easy Software Products, All Rights Reserved.","Unknown","output/by_producer/htmldoc 1.8.8 Copyright 1997-2000 Easy Software Products, All Rights Reserved./P7ZED35W7LHI6YLKM5TVSLOQVACYSHHM_pre.pdf","output/by_producer/htmldoc 1.8.8 Copyright 1997-2000 Easy Software Products, All Rights Reserved./P7ZED35W7LHI6YLKM5TVSLOQVACYSHHM_post.pdf"
"ZDFWMKCHQYHS6FUNM6VG6IBZUGFGRP2Z","ComponentOne PDF Generator 8.0","-","ComponentOne PDF Generator 8.0","Unknown","output/by_producer/ComponentOne PDF Generator 8.0/ZDFWMKCHQYHS6FUNM6VG6IBZUGFGRP2Z_pre.pdf","output/by_producer/ComponentOne PDF Generator 8.0/ZDFWMKCHQYHS6FUNM6VG6IBZUGFGRP2Z_post.pdf"
"KJRNBHQZEAPZL7FXVKBGPEN45LKGPLGM","Apache FOP Version 0.94","-","Apache FOP Version 0.94","Unknown","output/by_producer/Apache FOP Version 0.94/KJRNBHQZEAPZL7FXVKBGPEN45LKGPLGM_pre.pdf","output/by_producer/Apache FOP Version 0.94/KJRNBHQZEAPZL7FXVKBGPEN45LKGPLGM_post.pdf"
"APSZJI6LK7RTS54T7IXF4JHQFEOPNCCZ","Acrobat Distiller 6.0 (Windows)","PScript5.dll Version 5.2","Acrobat Distiller 6.0 (Windows)","Acrobat_Distiller","output/by_producer/Acrobat Distiller 6.0 (Windows)/APSZJI6LK7RTS54T7IXF4JHQFEOPNCCZ_pre.pdf","output/by_producer/Acrobat Distiller 6.0 (Windows)/APSZJI6LK7RTS54T7IXF4JHQFEOPNCCZ_post.pdf"
"BTV7FPFDLIGZEEUQ3ODJ2J7BJ57HJXTG","libtiff / tiff2pdf - 20100615","-","libtiff _ tiff2pdf - 20100615","libtiff_tiff2pdf","output/by_producer/libtiff _ tiff2pdf - 20100615/BTV7FPFDLIGZEEUQ3ODJ2J7BJ57HJXTG_pre.pdf","output/by_producer/libtiff _ tiff2pdf - 20100615/BTV7FPFDLIGZEEUQ3ODJ2J7BJ57HJXTG_post.pdf"
"4ADSQBDDIAH74AABB7OJ4AP5ZVHU7QIF","5,0,0,296","I.R.I.S.","5,0,0,296","Unknown","output/by_producer/5,0,0,296/4ADSQBDDIAH74AABB7OJ4AP5ZVHU7QIF_pre.pdf","output/by_producer/5,0,0,296/4ADSQBDDIAH74AABB7OJ4AP5ZVHU7QIF_post.pdf"
"LYCCADK4R374ZC4R4ROO5VZSQLHW4RPQ","Acrobat Distiller 8.0.0 (Windows)","PScript5.dll Version 5.2.2","Acrobat Distiller 8.0.0 (Windows)","Acrobat_Distiller","output/by_producer/Acrobat Distiller 8.0.0 (Windows)/LYCCADK4R374ZC4R4ROO5VZSQLHW4RPQ_pre.pdf","output/by_producer/Acrobat Distiller 8.0.0 (Windows)/LYCCADK4R374ZC4R4ROO5VZSQLHW4RPQ_post.pdf"
"IYUNRQPMTREBOTPIQVJVWLOXDYVFY7PH","Adobe PDF Library 9.0","Adobe InDesign CS4 (6.0)","Adobe PDF Library 9.0","Adobe_PDF_Library","output/by_producer/Adobe PDF Library 9.0/IYUNRQPMTREBOTPIQVJVWLOXDYVFY7PH_pre.pdf","output/by_producer/Adobe PDF Library 9.0/IYUNRQPMTREBOTPIQVJVWLOXDYVFY7PH_post.pdf"
"YPJGTPONABVA34PNQIGXTGYHOH4IIROZ","Acrobat Distiller 4.0 for Windows","AdobePS5.dll Version 5.0.1","Acrobat Distiller 4.0 for Windows","Acrobat_Distiller","output/by_producer/Acrobat Distiller 4.0 for Windows/YPJGTPONABVA34PNQIGXTGYHOH4IIROZ_pre.pdf","output/by_producer/Acrobat Distiller 4.0 for Windows/YPJGTPONABVA34PNQIGXTGYHOH4IIROZ_post.pdf"
"W6DBVMTHBXFF4YFGTJVKRJAR2LFCJRI2","Acrobat Distiller 6.0.1 (Windows)","PScript5.dll Version 5.2.2","Acrobat Distiller 6.0.1 (Windows)","Acrobat_Distiller","output/by_producer/Acrobat Distiller 6.0.1 (Windows)/W6DBVMTHBXFF4YFGTJVKRJAR2LFCJRI2_pre.pdf","output/by_producer/Acrobat Distiller 6.0.1 (Windows)/W6DBVMTHBXFF4YFGTJVKRJAR2LFCJRI2_post.pdf"
"F5H4P3SVLYMD7CM2HIICOSAGODB6N3JT","iText 1.4 (by lowagie.com)","-","iText 1.4 (by lowagie.com)","iText","output/by_producer/iText 1.4 (by lowagie.com)/F5H4P3SVLYMD7CM2HIICOSAGODB6N3JT_pre.pdf","output/by_producer/iText 1.4 (by lowagie.com)/F5H4P3SVLYMD7CM2HIICOSAGODB6N3JT_post.pdf"
"MZRWQI7HD6SSDT2AQTG7FN73WTASIU6X","Corel PDF Engine Version 11.2.0.602","Print Server 120","Corel PDF Engine Version 11.2.0.602","Corel_PDF_Engine","output/by_producer/Corel PDF Engine Version 11.2.0.602/MZRWQI7HD6SSDT2AQTG7FN73WTASIU6X_pre.pdf","output/by_producer/Corel PDF Engine Version 11.2.0.602/MZRWQI7HD6SSDT2AQTG7FN73WTASIU6X_post.pdf"
"VOFCKLPGMEN2Y5ZHMM7S6TQ3C6Y5FEWN","TCPDF 2.5.000_PHP4 (http://www.tcpdf.org)","Joomla! 1.5 - Open Source Content Management","TCPDF 2.5.000_PHP4 (http___www.tcpdf.org)","TCPDF","output/by_producer/TCPDF 2.5.000_PHP4 (http___www.tcpdf.org)/VOFCKLPGMEN2Y5ZHMM7S6TQ3C6Y5FEWN_pre.pdf","output/by_producer/TCPDF 2.5.000_PHP4 (http___www.tcpdf.org)/VOFCKLPGMEN2Y5ZHMM7S6TQ3C6Y5FEWN_post.pdf"
"EHKVBSEBX33HSCZP2YGBOAAGM4WPMRL2","Acrobat PDFWriter 4.05 for Windows","B_TOTALX.WK4","Acrobat PDFWriter 4.05 for Windows","Acrobat_PDFWriter","output/by_producer/Acrobat PDFWriter 4.05 for Windows/EHKVBSEBX33HSCZP2YGBOAAGM4WPMRL2_pre.pdf","output/by_producer/Acrobat PDFWriter 4.05 for Windows/EHKVBSEBX33HSCZP2YGBOAAGM4WPMRL2_post.pdf"
"PVG2YQXZ3BYEDVLQ3JGB5JXXYWWQ327E","Acrobat Net Distiller 1.0 for Windows","-","Acrobat Net Distiller 1.0 for Windows","Acrobat_Net_Distiller","output/by_producer/Acrobat Net Distiller 1.0 for Windows/PVG2YQXZ3BYEDVLQ3JGB5JXXYWWQ327E_pre.pdf","output/by_producer/Acrobat Net Distiller 1.0 for Windows/PVG2YQXZ3BYEDVLQ3JGB5JXXYWWQ327E_post.pdf"
"BOH4KJMMRAVVCOH7QURXB6OI54ZHSFSX","TCPDF 2.5.000_PHP4 (http://www.tcpdf.org)","Joomla! 1.5 - Open Source Content Management","TCPDF 2.5.000_PHP4 (http___www.tcpdf.org)","TCPDF","output/by_producer/TCPDF 2.5.000_PHP4 (http___www.tcpdf.org)/BOH4KJMMRAVVCOH7QURXB6OI54ZHSFSX_pre.pdf","output/by_producer/TCPDF 2.5.000_PHP4 (http___www.tcpdf.org)/BOH4KJMMRAVVCOH7QURXB6OI54ZHSFSX_post.pdf"
"672YOEHR4MIARPSZVTI7ERPCKKA3FNIY","TCPDF 2.5.000_PHP4 (http://www.tcpdf.org)","Joomla! 1.5 - Open Source Content Management","TCPDF 2.5.000_PHP4 (http___www.tcpdf.org)","TCPDF","output/by_producer/TCPDF 2.5.000_PHP4 (http___www.tcpdf.org)/672YOEHR4MIARPSZVTI7ERPCKKA3FNIY_pre.pdf","output/by_producer/TCPDF 2.5.000_PHP4 (http___www.tcpdf.org)/672YOEHR4MIARPSZVTI7ERPCKKA3FNIY_post.pdf"
"RBQS77ZEQXZZN5PHJPGI4PI4XB3ANVBB","Acrobat Distiller 8.2.6 (Windows)","Acrobat PDFMaker 8.1 for PowerPoint","Acrobat Distiller 8.2.6 (Windows)","Acrobat_Distiller","output/by_producer/Acrobat Distiller 8.2.6 (Windows)/RBQS77ZEQXZZN5PHJPGI4PI4XB3ANVBB_pre.pdf","output/by_producer/Acrobat Distiller 8.2.6 (Windows)/RBQS77ZEQXZZN5PHJPGI4PI4XB3ANVBB_post.pdf"
"XGGSDGFBFOJ2GAT5CWQVQOO6N3PDMSGP","TCPDF 2.5.000_PHP4 (http://www.tcpdf.org)","Joomla! 1.5 - Open Source Content Management","TCPDF 2.5.000_PHP4 (http___www.tcpdf.org)","TCPDF","output/by_producer/TCPDF 2.5.000_PHP4 (http___www.tcpdf.org)/XGGSDGFBFOJ2GAT5CWQVQOO6N3PDMSGP_pre.pdf","output/by_producer/TCPDF 2.5.000_PHP4 (http___www.tcpdf.org)/XGGSDGFBFOJ2GAT5CWQVQOO6N3PDMSGP_post.pdf"
"PBRTEXYSUIMW5CIBMCG6PETQ5MICKEQH","ComponentOne PDF Generator 8.0","-","ComponentOne PDF Generator 8.0","Unknown","output/by_producer/ComponentOne PDF Generator 8.0/PBRTEXYSUIMW5CIBMCG6PETQ5MICKEQH_pre.pdf","output/by_producer/ComponentOne PDF Generator 8.0/PBRTEXYSUIMW5CIBMCG6PETQ5MICKEQH_post.pdf"
"SFF6OU2N7INH3UGAKC4QLCTJU2VZK7WM","Unknown producer","HP 9100C Digital Sender","Unknown producer","Unknown","output/by_producer/Unknown producer/SFF6OU2N7INH3UGAKC4QLCTJU2VZK7WM_pre.pdf","output/by_producer/Unknown producer/SFF6OU2N7INH3UGAKC4QLCTJU2VZK7WM_post.pdf"
"XXZGBTO7DJBJ476EV6TWS6YH62WUYQU2","Acrobat Distiller 4.05 for Macintosh","-","Acrobat Distiller 4.05 for Macintosh","Acrobat_Distiller","output/by_producer/Acrobat Distiller 4.05 for Macintosh/XXZGBTO7DJBJ476EV6TWS6YH62WUYQU2_pre.pdf","output/by_producer/Acrobat Distiller 4.05 for Macintosh/XXZGBTO7DJBJ476EV6TWS6YH62WUYQU2_post.pdf"
"35REBWQXW3JLUKC6DAANAQ2P3RI5B6A6","Unknown producer","-","Unknown producer","Unknown","output/by_producer/Unknown producer/35REBWQXW3JLUKC6DAANAQ2P3RI5B6A6_pre.pdf","output/by_producer/Unknown producer/35REBWQXW3JLUKC6DAANAQ2P3RI5B6A6_post.pdf"
"ZRLDRES3WQDNUZBVIGADP5JISMEUTD5C","Microsoft® PowerPoint® 2013","Microsoft® PowerPoint® 2013","Microsoft® PowerPoint® 2013","Microsoft_Office","output/by_producer/Microsoft® PowerPoint® 2013/ZRLDRES3WQDNUZBVIGADP5JISMEUTD5C_pre.pdf","output/by_producer/Microsoft® PowerPoint® 2013/ZRLDRES3WQDNUZBVIGADP5JISMEUTD5C_post.pdf"
"EKYCT6JDYSVHCFQPJSCTM7VEB5GEUPWR","Adobe LiveCycle Designer ES 8.2","Adobe LiveCycle Designer ES 8.2","Adobe LiveCycle Designer ES 8.2","Unknown","output/by_producer/Adobe LiveCycle Designer ES 8.2/EKYCT6JDYSVHCFQPJSCTM7VEB5GEUPWR_pre.pdf","output/by_producer/Adobe LiveCycle Designer ES 8.2/EKYCT6JDYSVHCFQPJSCTM7VEB5GEUPWR_post.pdf"
"6RWOLVNDX4CTI4PAGDGMWC3FFBTVW3TK","Acrobat 5.0 Scan Plug-in for Windows","Acrobat 5.0 Paper Capture Plug-in for Windows","Acrobat 5.0 Scan Plug-in for Windows","Capture_Scan_Plugins","output/by_producer/Acrobat 5.0 Scan Plug-in for Windows/6RWOLVNDX4CTI4PAGDGMWC3FFBTVW3TK_pre.pdf","output/by_producer/Acrobat 5.0 Scan Plug-in for Windows/6RWOLVNDX4CTI4PAGDGMWC3FFBTVW3TK_post.pdf"
"QRWUEJ3NLZCZOXL2HTG2KMRCA6O42IG5","TCPDF 2.5.000_PHP4 (http://www.tcpdf.org)","Joomla! 1.5 - Open Source Content Management","TCPDF 2.5.000_PHP4 (http___www.tcpdf.org)","TCPDF","output/by_producer/TCPDF 2.5.000_PHP4 (http___www.tcpdf.org)/QRWUEJ3NLZCZOXL2HTG2KMRCA6O42IG5_pre.pdf","output/by_producer/TCPDF 2.5.000_PHP4 (http___www.tcpdf.org)/QRWUEJ3NLZCZOXL2HTG2KMRCA6O42IG5_post.pdf"
"5LSCLZ4YEU5LZUAPARZB6QKKYSPSLW26","TCPDF 2.5.000_PHP4 (http://www.tcpdf.org)","Joomla! 1.5 - Open Source Content Management","TCPDF 2.5.000_PHP4 (http___www.tcpdf.org)","TCPDF","output/by_producer/TCPDF 2.5.000_PHP4 (http___www.tcpdf.org)/5LSCLZ4YEU5LZUAPARZB6QKKYSPSLW26_pre.pdf","output/by_producer/TCPDF 2.5.000_PHP4 (http___www.tcpdf.org)/5LSCLZ4YEU5LZUAPARZB6QKKYSPSLW26_post.pdf"
"46KXLWATPXX7EE6CIIN3H4KUPVN3RX75","Acrobat Distiller 7.0 (Windows)","PScript5.dll Version 5.2.2","Acrobat Distiller 7.0 (Windows)","Acrobat_Distiller","output/by_producer/Acrobat Distiller 7.0 (Windows)/46KXLWATPXX7EE6CIIN3H4KUPVN3RX75_pre.pdf","output/by_producer/Acrobat Distiller 7.0 (Windows)/46KXLWATPXX7EE6CIIN3H4KUPVN3RX75_post.pdf"
"WI2VFTXLXSXQKDIARAOUUVVHAWB2UQT2","Acrobat Distiller 9.0.0 (Windows)","PScript5.dll Version 5.2.2","Acrobat Distiller 9.0.0 (Windows)","Acrobat_Distiller","output/by_producer/Acrobat Distiller 9.0.0 (Windows)/WI2VFTXLXSXQKDIARAOUUVVHAWB2UQT2_pre.pdf","output/by_producer/Acrobat Distiller 9.0.0 (Windows)/WI2VFTXLXSXQKDIARAOUUVVHAWB2UQT2_post.pdf"
"PVW3BCYZZQIFEHTAV4LFTP25PEF7ZF2E","Acrobat Distiller 5.0.5 (Windows)","ACOMP.exe WinVer 1b43 jul 14 2003","Acrobat Distiller 5.0.5 (Windows)","Acrobat_Distiller","output/by_producer/Acrobat Distiller 5.0.5 (Windows)/PVW3BCYZZQIFEHTAV4LFTP25PEF7ZF2E_pre.pdf","output/by_producer/Acrobat Distiller 5.0.5 (Windows)/PVW3BCYZZQIFEHTAV4LFTP25PEF7ZF2E_post.pdf"
"TS4MM5OXQXRQD6PMXRTRS3INCBAMAXCO","Adobe PDF Library 7.0","Adobe InDesign CS2 (4.0)","Adobe PDF Library 7.0","Adobe_PDF_Library","output/by_producer/Adobe PDF Library 7.0/TS4MM5OXQXRQD6PMXRTRS3INCBAMAXCO_pre.pdf","output/by_producer/Adobe PDF Library 7.0/TS4MM5OXQXRQD6PMXRTRS3INCBAMAXCO_post.pdf"
"TTIW4RPBGSA7VUIZ6FAJFB3VIYGDENLI","Powered By Crystal","Crystal Reports","Powered By Crystal","Unknown","output/by_producer/Powered By Crystal/TTIW4RPBGSA7VUIZ6FAJFB3VIYGDENLI_pre.pdf","output/by_producer/Powered By Crystal/TTIW4RPBGSA7VUIZ6FAJFB3VIYGDENLI_post.pdf"
"QQ3PAME5WNXC55BB7PSNV3NRG375VYE4","Microsoft® Office Word 2007","Microsoft® Office Word 2007","Microsoft® Office Word 2007","Microsoft_Office","output/by_producer/Microsoft® Office Word 2007/QQ3PAME5WNXC55BB7PSNV3NRG375VYE4_pre.pdf","output/by_producer/Microsoft® Office Word 2007/QQ3PAME5WNXC55BB7PSNV3NRG375VYE4_post.pdf"
"TD2LH5WWPKTV5W3X3BV3EUBJJ24GCTZ2","TCPDF 2.5.000_PHP4 (http://www.tcpdf.org)","Joomla! 1.5 - Open Source Content Management","TCPDF 2.5.000_PHP4 (http___www.tcpdf.org)","TCPDF","output/by_producer/TCPDF 2.5.000_PHP4 (http___www.tcpdf.org)/TD2LH5WWPKTV5W3X3BV3EUBJJ24GCTZ2_pre.pdf","output/by_producer/TCPDF 2.5.000_PHP4 (http___www.tcpdf.org)/TD2LH5WWPKTV5W3X3BV3EUBJJ24GCTZ2_post.pdf"
"OGOIOJCYO3VA7JT3K5N3OVKM4PB2BF7K","Unknown producer","Hewlett Packard MFP","Unknown producer","Unknown","output/by_producer/Unknown producer/OGOIOJCYO3VA7JT3K5N3OVKM4PB2BF7K_pre.pdf","output/by_producer/Unknown producer/OGOIOJCYO3VA7JT3K5N3OVKM4PB2BF7K_post.pdf"
"A6DZXB7GJCZULMSWOVPHR6WR6FRXNRAN","Acrobat Distiller 7.0.5 (Windows)","Acrobat PDFMaker 7.0.7 for Word","Acrobat Distiller 7.0.5 (Windows)","Acrobat_Distiller","output/by_producer/Acrobat Distiller 7.0.5 (Windows)/A6DZXB7GJCZULMSWOVPHR6WR6FRXNRAN_pre.pdf","output/by_producer/Acrobat Distiller 7.0.5 (Windows)/A6DZXB7GJCZULMSWOVPHR6WR6FRXNRAN_post.pdf"
"5EAVIV25ANDVUI4BBJQE6S5KDAECENZZ","Corel PDF Engine Version 11.4.0.100","PrintServer130","Corel PDF Engine Version 11.4.0.100","Corel_PDF_Engine","output/by_producer/Corel PDF Engine Version 11.4.0.100/5EAVIV25ANDVUI4BBJQE6S5KDAECENZZ_pre.pdf","output/by_producer/Corel PDF Engine Version 11.4.0.100/5EAVIV25ANDVUI4BBJQE6S5KDAECENZZ_post.pdf"
"TYLWGSX5OYKE27DHTQXUJTBMKMHMKY3B","Acrobat Distiller 5.0 (Windows)","Acrobat PDFMaker 5.0 for Word","Acrobat Distiller 5.0 (Windows)","Acrobat_Distiller","output/by_producer/Acrobat Distiller 5.0 (Windows)/TYLWGSX5OYKE27DHTQXUJTBMKMHMKY3B_pre.pdf","output/by_producer/Acrobat Distiller 5.0 (Windows)/TYLWGSX5OYKE27DHTQXUJTBMKMHMKY3B_post.pdf"
"BCUX3MK6IP7A6DWNH2ORKIO2PECOXJDO","Unknown producer","-","Unknown producer","Unknown","output/by_producer/Unknown producer/BCUX3MK6IP7A6DWNH2ORKIO2PECOXJDO_pre.pdf","output/by_producer/Unknown producer/BCUX3MK6IP7A6DWNH2ORKIO2PECOXJDO_post.pdf"
"ZG4LEUW7PZHS3KKJS6YEPD3F6MV2G3HH","Adobe Acrobat 8.12 Image Conversion Plug-in","Adobe Acrobat 8.12","Adobe Acrobat 8.12 Image Conversion Plug-in","Capture_Scan_Plugins","output/by_producer/Adobe Acrobat 8.12 Image Conversion Plug-in/ZG4LEUW7PZHS3KKJS6YEPD3F6MV2G3HH_pre.pdf","output/by_producer/Adobe Acrobat 8.12 Image Conversion Plug-in/ZG4LEUW7PZHS3KKJS6YEPD3F6MV2G3HH_post.pdf"
"ON2LIHQQ5QFF6JIQGMUDF7ALYUDKTTV6","Adobe Acrobat 8.12 Image Conversion Plug-in","Adobe Acrobat 8.12","Adobe Acrobat 8.12 Image Conversion Plug-in","Capture_Scan_Plugins","output/by_producer/Adobe Acrobat 8.12 Image Conversion Plug-in/ON2LIHQQ5QFF6JIQGMUDF7ALYUDKTTV6_pre.pdf","output/by_producer/Adobe Acrobat 8.12 Image Conversion Plug-in/ON2LIHQQ5QFF6JIQGMUDF7ALYUDKTTV6_post.pdf"
"KAX2V43VIPOF5R7SL2YYD2JQFRQCPWQ5","TCPDF 2.5.000_PHP4 (http://www.tcpdf.org)","Joomla! 1.5 - Open Source Content Management","TCPDF 2.5.000_PHP4 (http___www.tcpdf.org)","TCPDF","output/by_producer/TCPDF 2.5.000_PHP4 (http___www.tcpdf.org)/KAX2V43VIPOF5R7SL2YYD2JQFRQCPWQ5_pre.pdf","output/by_producer/TCPDF 2.5.000_PHP4 (http___www.tcpdf.org)/KAX2V43VIPOF5R7SL2YYD2JQFRQCPWQ5_post.pdf"
"JX4QV4DIXVXTDI737KSBDD7U3WHIGNWL","Unknown producer","CCS docWORKS/METAe Version 6.3-0","Unknown producer","Unknown","output/by_producer/Unknown producer/JX4QV4DIXVXTDI737KSBDD7U3WHIGNWL_pre.pdf","output/by_producer/Unknown producer/JX4QV4DIXVXTDI737KSBDD7U3WHIGNWL_post.pdf"
"FIFBHNNBJDHSCZYQOIS2APXAA2IWIHK5","Acrobat Distiller 4.0 for Windows","Microsoft Word 9.0","Acrobat Distiller 4.0 for Windows","Acrobat_Distiller","output/by_producer/Acrobat Distiller 4.0 for Windows/FIFBHNNBJDHSCZYQOIS2APXAA2IWIHK5_pre.pdf","output/by_producer/Acrobat Distiller 4.0 for Windows/FIFBHNNBJDHSCZYQOIS2APXAA2IWIHK5_post.pdf"
"TZSZSGZVI7P44AUKHWEPGY3OVXOFWVPW","iText® 5.5.0 ©2000-2013 iText Group NV (AGPL-version)","-","iText® 5.5.0 ©2000-2013 iText Group NV (AGPL-version)","iText","output/by_producer/iText® 5.5.0 ©2000-2013 iText Group NV (AGPL-version)/TZSZSGZVI7P44AUKHWEPGY3OVXOFWVPW_pre.pdf","output/by_producer/iText® 5.5.0 ©2000-2013 iText Group NV (AGPL-version)/TZSZSGZVI7P44AUKHWEPGY3OVXOFWVPW_post.pdf"
"X5LYOK62EFBFVPNGADYEJUVEZJTZDHMC","Acrobat PDFWriter 4.0 for Windows","Microsoft Word - 3650s1a.doc","Acrobat PDFWriter 4.0 for Windows","Acrobat_PDFWriter","output/by_producer/Acrobat PDFWriter 4.0 for Windows/X5LYOK62EFBFVPNGADYEJUVEZJTZDHMC_pre.pdf","output/by_producer/Acrobat PDFWriter 4.0 for Windows/X5LYOK62EFBFVPNGADYEJUVEZJTZDHMC_post.pdf"
"QSPE3BHAI3DOO552RNZ5WXPJVIWAZ4LT","iText 2.1.4 (by lowagie.com)","-","iText 2.1.4 (by lowagie.com)","iText","output/by_producer/iText 2.1.4 (by lowagie.com)/QSPE3BHAI3DOO552RNZ5WXPJVIWAZ4LT_pre.pdf","output/by_producer/iText 2.1.4 (by lowagie.com)/QSPE3BHAI3DOO552RNZ5WXPJVIWAZ4LT_post.pdf"
"SMLSJMKRNAOZZQNGBSDINWG77B4OO535","MFPImgLib V1.0","TOSHIBA e-STUDIO2330C","MFPImgLib V1.0","Unknown","output/by_producer/MFPImgLib V1.0/SMLSJMKRNAOZZQNGBSDINWG77B4OO535_pre.pdf","output/by_producer/MFPImgLib V1.0/SMLSJMKRNAOZZQNGBSDINWG77B4OO535_post.pdf"
"MFDBEUJHJSM7EYXX7SA6GULFWNIDHE5Q","CVISION Technologies","CVISION Technologies","CVISION Technologies","Unknown","output/by_producer/CVISION Technologies/MFDBEUJHJSM7EYXX7SA6GULFWNIDHE5Q_pre.pdf","output/by_producer/CVISION Technologies/MFDBEUJHJSM7EYXX7SA6GULFWNIDHE5Q_post.pdf"
"O4Z3IEED7ROYYCKDRARK2BBHSZGR4M5Y","Neevia PDFcompress v3.3 (http://neeviaPDF.com)","QuarkXPress: pictwpstops filter 1.0","Neevia PDFcompress v3.3 (http___neeviaPDF.com)","Unknown","output/by_producer/Neevia PDFcompress v3.3 (http___neeviaPDF.com)/O4Z3IEED7ROYYCKDRARK2BBHSZGR4M5Y_pre.pdf","output/by_producer/Neevia PDFcompress v3.3 (http___neeviaPDF.com)/O4Z3IEED7ROYYCKDRARK2BBHSZGR4M5Y_post.pdf"
"ULCLOMI3UKLP64SCVDH4CHNACUNJWMNC","iText 2.1.0 (by lowagie.com)","-","iText 2.1.0 (by lowagie.com)","iText","output/by_producer/iText 2.1.0 (by lowagie.com)/ULCLOMI3UKLP64SCVDH4CHNACUNJWMNC_pre.pdf","output/by_producer/iText 2.1.0 (by lowagie.com)/ULCLOMI3UKLP64SCVDH4CHNACUNJWMNC_post.pdf"
"OGSA4IWZYF53JIBKQTNJ66QCBGV7EKR7","Adobe PDF Library 4.0","Acrobat Capture 3.0","Adobe PDF Library 4.0","Adobe_PDF_Library","output/by_producer/Adobe PDF Library 4.0/OGSA4IWZYF53JIBKQTNJ66QCBGV7EKR7_pre.pdf","output/by_producer/Adobe PDF Library 4.0/OGSA4IWZYF53JIBKQTNJ66QCBGV7EKR7_post.pdf"
"AJUCXMX47JIFDGYJLPX5YLA7W3N4IXSV","Acrobat Distiller 9.3.0 (Windows)","Acrobat PDFMaker 9.1 for Word","Acrobat Distiller 9.3.0 (Windows)","Acrobat_Distiller","output/by_producer/Acrobat Distiller 9.3.0 (Windows)/AJUCXMX47JIFDGYJLPX5YLA7W3N4IXSV_pre.pdf","output/by_producer/Acrobat Distiller 9.3.0 (Windows)/AJUCXMX47JIFDGYJLPX5YLA7W3N4IXSV_post.pdf"
"HH5OITTKV27JDKG7CZ3U2VNDB4VFEWWQ","Amyuni PDF Converter version 4.5.0.5","-","Amyuni PDF Converter version 4.5.0.5","Unknown","output/by_producer/Amyuni PDF Converter version 4.5.0.5/HH5OITTKV27JDKG7CZ3U2VNDB4VFEWWQ_pre.pdf","output/by_producer/Amyuni PDF Converter version 4.5.0.5/HH5OITTKV27JDKG7CZ3U2VNDB4VFEWWQ_post.pdf"
"VMAVPNCX4546X5JYE5USJNJDWXJKFQOL","TCPDF 2.5.000_PHP4 (http://www.tcpdf.org)","Joomla! 1.5 - Open Source Content Management","TCPDF 2.5.000_PHP4 (http___www.tcpdf.org)","TCPDF","output/by_producer/TCPDF 2.5.000_PHP4 (http___www.tcpdf.org)/VMAVPNCX4546X5JYE5USJNJDWXJKFQOL_pre.pdf","output/by_producer/TCPDF 2.5.000_PHP4 (http___www.tcpdf.org)/VMAVPNCX4546X5JYE5USJNJDWXJKFQOL_post.pdf"
"KIUEITSZRTECBD2K3QVN45QGYG2VIQFS","Acrobat PDFWriter 2.0 for Macintosh","Microsoft Word","Acrobat PDFWriter 2.0 for Macintosh","Acrobat_PDFWriter","output/by_producer/Acrobat PDFWriter 2.0 for Macintosh/KIUEITSZRTECBD2K3QVN45QGYG2VIQFS_pre.pdf","output/by_producer/Acrobat PDFWriter 2.0 for Macintosh/KIUEITSZRTECBD2K3QVN45QGYG2VIQFS_post.pdf"
"YQY6Q5J2VJISODMWOY4RTLVPDNNJABCT","Acrobat Distiller 8.1.0 (Windows)","Acrobat PDFMaker 8.1 for Word","Acrobat Distiller 8.1.0 (Windows)","Acrobat_Distiller","output/by_producer/Acrobat Distiller 8.1.0 (Windows)/YQY6Q5J2VJISODMWOY4RTLVPDNNJABCT_pre.pdf","output/by_producer/Acrobat Distiller 8.1.0 (Windows)/YQY6Q5J2VJISODMWOY4RTLVPDNNJABCT_post.pdf"
"SG2PPB6KXHJHMFS4L6KBW7Y6CPOZGWJT","Acrobat Distiller 7.0 (Windows)","PScript5.dll Version 5.2.2","Acrobat Distiller 7.0 (Windows)","Acrobat_Distiller","output/by_producer/Acrobat Distiller 7.0 (Windows)/SG2PPB6KXHJHMFS4L6KBW7Y6CPOZGWJT_pre.pdf","output/by_producer/Acrobat Distiller 7.0 (Windows)/SG2PPB6KXHJHMFS4L6KBW7Y6CPOZGWJT_post.pdf"
"VJRDAXENL7KN3L7MPL2ARVWNE6YOL5PU","Acrobat Distiller 9.0.0 (Windows)","PScript5.dll Version 5.2.2","Acrobat Distiller 9.0.0 (Windows)","Acrobat_Distiller","output/by_producer/Acrobat Distiller 9.0.0 (Windows)/VJRDAXENL7KN3L7MPL2ARVWNE6YOL5PU_pre.pdf","output/by_producer/Acrobat Distiller 9.0.0 (Windows)/VJRDAXENL7KN3L7MPL2ARVWNE6YOL5PU_post.pdf"
"HCPCI34AEBKDUFDP442OTOL2AUGIG3BJ","Acrobat Distiller 7.0.5 (Windows)","Acrobat PDFMaker 7.0.7 for Word","Acrobat Distiller 7.0.5 (Windows)","Acrobat_Distiller","output/by_producer/Acrobat Distiller 7.0.5 (Windows)/HCPCI34AEBKDUFDP442OTOL2AUGIG3BJ_pre.pdf","output/by_producer/Acrobat Distiller 7.0.5 (Windows)/HCPCI34AEBKDUFDP442OTOL2AUGIG3BJ_post.pdf"
"GTJF3FNLZ4ZXJPIJ4WDESMZ6DR3CTLSD","Acrobat Net Distiller 1.0 for Windows","-","Acrobat Net Distiller 1.0 for Windows","Acrobat_Net_Distiller","output/by_producer/Acrobat Net Distiller 1.0 for Windows/GTJF3FNLZ4ZXJPIJ4WDESMZ6DR3CTLSD_pre.pdf","output/by_producer/Acrobat Net Distiller 1.0 for Windows/GTJF3FNLZ4ZXJPIJ4WDESMZ6DR3CTLSD_post.pdf"
"W432ODS2OFAWYUFA5RQ3B7OWKDQWFXCD","Unknown producer","-","Unknown producer","Unknown","output/by_producer/Unknown producer/W432ODS2OFAWYUFA5RQ3B7OWKDQWFXCD_pre.pdf","output/by_producer/Unknown producer/W432ODS2OFAWYUFA5RQ3B7OWKDQWFXCD_post.pdf"
"GVQFFTBHO2WYEON7YRSWGOKKT4BFLY3P","Acrobat Distiller 8.3.0 (Macintosh)","Adobe InDesign CS3 (5.0.4)","Acrobat Distiller 8.3.0 (Macintosh)","Acrobat_Distiller","output/by_producer/Acrobat Distiller 8.3.0 (Macintosh)/GVQFFTBHO2WYEON7YRSWGOKKT4BFLY3P_pre.pdf","output/by_producer/Acrobat Distiller 8.3.0 (Macintosh)/GVQFFTBHO2WYEON7YRSWGOKKT4BFLY3P_post.pdf"
"CTMYRF75O3COU6UV5KWIFEF6TLJF4REJ","Acrobat 3.0 Scan Plug-in","Acrobat 3.0 Capture Plug-in","Acrobat 3.0 Scan Plug-in","Capture_Scan_Plugins","output/by_producer/Acrobat 3.0 Scan Plug-in/CTMYRF75O3COU6UV5KWIFEF6TLJF4REJ_pre.pdf","output/by_producer/Acrobat 3.0 Scan Plug-in/CTMYRF75O3COU6UV5KWIFEF6TLJF4REJ_post.pdf"
"2REYVBYLIEUNFBZ5FULJCPTJCZHNOENV","Acrobat Distiller 5.0.5 (Windows)","PScript5.dll Version 5.2","Acrobat Distiller 5.0.5 (Windows)","Acrobat_Distiller","output/by_producer/Acrobat Distiller 5.0.5 (Windows)/2REYVBYLIEUNFBZ5FULJCPTJCZHNOENV_pre.pdf","output/by_producer/Acrobat Distiller 5.0.5 (Windows)/2REYVBYLIEUNFBZ5FULJCPTJCZHNOENV_post.pdf"
"YCENQ63SSTK57JODMEMYLIL2VE73QSQH","JRAPublish 3.000","-","JRAPublish 3.000","Unknown","output/by_producer/JRAPublish 3.000/YCENQ63SSTK57JODMEMYLIL2VE73QSQH_pre.pdf","output/by_producer/JRAPublish 3.000/YCENQ63SSTK57JODMEMYLIL2VE73QSQH_post.pdf"
"4L35CSXFUATM7UTMSDUPULOT54HTIGRP","www.adlibsoftware.com:EXS3185-Windows 2003:TNG","Envision OCR","www.adlibsoftware.com_EXS3185-Windows 2003_TNG","Unknown","output/by_producer/www.adlibsoftware.com_EXS3185-Windows 2003_TNG/4L35CSXFUATM7UTMSDUPULOT54HTIGRP_pre.pdf","output/by_producer/www.adlibsoftware.com_EXS3185-Windows 2003_TNG/4L35CSXFUATM7UTMSDUPULOT54HTIGRP_post.pdf"
"ENYGA5NQD5Q33QKGXONUBLQS7FJMLO6N","Acrobat Distiller 8.0","Arbortext Advanced Print Publisher 9.0.223/W Unicode","Acrobat Distiller 8.0","Acrobat_Distiller","output/by_producer/Acrobat Distiller 8.0/ENYGA5NQD5Q33QKGXONUBLQS7FJMLO6N_pre.pdf","output/by_producer/Acrobat Distiller 8.0/ENYGA5NQD5Q33QKGXONUBLQS7FJMLO6N_post.pdf"
"7ODKVGAYKZTRQVTJRVNSXSEK3QC43I3B","iText 2.0.0 (by lowagie.com)","-","iText 2.0.0 (by lowagie.com)","iText","output/by_producer/iText 2.0.0 (by lowagie.com)/7ODKVGAYKZTRQVTJRVNSXSEK3QC43I3B_pre.pdf","output/by_producer/iText 2.0.0 (by lowagie.com)/7ODKVGAYKZTRQVTJRVNSXSEK3QC43I3B_post.pdf"
"46GSXB43D2TH7HJXKW6TMVNR4RIKCUEO","Adobe Acrobat 7.0 Paper Capture Plug-in","Adobe Acrobat 7.0","Adobe Acrobat 7.0 Paper Capture Plug-in","Capture_Scan_Plugins","output/by_producer/Adobe Acrobat 7.0 Paper Capture Plug-in/46GSXB43D2TH7HJXKW6TMVNR4RIKCUEO_pre.pdf","output/by_producer/Adobe Acrobat 7.0 Paper Capture Plug-in/46GSXB43D2TH7HJXKW6TMVNR4RIKCUEO_post.pdf"
"BNAB3PKSEPVY6LVEMD6PZQXWXMDDTQ7U","Acrobat PDFWriter 3.02 for Windows","United States v. Spring & Soon Fashion","Acrobat PDFWriter 3.02 for Windows","Acrobat_PDFWriter","output/by_producer/Acrobat PDFWriter 3.02 for Windows/BNAB3PKSEPVY6LVEMD6PZQXWXMDDTQ7U_pre.pdf","output/by_producer/Acrobat PDFWriter 3.02 for Windows/BNAB3PKSEPVY6LVEMD6PZQXWXMDDTQ7U_post.pdf"
"6F47YISD72RZCG6OYZQCQLCYJX5E7MBK","Acrobat Distiller 8.1.0 (Windows)","Acrobat PDFMaker 8.1 for Word","Acrobat Distiller 8.1.0 (Windows)","Acrobat_Distiller","output/by_producer/Acrobat Distiller 8.1.0 (Windows)/6F47YISD72RZCG6OYZQCQLCYJX5E7MBK_pre.pdf","output/by_producer/Acrobat Distiller 8.1.0 (Windows)/6F47YISD72RZCG6OYZQCQLCYJX5E7MBK_post.pdf"
"CVDOWLIOUVHDH3SRWHZALMVDPATFQGVR","Adobe Acrobat 6.0 Paper Capture","WIA-Hewlett-Packard Scanjet 5470C","Adobe Acrobat 6.0 Paper Capture","Capture_Scan_Plugins","output/by_producer/Adobe Acrobat 6.0 Paper Capture/CVDOWLIOUVHDH3SRWHZALMVDPATFQGVR_pre.pdf","output/by_producer/Adobe Acrobat 6.0 Paper Capture/CVDOWLIOUVHDH3SRWHZALMVDPATFQGVR_post.pdf"
"WFCTUKBZ537FMIPUCKU643UQRD6XTOHO","Microsoft® Office Word 2007","Microsoft® Office Word 2007","Microsoft® Office Word 2007","Microsoft_Office","output/by_producer/Microsoft® Office Word 2007/WFCTUKBZ537FMIPUCKU643UQRD6XTOHO_pre.pdf","output/by_producer/Microsoft® Office Word 2007/WFCTUKBZ537FMIPUCKU643UQRD6XTOHO_post.pdf"
"KTCXROTYIAYW34ZFMVAKRU5FQFD3D7XQ","Acrobat Distiller 5.0.5 (Windows)","ADOBEPS4.DRV Version 4.50","Acrobat Distiller 5.0.5 (Windows)","Acrobat_Distiller","output/by_producer/Acrobat Distiller 5.0.5 (Windows)/KTCXROTYIAYW34ZFMVAKRU5FQFD3D7XQ_pre.pdf","output/by_producer/Acrobat Distiller 5.0.5 (Windows)/KTCXROTYIAYW34ZFMVAKRU5FQFD3D7XQ_post.pdf"
"LJCXACJE45ZQBQIGE26MCKVEGUUL2FZM","TCPDF 2.5.000_PHP4 (http://www.tcpdf.org)","Joomla! 1.5 - Open Source Content Management","TCPDF 2.5.000_PHP4 (http___www.tcpdf.org)","TCPDF","output/by_producer/TCPDF 2.5.000_PHP4 (http___www.tcpdf.org)/LJCXACJE45ZQBQIGE26MCKVEGUUL2FZM_pre.pdf","output/by_producer/TCPDF 2.5.000_PHP4 (http___www.tcpdf.org)/LJCXACJE45ZQBQIGE26MCKVEGUUL2FZM_post.pdf"
"HCHQUVOOEBJYJX23WCEMGGC2WVXF2F3G","GPL Ghostscript 8.70","IDL Version 8.1 (linux x86_64 m64)","GPL Ghostscript 8.70","Ghostscript","output/by_producer/GPL Ghostscript 8.70/HCHQUVOOEBJYJX23WCEMGGC2WVXF2F3G_pre.pdf","output/by_producer/GPL Ghostscript 8.70/HCHQUVOOEBJYJX23WCEMGGC2WVXF2F3G_post.pdf"
"MYKPH7XVYJANM6NEUFMBWLHISDBHMI2C","Acrobat Distiller 5.0.5 (Windows)","ACOMP.exe WinVer 1c1 May 04 2004","Acrobat Distiller 5.0.5 (Windows)","Acrobat_Distiller","output/by_producer/Acrobat Distiller 5.0.5 (Windows)/MYKPH7XVYJANM6NEUFMBWLHISDBHMI2C_pre.pdf","output/by_producer/Acrobat Distiller 5.0.5 (Windows)/MYKPH7XVYJANM6NEUFMBWLHISDBHMI2C_post.pdf"
"P7BCU2OYC6JMB6JKYILFFYNACDO4MAXG","Acrobat Distiller 5.0.5 (Windows)","ACOMP.exe WinVer 1b43 jul 14 2003","Acrobat Distiller 5.0.5 (Windows)","Acrobat_Distiller","output/by_producer/Acrobat Distiller 5.0.5 (Windows)/P7BCU2OYC6JMB6JKYILFFYNACDO4MAXG_pre.pdf","output/by_producer/Acrobat Distiller 5.0.5 (Windows)/P7BCU2OYC6JMB6JKYILFFYNACDO4MAXG_post.pdf"
"DTMCZXA4EUHAELLHVHGOH573C4OZ7KM4","Acrobat Distiller 5.0.5 (Windows)","ACOMP.exe WinVer 1c15 Aug 31 2005","Acrobat Distiller 5.0.5 (Windows)","Acrobat_Distiller","output/by_producer/Acrobat Distiller 5.0.5 (Windows)/DTMCZXA4EUHAELLHVHGOH573C4OZ7KM4_pre.pdf","output/by_producer/Acrobat Distiller 5.0.5 (Windows)/DTMCZXA4EUHAELLHVHGOH573C4OZ7KM4_post.pdf"
"ILRVVACIV2JDSO4LHLATCOCKSEQYZCMZ","Unknown producer","-","Unknown producer","Unknown","output/by_producer/Unknown producer/ILRVVACIV2JDSO4LHLATCOCKSEQYZCMZ_pre.pdf","output/by_producer/Unknown producer/ILRVVACIV2JDSO4LHLATCOCKSEQYZCMZ_post.pdf"
"CS4O7BCLPRK6J5MKIK7BPBFC2UURCM7X","Unknown producer","R and OS php pdf writer, http://www.ros.co.nz","Unknown producer","Unknown","output/by_producer/Unknown producer/CS4O7BCLPRK6J5MKIK7BPBFC2UURCM7X_pre.pdf","output/by_producer/Unknown producer/CS4O7BCLPRK6J5MKIK7BPBFC2UURCM7X_post.pdf"
"2SFC5QHEHUKZAZANWGTNYNCLR6KHKDS2","iText 2.1.0 (by lowagie.com)","-","iText 2.1.0 (by lowagie.com)","iText","output/by_producer/iText 2.1.0 (by lowagie.com)/2SFC5QHEHUKZAZANWGTNYNCLR6KHKDS2_pre.pdf","output/by_producer/iText 2.1.0 (by lowagie.com)/2SFC5QHEHUKZAZANWGTNYNCLR6KHKDS2_post.pdf"
"TEEGK5AIZ426F27JXF2QAPKENCTIT2GG","MFPImgLib V4.0","TOSHIBA e-STUDIO355","MFPImgLib V4.0","Unknown","output/by_producer/MFPImgLib V4.0/TEEGK5AIZ426F27JXF2QAPKENCTIT2GG_pre.pdf","output/by_producer/MFPImgLib V4.0/TEEGK5AIZ426F27JXF2QAPKENCTIT2GG_post.pdf"
"ZEUIAARRTYABYRX2TMCK5AHQO6AIOQXM","TCPDF 2.5.000_PHP4 (http://www.tcpdf.org)","Joomla! 1.5 - Open Source Content Management","TCPDF 2.5.000_PHP4 (http___www.tcpdf.org)","TCPDF","output/by_producer/TCPDF 2.5.000_PHP4 (http___www.tcpdf.org)/ZEUIAARRTYABYRX2TMCK5AHQO6AIOQXM_pre.pdf","output/by_producer/TCPDF 2.5.000_PHP4 (http___www.tcpdf.org)/ZEUIAARRTYABYRX2TMCK5AHQO6AIOQXM_post.pdf"
"BRP4EG4C6NJVFZHSZUZIOAXSGVHHFJDH","Artifex Ghostscript 8.54","MATLAB, The MathWorks, Inc. Version 8.0.0.783 (R2012b). Operating System: Linux 2.6.32-358.23.2.el6.x86_64 #1 SMP Sat Sep 14 05:32:37 EDT 2013 x86_64.","Artifex Ghostscript 8.54","Ghostscript","output/by_producer/Artifex Ghostscript 8.54/BRP4EG4C6NJVFZHSZUZIOAXSGVHHFJDH_pre.pdf","output/by_producer/Artifex Ghostscript 8.54/BRP4EG4C6NJVFZHSZUZIOAXSGVHHFJDH_post.pdf"
"4CWINULHRRVWF33LXZE4U5EEHETC2SI6","Adobe Acrobat 7.08 Paper Capture Plug-in","Adobe Acrobat 7.08","Adobe Acrobat 7.08 Paper Capture Plug-in","Capture_Scan_Plugins","output/by_producer/Adobe Acrobat 7.08 Paper Capture Plug-in/4CWINULHRRVWF33LXZE4U5EEHETC2SI6_pre.pdf","output/by_producer/Adobe Acrobat 7.08 Paper Capture Plug-in/4CWINULHRRVWF33LXZE4U5EEHETC2SI6_post.pdf"
"KO7GGF3RMJJSMBTJWM7BCRBQ4UJJ26VL","Acrobat Distiller 6.0 (Windows)","PScript5.dll Version 5.2.2","Acrobat Distiller 6.0 (Windows)","Acrobat_Distiller","output/by_producer/Acrobat Distiller 6.0 (Windows)/KO7GGF3RMJJSMBTJWM7BCRBQ4UJJ26VL_pre.pdf","output/by_producer/Acrobat Distiller 6.0 (Windows)/KO7GGF3RMJJSMBTJWM7BCRBQ4UJJ26VL_post.pdf"
"FNLYS665QK2JZN5NXLAK22QOTNQTN2U3","mPDF 5.7","United States Bankruptcy Court","mPDF 5.7","mPDF","output/by_producer/mPDF 5.7/FNLYS665QK2JZN5NXLAK22QOTNQTN2U3_pre.pdf","output/by_producer/mPDF 5.7/FNLYS665QK2JZN5NXLAK22QOTNQTN2U3_post.pdf"
"WIXGOEH55ET7IKPZ7WA63JSQT6HB4PJR","Acrobat Distiller 6.0.1 (Windows)","PScript5.dll Version 5.2","Acrobat Distiller 6.0.1 (Windows)","Acrobat_Distiller","output/by_producer/Acrobat Distiller 6.0.1 (Windows)/WIXGOEH55ET7IKPZ7WA63JSQT6HB4PJR_pre.pdf","output/by_producer/Acrobat Distiller 6.0.1 (Windows)/WIXGOEH55ET7IKPZ7WA63JSQT6HB4PJR_post.pdf"
"YAHGIFMMSIKCA46JFMWO52HZ7YSVKKIL","Acrobat Distiller 8.0.0 (Windows)","PScript5.dll Version 5.2.2","Acrobat Distiller 8.0.0 (Windows)","Acrobat_Distiller","output/by_producer/Acrobat Distiller 8.0.0 (Windows)/YAHGIFMMSIKCA46JFMWO52HZ7YSVKKIL_pre.pdf","output/by_producer/Acrobat Distiller 8.0.0 (Windows)/YAHGIFMMSIKCA46JFMWO52HZ7YSVKKIL_post.pdf"
"SQSXIT5KUD33XPR7ABPDCGW4XGQGAQYH","DISLIN 7.6","-","DISLIN 7.6","Unknown","output/by_producer/DISLIN 7.6/SQSXIT5KUD33XPR7ABPDCGW4XGQGAQYH_pre.pdf","output/by_producer/DISLIN 7.6/SQSXIT5KUD33XPR7ABPDCGW4XGQGAQYH_post.pdf"
"YE5PQJ6NUYA6UOWHADZIVVMCINU4AYZF","Acrobat Distiller 2.1 for Windows","-","Acrobat Distiller 2.1 for Windows","Acrobat_Distiller","output/by_producer/Acrobat Distiller 2.1 for Windows/YE5PQJ6NUYA6UOWHADZIVVMCINU4AYZF_pre.pdf","output/by_producer/Acrobat Distiller 2.1 for Windows/YE5PQJ6NUYA6UOWHADZIVVMCINU4AYZF_post.pdf"
"L3YHCAZRLQVYA7O4G6SG5BQHUREJTYQO","ELAN PDF 2.3","-","ELAN PDF 2.3","Unknown","output/by_producer/ELAN PDF 2.3/L3YHCAZRLQVYA7O4G6SG5BQHUREJTYQO_pre.pdf","output/by_producer/ELAN PDF 2.3/L3YHCAZRLQVYA7O4G6SG5BQHUREJTYQO_post.pdf"
"CT6O4FXETQ2ABBLKKRWK5E344XQA73C3","Unknown producer","R and OS php pdf writer, http://www.ros.co.nz","Unknown producer","Unknown","output/by_producer/Unknown producer/CT6O4FXETQ2ABBLKKRWK5E344XQA73C3_pre.pdf","output/by_producer/Unknown producer/CT6O4FXETQ2ABBLKKRWK5E344XQA73C3_post.pdf"
"2S672A3DIW3E7MHKG25AHSCC7GP5IWSS","TCPDF 2.5.000_PHP4 (http://www.tcpdf.org)","Joomla! 1.5 - Open Source Content Management","TCPDF 2.5.000_PHP4 (http___www.tcpdf.org)","TCPDF","output/by_producer/TCPDF 2.5.000_PHP4 (http___www.tcpdf.org)/2S672A3DIW3E7MHKG25AHSCC7GP5IWSS_pre.pdf","output/by_producer/TCPDF 2.5.000_PHP4 (http___www.tcpdf.org)/2S672A3DIW3E7MHKG25AHSCC7GP5IWSS_post.pdf"
"XB3VOX3H7BDY3WWU64AV6W65H5KVM2RX","Microsoft® Office Word 2007","Microsoft® Office Word 2007","Microsoft® Office Word 2007","Microsoft_Office","output/by_producer/Microsoft® Office Word 2007/XB3VOX3H7BDY3WWU64AV6W65H5KVM2RX_pre.pdf","output/by_producer/Microsoft® Office Word 2007/XB3VOX3H7BDY3WWU64AV6W65H5KVM2RX_post.pdf"
"AF4I2VHMC6A56VICVEDIJ4MH5KRYKFTS","TCPDF 2.5.000_PHP4 (http://www.tcpdf.org)","Joomla! 1.5 - Open Source Content Management","TCPDF 2.5.000_PHP4 (http___www.tcpdf.org)","TCPDF","output/by_producer/TCPDF 2.5.000_PHP4 (http___www.tcpdf.org)/AF4I2VHMC6A56VICVEDIJ4MH5KRYKFTS_pre.pdf","output/by_producer/TCPDF 2.5.000_PHP4 (http___www.tcpdf.org)/AF4I2VHMC6A56VICVEDIJ4MH5KRYKFTS_post.pdf"
"ODFH5YT72ZKNG6YGIOKCH67FDHEFFFM3","Acrobat 4.0 Import Plug-in for Windows","Acrobat 4.0 Import Plug-in for Windows","Acrobat 4.0 Import Plug-in for Windows","Unknown","output/by_producer/Acrobat 4.0 Import Plug-in for Windows/ODFH5YT72ZKNG6YGIOKCH67FDHEFFFM3_pre.pdf","output/by_producer/Acrobat 4.0 Import Plug-in for Windows/ODFH5YT72ZKNG6YGIOKCH67FDHEFFFM3_post.pdf"
"VEXYPG46TFZM6MYGMJCVZ7WLIGRTSBAO","Unknown producer","HP Digital Sender 8100C","Unknown producer","Unknown","output/by_producer/Unknown producer/VEXYPG46TFZM6MYGMJCVZ7WLIGRTSBAO_pre.pdf","output/by_producer/Unknown producer/VEXYPG46TFZM6MYGMJCVZ7WLIGRTSBAO_post.pdf"
"FBTKGVAADTR36EKHKLGBXAUK5DI2LT5Z","libtiff / tiff2pdf - 20100615","-","libtiff _ tiff2pdf - 20100615","libtiff_tiff2pdf","output/by_producer/libtiff _ tiff2pdf - 20100615/FBTKGVAADTR36EKHKLGBXAUK5DI2LT5Z_pre.pdf","output/by_producer/libtiff _ tiff2pdf - 20100615/FBTKGVAADTR36EKHKLGBXAUK5DI2LT5Z_post.pdf"
"KBWCMQOKIWATS25U3Q563UWDJTVUIDLJ","TCPDF 2.5.000_PHP4 (http://www.tcpdf.org)","Joomla! 1.5 - Open Source Content Management","TCPDF 2.5.000_PHP4 (http___www.tcpdf.org)","TCPDF","output/by_producer/TCPDF 2.5.000_PHP4 (http___www.tcpdf.org)/KBWCMQOKIWATS25U3Q563UWDJTVUIDLJ_pre.pdf","output/by_producer/TCPDF 2.5.000_PHP4 (http___www.tcpdf.org)/KBWCMQOKIWATS25U3Q563UWDJTVUIDLJ_post.pdf"
"PPFVISZB3VX72X34A67YWBPDCA3BBVCF","GPL Ghostscript 8.15","PScript5.dll Version 5.2.2","GPL Ghostscript 8.15","Ghostscript","output/by_producer/GPL Ghostscript 8.15/PPFVISZB3VX72X34A67YWBPDCA3BBVCF_pre.pdf","output/by_producer/GPL Ghostscript 8.15/PPFVISZB3VX72X34A67YWBPDCA3BBVCF_post.pdf"
"VUMOVKDPOEUGGP54MMN5XZJ2S5QHSWPF","Acrobat Distiller 4.0 for Windows","-","Acrobat Distiller 4.0 for Windows","Acrobat_Distiller","output/by_producer/Acrobat Distiller 4.0 for Windows/VUMOVKDPOEUGGP54MMN5XZJ2S5QHSWPF_pre.pdf","output/by_producer/Acrobat Distiller 4.0 for Windows/VUMOVKDPOEUGGP54MMN5XZJ2S5QHSWPF_post.pdf"
"F3TG5IF7IJ4M3G6U255KCW355VLFMRBK","Acrobat PDFWriter 2.01 for Windows","cnk12b3.tmp","Acrobat PDFWriter 2.01 for Windows","Acrobat_PDFWriter","output/by_producer/Acrobat PDFWriter 2.01 for Windows/F3TG5IF7IJ4M3G6U255KCW355VLFMRBK_pre.pdf","output/by_producer/Acrobat PDFWriter 2.01 for Windows/F3TG5IF7IJ4M3G6U255KCW355VLFMRBK_post.pdf"
"QSFKS6NOWMHLYFCXK7RQWFMLMSLY5OVX","TCPDF 2.5.000_PHP4 (http://www.tcpdf.org)","Joomla! 1.5 - Open Source Content Management","TCPDF 2.5.000_PHP4 (http___www.tcpdf.org)","TCPDF","output/by_producer/TCPDF 2.5.000_PHP4 (http___www.tcpdf.org)/QSFKS6NOWMHLYFCXK7RQWFMLMSLY5OVX_pre.pdf","output/by_producer/TCPDF 2.5.000_PHP4 (http___www.tcpdf.org)/QSFKS6NOWMHLYFCXK7RQWFMLMSLY5OVX_post.pdf"
"ITLSXXTHX4ZLH5HA52B2YWCFQC3CXZ5L","TCPDF 2.5.000_PHP4 (http://www.tcpdf.org)","Joomla! 1.5 - Open Source Content Management","TCPDF 2.5.000_PHP4 (http___www.tcpdf.org)","TCPDF","output/by_producer/TCPDF 2.5.000_PHP4 (http___www.tcpdf.org)/ITLSXXTHX4ZLH5HA52B2YWCFQC3CXZ5L_pre.pdf","output/by_producer/TCPDF 2.5.000_PHP4 (http___www.tcpdf.org)/ITLSXXTHX4ZLH5HA52B2YWCFQC3CXZ5L_post.pdf"
"QNUOKFLA7NUJSOJ63IZBGJYX2EUW7JI3","Adobe Acrobat 8.12 Paper Capture Plug-in","Xerox DocuMate 262","Adobe Acrobat 8.12 Paper Capture Plug-in","Capture_Scan_Plugins","output/by_producer/Adobe Acrobat 8.12 Paper Capture Plug-in/QNUOKFLA7NUJSOJ63IZBGJYX2EUW7JI3_pre.pdf","output/by_producer/Adobe Acrobat 8.12 Paper Capture Plug-in/QNUOKFLA7NUJSOJ63IZBGJYX2EUW7JI3_post.pdf"
"7QX6IKZ22UTQYM2ZQVUU64G4ZKYSDE2R","Acrobat Distiller 6.0.1 (Windows)","PScript5.dll Version 5.2","Acrobat Distiller 6.0.1 (Windows)","Acrobat_Distiller","output/by_producer/Acrobat Distiller 6.0.1 (Windows)/7QX6IKZ22UTQYM2ZQVUU64G4ZKYSDE2R_pre.pdf","output/by_producer/Acrobat Distiller 6.0.1 (Windows)/7QX6IKZ22UTQYM2ZQVUU64G4ZKYSDE2R_post.pdf"
"2WE4HZPD57KVPL4RQKCB4PUG42SQ2RMJ","Acrobat Distiller 4.0 for Windows","Adobe PageMaker 6.52","Acrobat Distiller 4.0 for Windows","Acrobat_Distiller","output/by_producer/Acrobat Distiller 4.0 for Windows/2WE4HZPD57KVPL4RQKCB4PUG42SQ2RMJ_pre.pdf","output/by_producer/Acrobat Distiller 4.0 for Windows/2WE4HZPD57KVPL4RQKCB4PUG42SQ2RMJ_post.pdf"
"UETFHQQCDHQCJRPJIH64RZ23U65GG7ZE","TCPDF 2.5.000_PHP4 (http://www.tcpdf.org)","Joomla! 1.5 - Open Source Content Management","TCPDF 2.5.000_PHP4 (http___www.tcpdf.org)","TCPDF","output/by_producer/TCPDF 2.5.000_PHP4 (http___www.tcpdf.org)/UETFHQQCDHQCJRPJIH64RZ23U65GG7ZE_pre.pdf","output/by_producer/TCPDF 2.5.000_PHP4 (http___www.tcpdf.org)/UETFHQQCDHQCJRPJIH64RZ23U65GG7ZE_post.pdf"
"PKHUWRXW2J4OR3XS2FZVM57DYSAOZG74","Microsoft® Word 2013; modified using iText 5.0.5 (c) 1T3XT BVBA","Microsoft® Word 2013","Microsoft® Word 2013; modified using iText 5.0.5 (c) 1T3XT BVBA","Microsoft_Office","output/by_producer/Microsoft® Word 2013; modified using iText 5.0.5 (c) 1T3XT BVBA/PKHUWRXW2J4OR3XS2FZVM57DYSAOZG74_pre.pdf","output/by_producer/Microsoft® Word 2013; modified using iText 5.0.5 (c) 1T3XT BVBA/PKHUWRXW2J4OR3XS2FZVM57DYSAOZG74_post.pdf"
"HSZJLPQSI6NJU2NBWZWZY2CHBUKDXG2M","GPL Ghostscript 8.64","PScript5.dll Version 5.2","GPL Ghostscript 8.64","Ghostscript","output/by_producer/GPL Ghostscript 8.64/HSZJLPQSI6NJU2NBWZWZY2CHBUKDXG2M_pre.pdf","output/by_producer/GPL Ghostscript 8.64/HSZJLPQSI6NJU2NBWZWZY2CHBUKDXG2M_post.pdf"
"LXBG3TK5X532R47N47TPXOVVTBA4QCDE","GNU Ghostscript 7.07","-","GNU Ghostscript 7.07","Ghostscript","output/by_producer/GNU Ghostscript 7.07/LXBG3TK5X532R47N47TPXOVVTBA4QCDE_pre.pdf","output/by_producer/GNU Ghostscript 7.07/LXBG3TK5X532R47N47TPXOVVTBA4QCDE_post.pdf"
"JI27U7TQTGCH2WWIVTO3GRUAQ2AGBBDH","Acrobat Distiller 7.0.5 (Windows)","Acrobat PDFMaker 7.0.7 for Word","Acrobat Distiller 7.0.5 (Windows)","Acrobat_Distiller","output/by_producer/Acrobat Distiller 7.0.5 (Windows)/JI27U7TQTGCH2WWIVTO3GRUAQ2AGBBDH_pre.pdf","output/by_producer/Acrobat Distiller 7.0.5 (Windows)/JI27U7TQTGCH2WWIVTO3GRUAQ2AGBBDH_post.pdf"
"LFZ2QRA2LGRXD2XOPAY4WY36PZYT4IJ4","Acrobat Distiller 3.0 for Windows","-","Acrobat Distiller 3.0 for Windows","Acrobat_Distiller","output/by_producer/Acrobat Distiller 3.0 for Windows/LFZ2QRA2LGRXD2XOPAY4WY36PZYT4IJ4_pre.pdf","output/by_producer/Acrobat Distiller 3.0 for Windows/LFZ2QRA2LGRXD2XOPAY4WY36PZYT4IJ4_post.pdf"
"3PILGMQ4BBDRSLAPZCPVAHBNX53K2NUJ","Acrobat Distiller 4.0 for Windows","-","Acrobat Distiller 4.0 for Windows","Acrobat_Distiller","output/by_producer/Acrobat Distiller 4.0 for Windows/3PILGMQ4BBDRSLAPZCPVAHBNX53K2NUJ_pre.pdf","output/by_producer/Acrobat Distiller 4.0 for Windows/3PILGMQ4BBDRSLAPZCPVAHBNX53K2NUJ_post.pdf"
"FKGR2WSW2JVE5A3UJMB3CDZANY52D52I","Adobe PDF Library 9.0","Acrobat PDFMaker 9.1 for PowerPoint","Adobe PDF Library 9.0","Adobe_PDF_Library","output/by_producer/Adobe PDF Library 9.0/FKGR2WSW2JVE5A3UJMB3CDZANY52D52I_pre.pdf","output/by_producer/Adobe PDF Library 9.0/FKGR2WSW2JVE5A3UJMB3CDZANY52D52I_post.pdf"
"AB2LVVUR7Q4T7O5QDSUALJSM5UMJH2HT","PrimoPDF","PrimoPDF http://www.primopdf.com/","PrimoPDF","Unknown","output/by_producer/PrimoPDF/AB2LVVUR7Q4T7O5QDSUALJSM5UMJH2HT_pre.pdf","output/by_producer/PrimoPDF/AB2LVVUR7Q4T7O5QDSUALJSM5UMJH2HT_post.pdf"
"RTF5PUMVRIE2IDJIKNV36WL7YCM7KKUF","GNU Ghostscript 7.07","-","GNU Ghostscript 7.07","Ghostscript","output/by_producer/GNU Ghostscript 7.07/RTF5PUMVRIE2IDJIKNV36WL7YCM7KKUF_pre.pdf","output/by_producer/GNU Ghostscript 7.07/RTF5PUMVRIE2IDJIKNV36WL7YCM7KKUF_post.pdf"
"6LM5MPDEKTK4FAVUBSU5HZOLO33XZOV6","TCPDF 2.5.000_PHP4 (http://www.tcpdf.org)","Joomla! 1.5 - Open Source Content Management","TCPDF 2.5.000_PHP4 (http___www.tcpdf.org)","TCPDF","output/by_producer/TCPDF 2.5.000_PHP4 (http___www.tcpdf.org)/6LM5MPDEKTK4FAVUBSU5HZOLO33XZOV6_pre.pdf","output/by_producer/TCPDF 2.5.000_PHP4 (http___www.tcpdf.org)/6LM5MPDEKTK4FAVUBSU5HZOLO33XZOV6_post.pdf"
"74F5ZIL7U3L5IE7BFTNNS5ISLSFCIIU2","MFPImgLib V3.5","TOSHIBA e-STUDIO353","MFPImgLib V3.5","Unknown","output/by_producer/MFPImgLib V3.5/74F5ZIL7U3L5IE7BFTNNS5ISLSFCIIU2_pre.pdf","output/by_producer/MFPImgLib V3.5/74F5ZIL7U3L5IE7BFTNNS5ISLSFCIIU2_post.pdf"
"AJXUPPG2S5WLMN76I434ABJTFQFTSFSO","Acrobat Distiller 8.1.0 (Windows)","Acrobat PDFMaker 8.1 for Word","Acrobat Distiller 8.1.0 (Windows)","Acrobat_Distiller","output/by_producer/Acrobat Distiller 8.1.0 (Windows)/AJXUPPG2S5WLMN76I434ABJTFQFTSFSO_pre.pdf","output/by_producer/Acrobat Distiller 8.1.0 (Windows)/AJXUPPG2S5WLMN76I434ABJTFQFTSFSO_post.pdf"
"7DTWNUKZRSFNKJJG3QFPB72M3TBLXVRL","Microsoft Reporting Services PDF Rendering Extension 9.0","Microsoft Reporting Services 9.0","Microsoft Reporting Services PDF Rendering Extension 9.0","Microsoft_Office","output/by_producer/Microsoft Reporting Services PDF Rendering Extension 9.0/7DTWNUKZRSFNKJJG3QFPB72M3TBLXVRL_pre.pdf","output/by_producer/Microsoft Reporting Services PDF Rendering Extension 9.0/7DTWNUKZRSFNKJJG3QFPB72M3TBLXVRL_post.pdf"
"GOCYUTJWJZBXHIUSFYG3LVX5SG6HPEVV","Microsoft® PowerPoint® 2013","Microsoft® PowerPoint® 2013","Microsoft® PowerPoint® 2013","Microsoft_Office","output/by_producer/Microsoft® PowerPoint® 2013/GOCYUTJWJZBXHIUSFYG3LVX5SG6HPEVV_pre.pdf","output/by_producer/Microsoft® PowerPoint® 2013/GOCYUTJWJZBXHIUSFYG3LVX5SG6HPEVV_post.pdf"
"WZRQHWEXEG24SJPSEOEVB6FMPU6DA4VU","Acrobat Distiller 4.0 for Windows","AdobePS5.dll Version 5.0.1","Acrobat Distiller 4.0 for Windows","Acrobat_Distiller","output/by_producer/Acrobat Distiller 4.0 for Windows/WZRQHWEXEG24SJPSEOEVB6FMPU6DA4VU_pre.pdf","output/by_producer/Acrobat Distiller 4.0 for Windows/WZRQHWEXEG24SJPSEOEVB6FMPU6DA4VU_post.pdf"
"DY5LZQ4GNWFFHGFEMU7C565YTWYVC5SB","Acrobat Distiller 7.0 (Windows)","PScript5.dll Version 5.2.2","Acrobat Distiller 7.0 (Windows)","Acrobat_Distiller","output/by_producer/Acrobat Distiller 7.0 (Windows)/DY5LZQ4GNWFFHGFEMU7C565YTWYVC5SB_pre.pdf","output/by_producer/Acrobat Distiller 7.0 (Windows)/DY5LZQ4GNWFFHGFEMU7C565YTWYVC5SB_post.pdf"
"D4FEEQXJJDKXQ2NSXGTBKS64QRHHP65I","Acrobat Distiller 7.0.5 (Windows); modified using iText® 5.3.3 ©2000-2012 1T3XT BVBA (AGPL-version)","PScript5.dll Version 5.2","Acrobat Distiller 7.0.5 (Windows); modified using iText® 5.3.3 ©2000-2012 1T3XT BVBA (AGPL-version)","Acrobat_Distiller","output/by_producer/Acrobat Distiller 7.0.5 (Windows); modified using iText® 5.3.3 ©2000-2012 1T3XT BVBA (AGPL-version)/D4FEEQXJJDKXQ2NSXGTBKS64QRHHP65I_pre.pdf","output/by_producer/Acrobat Distiller 7.0.5 (Windows); modified using iText® 5.3.3 ©2000-2012 1T3XT BVBA (AGPL-version)/D4FEEQXJJDKXQ2NSXGTBKS64QRHHP65I_post.pdf"
"S6RR7MFG2QJUDGJSWOXXSMWFJOHAB3YU","Corel PDF Engine Version 9.543","POP90","Corel PDF Engine Version 9.543","Corel_PDF_Engine","output/by_producer/Corel PDF Engine Version 9.543/S6RR7MFG2QJUDGJSWOXXSMWFJOHAB3YU_pre.pdf","output/by_producer/Corel PDF Engine Version 9.543/S6RR7MFG2QJUDGJSWOXXSMWFJOHAB3YU_post.pdf"
"BQCOYOZ4JLHHZV4764GRWDBITIJ2KYZV","TCPDF 2.5.000_PHP4 (http://www.tcpdf.org)","Joomla! 1.5 - Open Source Content Management","TCPDF 2.5.000_PHP4 (http___www.tcpdf.org)","TCPDF","output/by_producer/TCPDF 2.5.000_PHP4 (http___www.tcpdf.org)/BQCOYOZ4JLHHZV4764GRWDBITIJ2KYZV_pre.pdf","output/by_producer/TCPDF 2.5.000_PHP4 (http___www.tcpdf.org)/BQCOYOZ4JLHHZV4764GRWDBITIJ2KYZV_post.pdf"
"KEBLLGBMZREVDB7T2U5TCKFY3JLVKR4O","Acrobat Distiller 8.1.0 (Windows)","Acrobat PDFMaker 8.1 for Word","Acrobat Distiller 8.1.0 (Windows)","Acrobat_Distiller","output/by_producer/Acrobat Distiller 8.1.0 (Windows)/KEBLLGBMZREVDB7T2U5TCKFY3JLVKR4O_pre.pdf","output/by_producer/Acrobat Distiller 8.1.0 (Windows)/KEBLLGBMZREVDB7T2U5TCKFY3JLVKR4O_post.pdf"
"Y2OOMETPKX3ZMEMJJYX5MHOHTIO3JVSP","Adobe PDF Library 9.0","Acrobat PDFMaker 9.0 for Word","Adobe PDF Library 9.0","Adobe_PDF_Library","output/by_producer/Adobe PDF Library 9.0/Y2OOMETPKX3ZMEMJJYX5MHOHTIO3JVSP_pre.pdf","output/by_producer/Adobe PDF Library 9.0/Y2OOMETPKX3ZMEMJJYX5MHOHTIO3JVSP_post.pdf"
"CZXLJIPYAEZEX6CTNJ7JZTSBXA44TTVT","Microsoft® Office Word 2007","Microsoft® Office Word 2007","Microsoft® Office Word 2007","Microsoft_Office","output/by_producer/Microsoft® Office Word 2007/CZXLJIPYAEZEX6CTNJ7JZTSBXA44TTVT_pre.pdf","output/by_producer/Microsoft® Office Word 2007/CZXLJIPYAEZEX6CTNJ7JZTSBXA44TTVT_post.pdf"
"ADKCW3EY3SXNVTZUASDS7GAKEJ4GIQBI","Microsoft® Word 2013","Microsoft® Word 2013","Microsoft® Word 2013","Microsoft_Office","output/by_producer/Microsoft® Word 2013/ADKCW3EY3SXNVTZUASDS7GAKEJ4GIQBI_pre.pdf","output/by_producer/Microsoft® Word 2013/ADKCW3EY3SXNVTZUASDS7GAKEJ4GIQBI_post.pdf"
"2QWDF5JK4N7WQ4NQRZRLF4CYOUF32WTR","libtiff / tiff2pdf - 20100615","-","libtiff _ tiff2pdf - 20100615","libtiff_tiff2pdf","output/by_producer/libtiff _ tiff2pdf - 20100615/2QWDF5JK4N7WQ4NQRZRLF4CYOUF32WTR_pre.pdf","output/by_producer/libtiff _ tiff2pdf - 20100615/2QWDF5JK4N7WQ4NQRZRLF4CYOUF32WTR_post.pdf"
"X6EBX5HTWOYINUVPIPKY7AEPNNA7UT7H","Acrobat Distiller 1.0.2 for Macintosh","-","Acrobat Distiller 1.0.2 for Macintosh","Acrobat_Distiller","output/by_producer/Acrobat Distiller 1.0.2 for Macintosh/X6EBX5HTWOYINUVPIPKY7AEPNNA7UT7H_pre.pdf","output/by_producer/Acrobat Distiller 1.0.2 for Macintosh/X6EBX5HTWOYINUVPIPKY7AEPNNA7UT7H_post.pdf"
"46ZGYJDQNL2COPU447ILTCZ6EUMSQOHA","Microsoft® Word 2010","Microsoft® Word 2010","Microsoft® Word 2010","Microsoft_Office","output/by_producer/Microsoft® Word 2010/46ZGYJDQNL2COPU447ILTCZ6EUMSQOHA_pre.pdf","output/by_producer/Microsoft® Word 2010/46ZGYJDQNL2COPU447ILTCZ6EUMSQOHA_post.pdf"
"ES5LDB5OV2PKIMVD3Z72CVQK4RSDBYJI","Acrobat Distiller 4.0 for Windows","-","Acrobat Distiller 4.0 for Windows","Acrobat_Distiller","output/by_producer/Acrobat Distiller 4.0 for Windows/ES5LDB5OV2PKIMVD3Z72CVQK4RSDBYJI_pre.pdf","output/by_producer/Acrobat Distiller 4.0 for Windows/ES5LDB5OV2PKIMVD3Z72CVQK4RSDBYJI_post.pdf"
"I2DMPRJ5EOG5AE7BCMHS5IB2KPWKG322","Acrobat Distiller 4.0 for Windows","-","Acrobat Distiller 4.0 for Windows","Acrobat_Distiller","output/by_producer/Acrobat Distiller 4.0 for Windows/I2DMPRJ5EOG5AE7BCMHS5IB2KPWKG322_pre.pdf","output/by_producer/Acrobat Distiller 4.0 for Windows/I2DMPRJ5EOG5AE7BCMHS5IB2KPWKG322_post.pdf"
"NLTWEZWPUW2XAJ5PPIKQTT6A62AWCH4T","Unknown producer","Acrobat Capture Server 2.01","Unknown producer","Unknown","output/by_producer/Unknown producer/NLTWEZWPUW2XAJ5PPIKQTT6A62AWCH4T_pre.pdf","output/by_producer/Unknown producer/NLTWEZWPUW2XAJ5PPIKQTT6A62AWCH4T_post.pdf"
"PMCR2PO7DRFQD3UBJ7V5ACOUOTV6KSPS","Acrobat Net Distiller 1.0 for Windows","-","Acrobat Net Distiller 1.0 for Windows","Acrobat_Net_Distiller","output/by_producer/Acrobat Net Distiller 1.0 for Windows/PMCR2PO7DRFQD3UBJ7V5ACOUOTV6KSPS_pre.pdf","output/by_producer/Acrobat Net Distiller 1.0 for Windows/PMCR2PO7DRFQD3UBJ7V5ACOUOTV6KSPS_post.pdf"
"53MPVZWCXMT55PDT4CQCJ2MN5JAKIAGV","Adobe PDF Library 9.0","Acrobat PDFMaker 9.1 for Word","Adobe PDF Library 9.0","Adobe_PDF_Library","output/by_producer/Adobe PDF Library 9.0/53MPVZWCXMT55PDT4CQCJ2MN5JAKIAGV_pre.pdf","output/by_producer/Adobe PDF Library 9.0/53MPVZWCXMT55PDT4CQCJ2MN5JAKIAGV_post.pdf"
"FACJVHVLPMDY7MXLGTB3JOSXIZ2XWAQD","iText 2.1.0 (by lowagie.com)","-","iText 2.1.0 (by lowagie.com)","iText","output/by_producer/iText 2.1.0 (by lowagie.com)/FACJVHVLPMDY7MXLGTB3JOSXIZ2XWAQD_pre.pdf","output/by_producer/iText 2.1.0 (by lowagie.com)/FACJVHVLPMDY7MXLGTB3JOSXIZ2XWAQD_post.pdf"
"QE6FLNHQQKHXPNZIXRPA362DGNJ4UZJB","Unknown producer","R and OS php pdf writer, http://www.ros.co.nz","Unknown producer","Unknown","output/by_producer/Unknown producer/QE6FLNHQQKHXPNZIXRPA362DGNJ4UZJB_pre.pdf","output/by_producer/Unknown producer/QE6FLNHQQKHXPNZIXRPA362DGNJ4UZJB_post.pdf"
"2UD7BSKC7GT3V7I6DK5NH5TFKJ6F3EXL","Adobe PDF Library 11.0","Acrobat PDFMaker 11 for Word","Adobe PDF Library 11.0","Adobe_PDF_Library","output/by_producer/Adobe PDF Library 11.0/2UD7BSKC7GT3V7I6DK5NH5TFKJ6F3EXL_pre.pdf","output/by_producer/Adobe PDF Library 11.0/2UD7BSKC7GT3V7I6DK5NH5TFKJ6F3EXL_post.pdf"
"MCE7YVRKTXPMRN7DYB25B22RCFFLLHOE","Acrobat Distiller 7.0 (Windows)","PScript5.dll Version 5.2","Acrobat Distiller 7.0 (Windows)","Acrobat_Distiller","output/by_producer/Acrobat Distiller 7.0 (Windows)/MCE7YVRKTXPMRN7DYB25B22RCFFLLHOE_pre.pdf","output/by_producer/Acrobat Distiller 7.0 (Windows)/MCE7YVRKTXPMRN7DYB25B22RCFFLLHOE_post.pdf"
"KEAHFYXS23DKDX43I4DYM6LBJD6H6FMP","Unknown producer","-","Unknown producer","Unknown","output/by_producer/Unknown producer/KEAHFYXS23DKDX43I4DYM6LBJD6H6FMP_pre.pdf","output/by_producer/Unknown producer/KEAHFYXS23DKDX43I4DYM6LBJD6H6FMP_post.pdf"
"CIPZA5WZQ5JAE4AXBJTWO4PFGT7ORKB7","Acrobat Distiller 4.0 for Windows","ACOMP.exe WinVer 1c15 Aug 31 2005","Acrobat Distiller 4.0 for Windows","Acrobat_Distiller","output/by_producer/Acrobat Distiller 4.0 for Windows/CIPZA5WZQ5JAE4AXBJTWO4PFGT7ORKB7_pre.pdf","output/by_producer/Acrobat Distiller 4.0 for Windows/CIPZA5WZQ5JAE4AXBJTWO4PFGT7ORKB7_post.pdf"
"WQJIWQYIILMRDH2S47HSUWZ55PQ2YDI4","Acrobat Distiller 2.0 for Windows","-","Acrobat Distiller 2.0 for Windows","Acrobat_Distiller","output/by_producer/Acrobat Distiller 2.0 for Windows/WQJIWQYIILMRDH2S47HSUWZ55PQ2YDI4_pre.pdf","output/by_producer/Acrobat Distiller 2.0 for Windows/WQJIWQYIILMRDH2S47HSUWZ55PQ2YDI4_post.pdf"
"YVUWMOMVE6IHAXQQF2GCM3YB373ESZG2","Acrobat PDFWriter 4.05 for Windows NT","Microsoft Excel - USTRDMC.xls","Acrobat PDFWriter 4.05 for Windows NT","Acrobat_PDFWriter","output/by_producer/Acrobat PDFWriter 4.05 for Windows NT/YVUWMOMVE6IHAXQQF2GCM3YB373ESZG2_pre.pdf","output/by_producer/Acrobat PDFWriter 4.05 for Windows NT/YVUWMOMVE6IHAXQQF2GCM3YB373ESZG2_post.pdf"
"AJS2YB2O3ZRHMBI5IKKT2GU3R6H44U4J","CVISION Technologies","PdfCompressor 5.0.333","CVISION Technologies","Unknown","output/by_producer/CVISION Technologies/AJS2YB2O3ZRHMBI5IKKT2GU3R6H44U4J_pre.pdf","output/by_producer/CVISION Technologies/AJS2YB2O3ZRHMBI5IKKT2GU3R6H44U4J_post.pdf"
"SW6G4QILYS7QYXXVHMGTCXFHYU2QHV6Z","Acrobat Net Distiller 1.0 for Windows","-","Acrobat Net Distiller 1.0 for Windows","Acrobat_Net_Distiller","output/by_producer/Acrobat Net Distiller 1.0 for Windows/SW6G4QILYS7QYXXVHMGTCXFHYU2QHV6Z_pre.pdf","output/by_producer/Acrobat Net Distiller 1.0 for Windows/SW6G4QILYS7QYXXVHMGTCXFHYU2QHV6Z_post.pdf"
"CNPMG5NQZIMW4X6N2DH77Z5NHJXTWOGD","ComponentOne PDF Generator 8.0","-","ComponentOne PDF Generator 8.0","Unknown","output/by_producer/ComponentOne PDF Generator 8.0/CNPMG5NQZIMW4X6N2DH77Z5NHJXTWOGD_pre.pdf","output/by_producer/ComponentOne PDF Generator 8.0/CNPMG5NQZIMW4X6N2DH77Z5NHJXTWOGD_post.pdf"
"7GYQLFBVGRTYWE73NKCNCODTJVURFULB","TCPDF 2.5.000_PHP4 (http://www.tcpdf.org)","Joomla! 1.5 - Open Source Content Management","TCPDF 2.5.000_PHP4 (http___www.tcpdf.org)","TCPDF","output/by_producer/TCPDF 2.5.000_PHP4 (http___www.tcpdf.org)/7GYQLFBVGRTYWE73NKCNCODTJVURFULB_pre.pdf","output/by_producer/TCPDF 2.5.000_PHP4 (http___www.tcpdf.org)/7GYQLFBVGRTYWE73NKCNCODTJVURFULB_post.pdf"
"KBEV4F2NJWE2NHI6CMYRY5GAXEJ3N7QD","GPL Ghostscript 9.14","PScript5.dll Version 5.2.2","GPL Ghostscript 9.14","Ghostscript","output/by_producer/GPL Ghostscript 9.14/KBEV4F2NJWE2NHI6CMYRY5GAXEJ3N7QD_pre.pdf","output/by_producer/GPL Ghostscript 9.14/KBEV4F2NJWE2NHI6CMYRY5GAXEJ3N7QD_post.pdf"
"JOCCBCF2SXDQXCYRG5ADWVKHHNJ4GDQC","Acrobat Distiller 8.1.0 (Windows)","Acrobat PDFMaker 8.1 for Word","Acrobat Distiller 8.1.0 (Windows)","Acrobat_Distiller","output/by_producer/Acrobat Distiller 8.1.0 (Windows)/JOCCBCF2SXDQXCYRG5ADWVKHHNJ4GDQC_pre.pdf","output/by_producer/Acrobat Distiller 8.1.0 (Windows)/JOCCBCF2SXDQXCYRG5ADWVKHHNJ4GDQC_post.pdf"
"N5GFTLPS4OEGG4YIMC7RDPYUGTPLZIIC","Unknown producer","-","Unknown producer","Unknown","output/by_producer/Unknown producer/N5GFTLPS4OEGG4YIMC7RDPYUGTPLZIIC_pre.pdf","output/by_producer/Unknown producer/N5GFTLPS4OEGG4YIMC7RDPYUGTPLZIIC_post.pdf"
"P4RQFJUGBTNS65T2XDM6GMY3GVOTXUUC","iTextSharp 4.0.3 (based on iText 2.0.2)","-","iTextSharp 4.0.3 (based on iText 2.0.2)","iText","output/by_producer/iTextSharp 4.0.3 (based on iText 2.0.2)/P4RQFJUGBTNS65T2XDM6GMY3GVOTXUUC_pre.pdf","output/by_producer/iTextSharp 4.0.3 (based on iText 2.0.2)/P4RQFJUGBTNS65T2XDM6GMY3GVOTXUUC_post.pdf"
"SYBT26QCMSRHEOFZDZM4TZ5CCJ6T34MF","Adobe Acrobat 7.05 Paper Capture Plug-in","Adobe Acrobat 7.05","Adobe Acrobat 7.05 Paper Capture Plug-in","Capture_Scan_Plugins","output/by_producer/Adobe Acrobat 7.05 Paper Capture Plug-in/SYBT26QCMSRHEOFZDZM4TZ5CCJ6T34MF_pre.pdf","output/by_producer/Adobe Acrobat 7.05 Paper Capture Plug-in/SYBT26QCMSRHEOFZDZM4TZ5CCJ6T34MF_post.pdf"
"IAH3Q2OTSFIUYZW7PIM4HB67NYUZPQ53","TCPDF 2.5.000_PHP4 (http://www.tcpdf.org)","Joomla! 1.5 - Open Source Content Management","TCPDF 2.5.000_PHP4 (http___www.tcpdf.org)","TCPDF","output/by_producer/TCPDF 2.5.000_PHP4 (http___www.tcpdf.org)/IAH3Q2OTSFIUYZW7PIM4HB67NYUZPQ53_pre.pdf","output/by_producer/TCPDF 2.5.000_PHP4 (http___www.tcpdf.org)/IAH3Q2OTSFIUYZW7PIM4HB67NYUZPQ53_post.pdf"
"43QM3XC3PVX5LLMG2IHDTOMSCNYZYA7Y","TCPDF 2.5.000_PHP4 (http://www.tcpdf.org)","Joomla! 1.5 - Open Source Content Management","TCPDF 2.5.000_PHP4 (http___www.tcpdf.org)","TCPDF","output/by_producer/TCPDF 2.5.000_PHP4 (http___www.tcpdf.org)/43QM3XC3PVX5LLMG2IHDTOMSCNYZYA7Y_pre.pdf","output/by_producer/TCPDF 2.5.000_PHP4 (http___www.tcpdf.org)/43QM3XC3PVX5LLMG2IHDTOMSCNYZYA7Y_post.pdf"
"WSJDEJGLVPP7VL4KJA43GNTHS7CVD5TP","TCPDF 2.5.000_PHP4 (http://www.tcpdf.org)","Joomla! 1.5 - Open Source Content Management","TCPDF 2.5.000_PHP4 (http___www.tcpdf.org)","TCPDF","output/by_producer/TCPDF 2.5.000_PHP4 (http___www.tcpdf.org)/WSJDEJGLVPP7VL4KJA43GNTHS7CVD5TP_pre.pdf","output/by_producer/TCPDF 2.5.000_PHP4 (http___www.tcpdf.org)/WSJDEJGLVPP7VL4KJA43GNTHS7CVD5TP_post.pdf"
"WIDI4ZVJQJ2UTYOZRQKSL55ZQJQDNHX7","TCPDF 2.5.000_PHP4 (http://www.tcpdf.org)","Joomla! 1.5 - Open Source Content Management","TCPDF 2.5.000_PHP4 (http___www.tcpdf.org)","TCPDF","output/by_producer/TCPDF 2.5.000_PHP4 (http___www.tcpdf.org)/WIDI4ZVJQJ2UTYOZRQKSL55ZQJQDNHX7_pre.pdf","output/by_producer/TCPDF 2.5.000_PHP4 (http___www.tcpdf.org)/WIDI4ZVJQJ2UTYOZRQKSL55ZQJQDNHX7_post.pdf"
"YS6AIKVZKRRKLU2JGEBFS3PO665RXHWI","Acrobat Distiller 5.0.5 (Windows)","ACOMP.exe WinVer 1c15 Aug 31 2005","Acrobat Distiller 5.0.5 (Windows)","Acrobat_Distiller","output/by_producer/Acrobat Distiller 5.0.5 (Windows)/YS6AIKVZKRRKLU2JGEBFS3PO665RXHWI_pre.pdf","output/by_producer/Acrobat Distiller 5.0.5 (Windows)/YS6AIKVZKRRKLU2JGEBFS3PO665RXHWI_post.pdf"
"OIBFL53UO6KGYL6PN27JMGWOJKWD62FK","Mac OS X 10.6.8 Quartz PDFContext","Microsoft Word","Mac OS X 10.6.8 Quartz PDFContext","MacOS_X_Quartz","output/by_producer/Mac OS X 10.6.8 Quartz PDFContext/OIBFL53UO6KGYL6PN27JMGWOJKWD62FK_pre.pdf","output/by_producer/Mac OS X 10.6.8 Quartz PDFContext/OIBFL53UO6KGYL6PN27JMGWOJKWD62FK_post.pdf"
"RI2EFC7G35NUUXG5XEXZL7S2JTPG25NY","Adobe PDF Library 11.0","Acrobat PDFMaker 11 for Word","Adobe PDF Library 11.0","Adobe_PDF_Library","output/by_producer/Adobe PDF Library 11.0/RI2EFC7G35NUUXG5XEXZL7S2JTPG25NY_pre.pdf","output/by_producer/Adobe PDF Library 11.0/RI2EFC7G35NUUXG5XEXZL7S2JTPG25NY_post.pdf"
"W7KYNROWRCJS5Q4BRHWS65K5BQ7JHZKG","Acrobat PDFWriter 3.03 for Windows NT","Acrobat Capture Server 2.01","Acrobat PDFWriter 3.03 for Windows NT","Acrobat_PDFWriter","output/by_producer/Acrobat PDFWriter 3.03 for Windows NT/W7KYNROWRCJS5Q4BRHWS65K5BQ7JHZKG_pre.pdf","output/by_producer/Acrobat PDFWriter 3.03 for Windows NT/W7KYNROWRCJS5Q4BRHWS65K5BQ7JHZKG_post.pdf"
"TQB32TPQYRF2BVFF3S4ARJ26TSIHFHHL","Unknown producer","ESRI ArcGIS","Unknown producer","Unknown","output/by_producer/Unknown producer/TQB32TPQYRF2BVFF3S4ARJ26TSIHFHHL_pre.pdf","output/by_producer/Unknown producer/TQB32TPQYRF2BVFF3S4ARJ26TSIHFHHL_post.pdf"
"P6HR4OCK2XESQDYBJJZZKFXDENQUEURI","Microsoft® Office Word 2007; modified using iText® 5.3.3 ©2000-2012 1T3XT BVBA (AGPL-version)","Microsoft® Office Word 2007","Microsoft® Office Word 2007; modified using iText® 5.3.3 ©2000-2012 1T3XT BVBA (AGPL-version)","Microsoft_Office","output/by_producer/Microsoft® Office Word 2007; modified using iText® 5.3.3 ©2000-2012 1T3XT BVBA (AGPL-version)/P6HR4OCK2XESQDYBJJZZKFXDENQUEURI_pre.pdf","output/by_producer/Microsoft® Office Word 2007; modified using iText® 5.3.3 ©2000-2012 1T3XT BVBA (AGPL-version)/P6HR4OCK2XESQDYBJJZZKFXDENQUEURI_post.pdf"
"TMSRHQWHA2ESM6JEZPWINH2VYPCKLSLS","Amyuni PDF Converter version 4.5.0.5; modified using iText® 5.3.3 ©2000-2012 1T3XT BVBA (AGPL-version)","-","Amyuni PDF Converter version 4.5.0.5; modified using iText® 5.3.3 ©2000-2012 1T3XT BVBA (AGPL-version)","iText","output/by_producer/Amyuni PDF Converter version 4.5.0.5; modified using iText® 5.3.3 ©2000-2012 1T3XT BVBA (AGPL-version)/TMSRHQWHA2ESM6JEZPWINH2VYPCKLSLS_pre.pdf","output/by_producer/Amyuni PDF Converter version 4.5.0.5; modified using iText® 5.3.3 ©2000-2012 1T3XT BVBA (AGPL-version)/TMSRHQWHA2ESM6JEZPWINH2VYPCKLSLS_post.pdf"
"666HXEHN6OLTL3QKGACG3DJ7UL4L5NWL","Acrobat Distiller 4.0 for Windows","-","Acrobat Distiller 4.0 for Windows","Acrobat_Distiller","output/by_producer/Acrobat Distiller 4.0 for Windows/666HXEHN6OLTL3QKGACG3DJ7UL4L5NWL_pre.pdf","output/by_producer/Acrobat Distiller 4.0 for Windows/666HXEHN6OLTL3QKGACG3DJ7UL4L5NWL_post.pdf"
"BIQ36HF3QF3EIONNDI43TL5IU43SQKWJ","Oracle PDF driver","Oracle10gR2 AS Reports Services","Oracle PDF driver","Unknown","output/by_producer/Oracle PDF driver/BIQ36HF3QF3EIONNDI43TL5IU43SQKWJ_pre.pdf","output/by_producer/Oracle PDF driver/BIQ36HF3QF3EIONNDI43TL5IU43SQKWJ_post.pdf"
"SECTG7BZB6D4FVDAZNN2DTF2GGCAMTXE","CVISION Technologies","PdfCompressor 4.0.728","CVISION Technologies","Unknown","output/by_producer/CVISION Technologies/SECTG7BZB6D4FVDAZNN2DTF2GGCAMTXE_pre.pdf","output/by_producer/CVISION Technologies/SECTG7BZB6D4FVDAZNN2DTF2GGCAMTXE_post.pdf"
"LXT3XRV7OPUDA54NZCRFZW7KHFWU4Y3D","Neevia Document Converter 4.99","Neevia Document Converter 4.9.9","Neevia Document Converter 4.99","Unknown","output/by_producer/Neevia Document Converter 4.99/LXT3XRV7OPUDA54NZCRFZW7KHFWU4Y3D_pre.pdf","output/by_producer/Neevia Document Converter 4.99/LXT3XRV7OPUDA54NZCRFZW7KHFWU4Y3D_post.pdf"
"CM73W2TP2FDG5FFHRB6CQS526UNDQF7P","TCPDF 2.5.000_PHP4 (http://www.tcpdf.org)","Joomla! 1.5 - Open Source Content Management","TCPDF 2.5.000_PHP4 (http___www.tcpdf.org)","TCPDF","output/by_producer/TCPDF 2.5.000_PHP4 (http___www.tcpdf.org)/CM73W2TP2FDG5FFHRB6CQS526UNDQF7P_pre.pdf","output/by_producer/TCPDF 2.5.000_PHP4 (http___www.tcpdf.org)/CM73W2TP2FDG5FFHRB6CQS526UNDQF7P_post.pdf"
"B4BDQGQ5WNDFTCQP46PNPZW2DUJ56GJH","Adobe PDF Library 7.0","Adobe InDesign CS2 (4.0)","Adobe PDF Library 7.0","Adobe_PDF_Library","output/by_producer/Adobe PDF Library 7.0/B4BDQGQ5WNDFTCQP46PNPZW2DUJ56GJH_pre.pdf","output/by_producer/Adobe PDF Library 7.0/B4BDQGQ5WNDFTCQP46PNPZW2DUJ56GJH_post.pdf"
"SPQVK77DDSFQZLBQUZB3NTIRK72XIDVZ","iText 2.1.4 (by lowagie.com)","-","iText 2.1.4 (by lowagie.com)","iText","output/by_producer/iText 2.1.4 (by lowagie.com)/SPQVK77DDSFQZLBQUZB3NTIRK72XIDVZ_pre.pdf","output/by_producer/iText 2.1.4 (by lowagie.com)/SPQVK77DDSFQZLBQUZB3NTIRK72XIDVZ_post.pdf"
"JJL4WAJY5A3L4SVYJHLWTYK7OA4IFJ5A","Adobe PDF Library 4.0","Adobe Acrobat Capture Normalize Agent 3.0","Adobe PDF Library 4.0","Adobe_PDF_Library","output/by_producer/Adobe PDF Library 4.0/JJL4WAJY5A3L4SVYJHLWTYK7OA4IFJ5A_pre.pdf","output/by_producer/Adobe PDF Library 4.0/JJL4WAJY5A3L4SVYJHLWTYK7OA4IFJ5A_post.pdf"
"AG62TAHBIVHRPIZC4SJHTXWHNFOKTYL5","Acrobat Distiller 8.0.0 (Windows)","Acrobat PDFMaker 8.0 for Word","Acrobat Distiller 8.0.0 (Windows)","Acrobat_Distiller","output/by_producer/Acrobat Distiller 8.0.0 (Windows)/AG62TAHBIVHRPIZC4SJHTXWHNFOKTYL5_pre.pdf","output/by_producer/Acrobat Distiller 8.0.0 (Windows)/AG62TAHBIVHRPIZC4SJHTXWHNFOKTYL5_post.pdf"
"KQKKOFZRA2MSM7S4EEGOTH2CPEJOUNWD","Acrobat Distiller 5.0.5 (Windows)","Adobe PageMaker 7.0","Acrobat Distiller 5.0.5 (Windows)","Acrobat_Distiller","output/by_producer/Acrobat Distiller 5.0.5 (Windows)/KQKKOFZRA2MSM7S4EEGOTH2CPEJOUNWD_pre.pdf","output/by_producer/Acrobat Distiller 5.0.5 (Windows)/KQKKOFZRA2MSM7S4EEGOTH2CPEJOUNWD_post.pdf"
"QNKRV7UHP5TEQSOYA73EJYJ7MSG66S3D","Acrobat Distiller 5.0.5 (Windows)","ACOMP.exe WinVer 1c9 Aug 04 2004","Acrobat Distiller 5.0.5 (Windows)","Acrobat_Distiller","output/by_producer/Acrobat Distiller 5.0.5 (Windows)/QNKRV7UHP5TEQSOYA73EJYJ7MSG66S3D_pre.pdf","output/by_producer/Acrobat Distiller 5.0.5 (Windows)/QNKRV7UHP5TEQSOYA73EJYJ7MSG66S3D_post.pdf"
"I6S22V76FRG6WXENYBFTYLUPZEYTE7CE","Acrobat PDFWriter 2.01 for Windows","xsqa0b4.tmp","Acrobat PDFWriter 2.01 for Windows","Acrobat_PDFWriter","output/by_producer/Acrobat PDFWriter 2.01 for Windows/I6S22V76FRG6WXENYBFTYLUPZEYTE7CE_pre.pdf","output/by_producer/Acrobat PDFWriter 2.01 for Windows/I6S22V76FRG6WXENYBFTYLUPZEYTE7CE_post.pdf"
"AMTYOKGXFE7QNNQKJ73HZRLDKD3CSQW2","CVISION Technologies","PdfCompressor 5.0.333","CVISION Technologies","Unknown","output/by_producer/CVISION Technologies/AMTYOKGXFE7QNNQKJ73HZRLDKD3CSQW2_pre.pdf","output/by_producer/CVISION Technologies/AMTYOKGXFE7QNNQKJ73HZRLDKD3CSQW2_post.pdf"
"LW7OQ44Z4N33ZKSCS6IEEK54LMXJIOFH","Microsoft® Office Word 2007","Microsoft® Office Word 2007","Microsoft® Office Word 2007","Microsoft_Office","output/by_producer/Microsoft® Office Word 2007/LW7OQ44Z4N33ZKSCS6IEEK54LMXJIOFH_pre.pdf","output/by_producer/Microsoft® Office Word 2007/LW7OQ44Z4N33ZKSCS6IEEK54LMXJIOFH_post.pdf"
"JDREPE6JS4JXV6O476QYTJTIJLH7CMTA","Microsoft® Office Word 2007","Microsoft® Office Word 2007","Microsoft® Office Word 2007","Microsoft_Office","output/by_producer/Microsoft® Office Word 2007/JDREPE6JS4JXV6O476QYTJTIJLH7CMTA_pre.pdf","output/by_producer/Microsoft® Office Word 2007/JDREPE6JS4JXV6O476QYTJTIJLH7CMTA_post.pdf"
"PKJ5POOU72UUDAUOETQSQZUNHVOWUZZK","TCPDF 2.5.000_PHP4 (http://www.tcpdf.org)","Joomla! 1.5 - Open Source Content Management","TCPDF 2.5.000_PHP4 (http___www.tcpdf.org)","TCPDF","output/by_producer/TCPDF 2.5.000_PHP4 (http___www.tcpdf.org)/PKJ5POOU72UUDAUOETQSQZUNHVOWUZZK_pre.pdf","output/by_producer/TCPDF 2.5.000_PHP4 (http___www.tcpdf.org)/PKJ5POOU72UUDAUOETQSQZUNHVOWUZZK_post.pdf"
"TMLSWMKGDE2PLE3QSREAPVVCNK7QXPRC","Acrobat Distiller 5.0 (Windows)","PScript5.dll Version 5.2","Acrobat Distiller 5.0 (Windows)","Acrobat_Distiller","output/by_producer/Acrobat Distiller 5.0 (Windows)/TMLSWMKGDE2PLE3QSREAPVVCNK7QXPRC_pre.pdf","output/by_producer/Acrobat Distiller 5.0 (Windows)/TMLSWMKGDE2PLE3QSREAPVVCNK7QXPRC_post.pdf"
"JPJ5MCDTMBPXA7YEZNO5KXTSWXWYNDW5","TCPDF 2.5.000_PHP4 (http://www.tcpdf.org)","Joomla! 1.5 - Open Source Content Management","TCPDF 2.5.000_PHP4 (http___www.tcpdf.org)","TCPDF","output/by_producer/TCPDF 2.5.000_PHP4 (http___www.tcpdf.org)/JPJ5MCDTMBPXA7YEZNO5KXTSWXWYNDW5_pre.pdf","output/by_producer/TCPDF 2.5.000_PHP4 (http___www.tcpdf.org)/JPJ5MCDTMBPXA7YEZNO5KXTSWXWYNDW5_post.pdf"
"KWPQYSUTIEVQHMZBL2UDE4OKV53YYSG3","Adobe PDF Library 11.0; modified using iText 2.1.7 by 1T3XT","Acrobat PDFMaker 11 for Word","Adobe PDF Library 11.0; modified using iText 2.1.7 by 1T3XT","Adobe_PDF_Library","output/by_producer/Adobe PDF Library 11.0; modified using iText 2.1.7 by 1T3XT/KWPQYSUTIEVQHMZBL2UDE4OKV53YYSG3_pre.pdf","output/by_producer/Adobe PDF Library 11.0; modified using iText 2.1.7 by 1T3XT/KWPQYSUTIEVQHMZBL2UDE4OKV53YYSG3_post.pdf"
"D5XGVE6OSPKS2ELNCRDRBFZ4XQNNAYA7","TCPDF 2.5.000_PHP4 (http://www.tcpdf.org)","Joomla! 1.5 - Open Source Content Management","TCPDF 2.5.000_PHP4 (http___www.tcpdf.org)","TCPDF","output/by_producer/TCPDF 2.5.000_PHP4 (http___www.tcpdf.org)/D5XGVE6OSPKS2ELNCRDRBFZ4XQNNAYA7_pre.pdf","output/by_producer/TCPDF 2.5.000_PHP4 (http___www.tcpdf.org)/D5XGVE6OSPKS2ELNCRDRBFZ4XQNNAYA7_post.pdf"
"YFPURNDOL6TDJBBMD6FIMGPZ64OBYAQ6","Unknown producer","-","Unknown producer","Unknown","output/by_producer/Unknown producer/YFPURNDOL6TDJBBMD6FIMGPZ64OBYAQ6_pre.pdf","output/by_producer/Unknown producer/YFPURNDOL6TDJBBMD6FIMGPZ64OBYAQ6_post.pdf"
"BLQYONKYGPSK7RW76LOAUDZGQXB634CT","iTextdotNET by ujihara.jp based on iText1.3.4 by lowagie.com","-","iTextdotNET by ujihara.jp based on iText1.3.4 by lowagie.com","iText","output/by_producer/iTextdotNET by ujihara.jp based on iText1.3.4 by lowagie.com/BLQYONKYGPSK7RW76LOAUDZGQXB634CT_pre.pdf","output/by_producer/iTextdotNET by ujihara.jp based on iText1.3.4 by lowagie.com/BLQYONKYGPSK7RW76LOAUDZGQXB634CT_post.pdf"
"44CC3S6FHPO5OFLW26RYVMNN3CLMBFU5","Acrobat Distiller 4.0 for Windows","-","Acrobat Distiller 4.0 for Windows","Acrobat_Distiller","output/by_producer/Acrobat Distiller 4.0 for Windows/44CC3S6FHPO5OFLW26RYVMNN3CLMBFU5_pre.pdf","output/by_producer/Acrobat Distiller 4.0 for Windows/44CC3S6FHPO5OFLW26RYVMNN3CLMBFU5_post.pdf"
"THLKZHEPHTVPUJNWQ3L62RDZOIKMHE6X","TCPDF 2.5.000_PHP4 (http://www.tcpdf.org)","Joomla! 1.5 - Open Source Content Management","TCPDF 2.5.000_PHP4 (http___www.tcpdf.org)","TCPDF","output/by_producer/TCPDF 2.5.000_PHP4 (http___www.tcpdf.org)/THLKZHEPHTVPUJNWQ3L62RDZOIKMHE6X_pre.pdf","output/by_producer/TCPDF 2.5.000_PHP4 (http___www.tcpdf.org)/THLKZHEPHTVPUJNWQ3L62RDZOIKMHE6X_post.pdf"
"SREYYNQ35CNPBSWN6KDO6RBUGR4W7BZE","Microsoft® Office Word 2007","Microsoft® Office Word 2007","Microsoft® Office Word 2007","Microsoft_Office","output/by_producer/Microsoft® Office Word 2007/SREYYNQ35CNPBSWN6KDO6RBUGR4W7BZE_pre.pdf","output/by_producer/Microsoft® Office Word 2007/SREYYNQ35CNPBSWN6KDO6RBUGR4W7BZE_post.pdf"
"FINT6YKQ6HZIF4FG6472FBR4EVTNCZYZ","Microsoft® Office Word 2007","Microsoft® Office Word 2007","Microsoft® Office Word 2007","Microsoft_Office","output/by_producer/Microsoft® Office Word 2007/FINT6YKQ6HZIF4FG6472FBR4EVTNCZYZ_pre.pdf","output/by_producer/Microsoft® Office Word 2007/FINT6YKQ6HZIF4FG6472FBR4EVTNCZYZ_post.pdf"
"RI6NFCCK3DM3HB3ZU7OJTGVRX2YSD3LB","Acrobat Distiller 15.0 (Windows)","PScript5.dll Version 5.2.2","Acrobat Distiller 15.0 (Windows)","Acrobat_Distiller","output/by_producer/Acrobat Distiller 15.0 (Windows)/RI6NFCCK3DM3HB3ZU7OJTGVRX2YSD3LB_pre.pdf","output/by_producer/Acrobat Distiller 15.0 (Windows)/RI6NFCCK3DM3HB3ZU7OJTGVRX2YSD3LB_post.pdf"
"YJW37FHX43WFG327VZASKGXCUC3DH55F","libtiff / tiff2pdf - 20100615","-","libtiff _ tiff2pdf - 20100615","libtiff_tiff2pdf","output/by_producer/libtiff _ tiff2pdf - 20100615/YJW37FHX43WFG327VZASKGXCUC3DH55F_pre.pdf","output/by_producer/libtiff _ tiff2pdf - 20100615/YJW37FHX43WFG327VZASKGXCUC3DH55F_post.pdf"
"M4PQQ2SAF6X4U7WZE2ZG5FPZBNUKPKNC","Unknown producer","-","Unknown producer","Unknown","output/by_producer/Unknown producer/M4PQQ2SAF6X4U7WZE2ZG5FPZBNUKPKNC_pre.pdf","output/by_producer/Unknown producer/M4PQQ2SAF6X4U7WZE2ZG5FPZBNUKPKNC_post.pdf"
"65VH6VWWJJCZNGG3XTA7XAPZRAIOGYEV","Acrobat Distiller 6.0 (Windows)","PScript5.dll Version 5.2.2","Acrobat Distiller 6.0 (Windows)","Acrobat_Distiller","output/by_producer/Acrobat Distiller 6.0 (Windows)/65VH6VWWJJCZNGG3XTA7XAPZRAIOGYEV_pre.pdf","output/by_producer/Acrobat Distiller 6.0 (Windows)/65VH6VWWJJCZNGG3XTA7XAPZRAIOGYEV_post.pdf"
"QKMKFZHDUXL4UT3XEH7MJU4V7AUZHBGO","Acrobat Distiller 6.0.1 (Windows)","PScript5.dll Version 5.2","Acrobat Distiller 6.0.1 (Windows)","Acrobat_Distiller","output/by_producer/Acrobat Distiller 6.0.1 (Windows)/QKMKFZHDUXL4UT3XEH7MJU4V7AUZHBGO_pre.pdf","output/by_producer/Acrobat Distiller 6.0.1 (Windows)/QKMKFZHDUXL4UT3XEH7MJU4V7AUZHBGO_post.pdf"
"IM4QZDPPO5PUG5SPN2VFLKQDDK5RT3BU","Acrobat Distiller 7.0.5 (Windows)","PScript5.dll Version 5.2.2","Acrobat Distiller 7.0.5 (Windows)","Acrobat_Distiller","output/by_producer/Acrobat Distiller 7.0.5 (Windows)/IM4QZDPPO5PUG5SPN2VFLKQDDK5RT3BU_pre.pdf","output/by_producer/Acrobat Distiller 7.0.5 (Windows)/IM4QZDPPO5PUG5SPN2VFLKQDDK5RT3BU_post.pdf"
"CLVKCFF5I35W7VS2OQN55H3E5XJ4XFVE","PD4ML. HTML to PDF Converter for Java","PD4ML. HTML to PDF Converter for Java","PD4ML. HTML to PDF Converter for Java","PD4ML","output/by_producer/PD4ML. HTML to PDF Converter for Java/CLVKCFF5I35W7VS2OQN55H3E5XJ4XFVE_pre.pdf","output/by_producer/PD4ML. HTML to PDF Converter for Java/CLVKCFF5I35W7VS2OQN55H3E5XJ4XFVE_post.pdf"
"JYMSHAQOPOCHYVWZYLPSNQYDNAGMT5DR","TCPDF 2.5.000_PHP4 (http://www.tcpdf.org)","Joomla! 1.5 - Open Source Content Management","TCPDF 2.5.000_PHP4 (http___www.tcpdf.org)","TCPDF","output/by_producer/TCPDF 2.5.000_PHP4 (http___www.tcpdf.org)/JYMSHAQOPOCHYVWZYLPSNQYDNAGMT5DR_pre.pdf","output/by_producer/TCPDF 2.5.000_PHP4 (http___www.tcpdf.org)/JYMSHAQOPOCHYVWZYLPSNQYDNAGMT5DR_post.pdf"
"ZAIRYEDJ6SHNYMBVPJMCBULE2HL7HMRV","Acrobat Distiller 7.0.5 (Windows)","Acrobat PDFMaker 7.0.5 for Word","Acrobat Distiller 7.0.5 (Windows)","Acrobat_Distiller","output/by_producer/Acrobat Distiller 7.0.5 (Windows)/ZAIRYEDJ6SHNYMBVPJMCBULE2HL7HMRV_pre.pdf","output/by_producer/Acrobat Distiller 7.0.5 (Windows)/ZAIRYEDJ6SHNYMBVPJMCBULE2HL7HMRV_post.pdf"
"HQIOPSJSKZG4AZ2NCERJBQQWVWNJ2CWH","TCPDF 2.5.000_PHP4 (http://www.tcpdf.org)","Joomla! 1.5 - Open Source Content Management","TCPDF 2.5.000_PHP4 (http___www.tcpdf.org)","TCPDF","output/by_producer/TCPDF 2.5.000_PHP4 (http___www.tcpdf.org)/HQIOPSJSKZG4AZ2NCERJBQQWVWNJ2CWH_pre.pdf","output/by_producer/TCPDF 2.5.000_PHP4 (http___www.tcpdf.org)/HQIOPSJSKZG4AZ2NCERJBQQWVWNJ2CWH_post.pdf"
"QPGEM6DY42HDRLY6OQFDPEFDUSW43ITT","TCPDF 2.5.000_PHP4 (http://www.tcpdf.org)","Joomla! 1.5 - Open Source Content Management","TCPDF 2.5.000_PHP4 (http___www.tcpdf.org)","TCPDF","output/by_producer/TCPDF 2.5.000_PHP4 (http___www.tcpdf.org)/QPGEM6DY42HDRLY6OQFDPEFDUSW43ITT_pre.pdf","output/by_producer/TCPDF 2.5.000_PHP4 (http___www.tcpdf.org)/QPGEM6DY42HDRLY6OQFDPEFDUSW43ITT_post.pdf"
"SXHJPFKQMVB3WUA6WOCOATLLVMBWKCCS","Acrobat Distiller 9.0.0 (Windows)","PScript5.dll Version 5.2.2","Acrobat Distiller 9.0.0 (Windows)","Acrobat_Distiller","output/by_producer/Acrobat Distiller 9.0.0 (Windows)/SXHJPFKQMVB3WUA6WOCOATLLVMBWKCCS_pre.pdf","output/by_producer/Acrobat Distiller 9.0.0 (Windows)/SXHJPFKQMVB3WUA6WOCOATLLVMBWKCCS_post.pdf"
"BFWOETAIBXJQILXW3TFPQFSKPR726RJ5","Acrobat Distiller 4.05 for Windows","-","Acrobat Distiller 4.05 for Windows","Acrobat_Distiller","output/by_producer/Acrobat Distiller 4.05 for Windows/BFWOETAIBXJQILXW3TFPQFSKPR726RJ5_pre.pdf","output/by_producer/Acrobat Distiller 4.05 for Windows/BFWOETAIBXJQILXW3TFPQFSKPR726RJ5_post.pdf"
"VSIY6OBUI6HB77D6N5CW3UACJPONUNBT","libtiff / tiff2pdf - 20100615","-","libtiff _ tiff2pdf - 20100615","libtiff_tiff2pdf","output/by_producer/libtiff _ tiff2pdf - 20100615/VSIY6OBUI6HB77D6N5CW3UACJPONUNBT_pre.pdf","output/by_producer/libtiff _ tiff2pdf - 20100615/VSIY6OBUI6HB77D6N5CW3UACJPONUNBT_post.pdf"
"4WDM523HPSRSKBCVFVEJGLJ43DYOQRKO","OmniPage CSDK 16","HP Smart Document Scan Software 2.60","OmniPage CSDK 16","Capture_Scan_Plugins","output/by_producer/OmniPage CSDK 16/4WDM523HPSRSKBCVFVEJGLJ43DYOQRKO_pre.pdf","output/by_producer/OmniPage CSDK 16/4WDM523HPSRSKBCVFVEJGLJ43DYOQRKO_post.pdf"
"IFZFKQAJVRO7DBK7PJHVWZGWIWSIK45E","iText 2.1.4 (by lowagie.com)","-","iText 2.1.4 (by lowagie.com)","iText","output/by_producer/iText 2.1.4 (by lowagie.com)/IFZFKQAJVRO7DBK7PJHVWZGWIWSIK45E_pre.pdf","output/by_producer/iText 2.1.4 (by lowagie.com)/IFZFKQAJVRO7DBK7PJHVWZGWIWSIK45E_post.pdf"
"QIYEVQGJUXO4R45CCFYLL65JS6FERSNA","Acrobat Distiller 9.5.1 (Windows)","FrameMaker 9.0","Acrobat Distiller 9.5.1 (Windows)","Acrobat_Distiller","output/by_producer/Acrobat Distiller 9.5.1 (Windows)/QIYEVQGJUXO4R45CCFYLL65JS6FERSNA_pre.pdf","output/by_producer/Acrobat Distiller 9.5.1 (Windows)/QIYEVQGJUXO4R45CCFYLL65JS6FERSNA_post.pdf"
"SQLC3S4MW5EPXOWILIWFDKDOYRHJ5CK2","Adobe Acrobat 7.0 Paper Capture Plug-in","Adobe Acrobat 7.0","Adobe Acrobat 7.0 Paper Capture Plug-in","Capture_Scan_Plugins","output/by_producer/Adobe Acrobat 7.0 Paper Capture Plug-in/SQLC3S4MW5EPXOWILIWFDKDOYRHJ5CK2_pre.pdf","output/by_producer/Adobe Acrobat 7.0 Paper Capture Plug-in/SQLC3S4MW5EPXOWILIWFDKDOYRHJ5CK2_post.pdf"
"RXIDHLTDVIBR4P4WOFXTJSSV6A3K5GTZ","Acrobat Distiller 8.1.0 (Windows)","PScript5.dll Version 5.2","Acrobat Distiller 8.1.0 (Windows)","Acrobat_Distiller","output/by_producer/Acrobat Distiller 8.1.0 (Windows)/RXIDHLTDVIBR4P4WOFXTJSSV6A3K5GTZ_pre.pdf","output/by_producer/Acrobat Distiller 8.1.0 (Windows)/RXIDHLTDVIBR4P4WOFXTJSSV6A3K5GTZ_post.pdf"
"ROFAK5ST6GGKDWOVZ4YC6QI5GYOJBO4I","Adobe PDF Library 7.0","Adobe InDesign CS2_J (4.0.5)","Adobe PDF Library 7.0","Adobe_PDF_Library","output/by_producer/Adobe PDF Library 7.0/ROFAK5ST6GGKDWOVZ4YC6QI5GYOJBO4I_pre.pdf","output/by_producer/Adobe PDF Library 7.0/ROFAK5ST6GGKDWOVZ4YC6QI5GYOJBO4I_post.pdf"
"4BYJ3SJ7LQLUQONSHK7CN7NJFWKW62CX","Acrobat Net Distiller 1.0 for Windows","-","Acrobat Net Distiller 1.0 for Windows","Acrobat_Net_Distiller","output/by_producer/Acrobat Net Distiller 1.0 for Windows/4BYJ3SJ7LQLUQONSHK7CN7NJFWKW62CX_pre.pdf","output/by_producer/Acrobat Net Distiller 1.0 for Windows/4BYJ3SJ7LQLUQONSHK7CN7NJFWKW62CX_post.pdf"
"3HATKPN6TVEYUNQ6PK5MYH6VA6VX6ECE","iText 2.1.4 (by lowagie.com)","Federal Digital System, U. S. Government Printing Office","iText 2.1.4 (by lowagie.com)","iText","output/by_producer/iText 2.1.4 (by lowagie.com)/3HATKPN6TVEYUNQ6PK5MYH6VA6VX6ECE_pre.pdf","output/by_producer/iText 2.1.4 (by lowagie.com)/3HATKPN6TVEYUNQ6PK5MYH6VA6VX6ECE_post.pdf"
"EZ5GI4R7U4POAIDO2DOL6J3LIQLGQQRX","TCPDF 2.5.000_PHP4 (http://www.tcpdf.org)","Joomla! 1.5 - Open Source Content Management","TCPDF 2.5.000_PHP4 (http___www.tcpdf.org)","TCPDF","output/by_producer/TCPDF 2.5.000_PHP4 (http___www.tcpdf.org)/EZ5GI4R7U4POAIDO2DOL6J3LIQLGQQRX_pre.pdf","output/by_producer/TCPDF 2.5.000_PHP4 (http___www.tcpdf.org)/EZ5GI4R7U4POAIDO2DOL6J3LIQLGQQRX_post.pdf"
"VIM7QYT5BTQU2DZ5YSODAFBLJFMZUPUY","Microsoft® Office Word 2007","Microsoft® Office Word 2007","Microsoft® Office Word 2007","Microsoft_Office","output/by_producer/Microsoft® Office Word 2007/VIM7QYT5BTQU2DZ5YSODAFBLJFMZUPUY_pre.pdf","output/by_producer/Microsoft® Office Word 2007/VIM7QYT5BTQU2DZ5YSODAFBLJFMZUPUY_post.pdf"
"FC2VGRC55DZ77QA4O5L7DPBQEUDIQG52","Acrobat PDFWriter 3.02 for Windows","R:VOL1_99TALC99TALC_99.WPD","Acrobat PDFWriter 3.02 for Windows","Acrobat_PDFWriter","output/by_producer/Acrobat PDFWriter 3.02 for Windows/FC2VGRC55DZ77QA4O5L7DPBQEUDIQG52_pre.pdf","output/by_producer/Acrobat PDFWriter 3.02 for Windows/FC2VGRC55DZ77QA4O5L7DPBQEUDIQG52_post.pdf"
"PM77VVIRKCVEFG6KFQWCC5LHTB5BY5FD","Acrobat Distiller 5.0.5 (Windows)","PScript5.dll Version 5.2","Acrobat Distiller 5.0.5 (Windows)","Acrobat_Distiller","output/by_producer/Acrobat Distiller 5.0.5 (Windows)/PM77VVIRKCVEFG6KFQWCC5LHTB5BY5FD_pre.pdf","output/by_producer/Acrobat Distiller 5.0.5 (Windows)/PM77VVIRKCVEFG6KFQWCC5LHTB5BY5FD_post.pdf"
"2ED27NR7CISW7J4PHXXBZ6OFPVDFHMFB","Acrobat Distiller 6.0 (Windows)","PScript5.dll Version 5.2","Acrobat Distiller 6.0 (Windows)","Acrobat_Distiller","output/by_producer/Acrobat Distiller 6.0 (Windows)/2ED27NR7CISW7J4PHXXBZ6OFPVDFHMFB_pre.pdf","output/by_producer/Acrobat Distiller 6.0 (Windows)/2ED27NR7CISW7J4PHXXBZ6OFPVDFHMFB_post.pdf"
"LY6DBD3U5M6JGXFEYE54PAAMXND6XZ23","Powered By Crystal","Crystal Reports","Powered By Crystal","Unknown","output/by_producer/Powered By Crystal/LY6DBD3U5M6JGXFEYE54PAAMXND6XZ23_pre.pdf","output/by_producer/Powered By Crystal/LY6DBD3U5M6JGXFEYE54PAAMXND6XZ23_post.pdf"
"ZUWRZSXWC4YCHANQID44W33VTJ4XQU4I","Acrobat Distiller 4.0 for Windows","ACOMP.exe WinVer 1c15 Aug 31 2005","Acrobat Distiller 4.0 for Windows","Acrobat_Distiller","output/by_producer/Acrobat Distiller 4.0 for Windows/ZUWRZSXWC4YCHANQID44W33VTJ4XQU4I_pre.pdf","output/by_producer/Acrobat Distiller 4.0 for Windows/ZUWRZSXWC4YCHANQID44W33VTJ4XQU4I_post.pdf"
"ZJ5HVWDVHYK4BXVX65BYRTCCCJRRIV4L","TCPDF 2.5.000_PHP4 (http://www.tcpdf.org)","Joomla! 1.5 - Open Source Content Management","TCPDF 2.5.000_PHP4 (http___www.tcpdf.org)","TCPDF","output/by_producer/TCPDF 2.5.000_PHP4 (http___www.tcpdf.org)/ZJ5HVWDVHYK4BXVX65BYRTCCCJRRIV4L_pre.pdf","output/by_producer/TCPDF 2.5.000_PHP4 (http___www.tcpdf.org)/ZJ5HVWDVHYK4BXVX65BYRTCCCJRRIV4L_post.pdf"
"JKMMWI4FZT47DVLEJX3E2MIT3BNH3PTY","Unknown producer","ESRI ArcMap 10.0.3.3600","Unknown producer","Unknown","output/by_producer/Unknown producer/JKMMWI4FZT47DVLEJX3E2MIT3BNH3PTY_pre.pdf","output/by_producer/Unknown producer/JKMMWI4FZT47DVLEJX3E2MIT3BNH3PTY_post.pdf"
"D4BBBAV5MEXMP4EU2KX7JTF4DFORZHZO","Acrobat Net Distiller 1.0 for Windows","-","Acrobat Net Distiller 1.0 for Windows","Acrobat_Net_Distiller","output/by_producer/Acrobat Net Distiller 1.0 for Windows/D4BBBAV5MEXMP4EU2KX7JTF4DFORZHZO_pre.pdf","output/by_producer/Acrobat Net Distiller 1.0 for Windows/D4BBBAV5MEXMP4EU2KX7JTF4DFORZHZO_post.pdf"
"UBMWACPAJYUGJDM7NMNO2DQSSA75FPI4","TCPDF 2.5.000_PHP4 (http://www.tcpdf.org)","Joomla! 1.5 - Open Source Content Management","TCPDF 2.5.000_PHP4 (http___www.tcpdf.org)","TCPDF","output/by_producer/TCPDF 2.5.000_PHP4 (http___www.tcpdf.org)/UBMWACPAJYUGJDM7NMNO2DQSSA75FPI4_pre.pdf","output/by_producer/TCPDF 2.5.000_PHP4 (http___www.tcpdf.org)/UBMWACPAJYUGJDM7NMNO2DQSSA75FPI4_post.pdf"
"VQ7V6RDE524BDE4CSBLMPDVR44QSED2I","mPDF 5.7.4","-","mPDF 5.7.4","mPDF","output/by_producer/mPDF 5.7.4/VQ7V6RDE524BDE4CSBLMPDVR44QSED2I_pre.pdf","output/by_producer/mPDF 5.7.4/VQ7V6RDE524BDE4CSBLMPDVR44QSED2I_post.pdf"
"RXWB2L774DLDJ56PA7LYGA4DYUUA3FBE","Acrobat PDFWriter 2.01 for Windows","Microsoft Word","Acrobat PDFWriter 2.01 for Windows","Acrobat_PDFWriter","output/by_producer/Acrobat PDFWriter 2.01 for Windows/RXWB2L774DLDJ56PA7LYGA4DYUUA3FBE_pre.pdf","output/by_producer/Acrobat PDFWriter 2.01 for Windows/RXWB2L774DLDJ56PA7LYGA4DYUUA3FBE_post.pdf"
"Z2ABHWIEHLGHKMQDUVUCEL3EH7SEXCIT","TCPDF 2.5.000_PHP4 (http://www.tcpdf.org)","Joomla! 1.5 - Open Source Content Management","TCPDF 2.5.000_PHP4 (http___www.tcpdf.org)","TCPDF","output/by_producer/TCPDF 2.5.000_PHP4 (http___www.tcpdf.org)/Z2ABHWIEHLGHKMQDUVUCEL3EH7SEXCIT_pre.pdf","output/by_producer/TCPDF 2.5.000_PHP4 (http___www.tcpdf.org)/Z2ABHWIEHLGHKMQDUVUCEL3EH7SEXCIT_post.pdf"
"MDQ4BAARW6OTVBNBQE7BACYBNCCTWQDO","Unknown producer","-","Unknown producer","Unknown","output/by_producer/Unknown producer/MDQ4BAARW6OTVBNBQE7BACYBNCCTWQDO_pre.pdf","output/by_producer/Unknown producer/MDQ4BAARW6OTVBNBQE7BACYBNCCTWQDO_post.pdf"
"N3J3XUQEKRF55Q5R4CDOO6XNSN3BPO7M","Acrobat PDFWriter 3.02 for Windows","INVENW.XLS","Acrobat PDFWriter 3.02 for Windows","Acrobat_PDFWriter","output/by_producer/Acrobat PDFWriter 3.02 for Windows/N3J3XUQEKRF55Q5R4CDOO6XNSN3BPO7M_pre.pdf","output/by_producer/Acrobat PDFWriter 3.02 for Windows/N3J3XUQEKRF55Q5R4CDOO6XNSN3BPO7M_post.pdf"
"AOZ2LBQOYCC5F3KFBN3FUGN2FODM6DCU","Acrobat Distiller 9.5.5 (Windows)","PScript5.dll Version 5.2.2","Acrobat Distiller 9.5.5 (Windows)","Acrobat_Distiller","output/by_producer/Acrobat Distiller 9.5.5 (Windows)/AOZ2LBQOYCC5F3KFBN3FUGN2FODM6DCU_pre.pdf","output/by_producer/Acrobat Distiller 9.5.5 (Windows)/AOZ2LBQOYCC5F3KFBN3FUGN2FODM6DCU_post.pdf"
"XYKJN65G53ZKHHSTN4BM6WZEXSYDKAVJ","Adobe PDF library 7.77","Adobe Illustrator CS2","Adobe PDF library 7.77","Adobe_PDF_Library","output/by_producer/Adobe PDF library 7.77/XYKJN65G53ZKHHSTN4BM6WZEXSYDKAVJ_pre.pdf","output/by_producer/Adobe PDF library 7.77/XYKJN65G53ZKHHSTN4BM6WZEXSYDKAVJ_post.pdf"
"IJEACIRWFTFAIA4OFQIWDFMFTRYC7SDS","Acrobat Distiller 4.0 for Windows","-","Acrobat Distiller 4.0 for Windows","Acrobat_Distiller","output/by_producer/Acrobat Distiller 4.0 for Windows/IJEACIRWFTFAIA4OFQIWDFMFTRYC7SDS_pre.pdf","output/by_producer/Acrobat Distiller 4.0 for Windows/IJEACIRWFTFAIA4OFQIWDFMFTRYC7SDS_post.pdf"
"PFYC6E5GGQLD2ON3WMS63OO5DERTOC5G","Acrobat Distiller 6.0 (Windows)","PScript5.dll Version 5.2","Acrobat Distiller 6.0 (Windows)","Acrobat_Distiller","output/by_producer/Acrobat Distiller 6.0 (Windows)/PFYC6E5GGQLD2ON3WMS63OO5DERTOC5G_pre.pdf","output/by_producer/Acrobat Distiller 6.0 (Windows)/PFYC6E5GGQLD2ON3WMS63OO5DERTOC5G_post.pdf"
"HKZAYT5MELBWIO3KEUOMDX42ENWUWSHD","Unknown producer","R and OS php pdf writer, http://www.ros.co.nz","Unknown producer","Unknown","output/by_producer/Unknown producer/HKZAYT5MELBWIO3KEUOMDX42ENWUWSHD_pre.pdf","output/by_producer/Unknown producer/HKZAYT5MELBWIO3KEUOMDX42ENWUWSHD_post.pdf"
"BKWDR4PBS4CBB6SJ7JBXHZZ6HTNIVYXW","Unknown producer","-","Unknown producer","Unknown","output/by_producer/Unknown producer/BKWDR4PBS4CBB6SJ7JBXHZZ6HTNIVYXW_pre.pdf","output/by_producer/Unknown producer/BKWDR4PBS4CBB6SJ7JBXHZZ6HTNIVYXW_post.pdf"
"FGW25YJCHKX5V4CGB447WS3CQP2ZVRDY","TCPDF 2.5.000_PHP4 (http://www.tcpdf.org)","Joomla! 1.5 - Open Source Content Management","TCPDF 2.5.000_PHP4 (http___www.tcpdf.org)","TCPDF","output/by_producer/TCPDF 2.5.000_PHP4 (http___www.tcpdf.org)/FGW25YJCHKX5V4CGB447WS3CQP2ZVRDY_pre.pdf","output/by_producer/TCPDF 2.5.000_PHP4 (http___www.tcpdf.org)/FGW25YJCHKX5V4CGB447WS3CQP2ZVRDY_post.pdf"
"DTUUL6SJCKWTMKUHW4EBFNTNIZCMIM2H","Acrobat Distiller 7.0.5 (Windows)","PScript5.dll Version 5.2.2","Acrobat Distiller 7.0.5 (Windows)","Acrobat_Distiller","output/by_producer/Acrobat Distiller 7.0.5 (Windows)/DTUUL6SJCKWTMKUHW4EBFNTNIZCMIM2H_pre.pdf","output/by_producer/Acrobat Distiller 7.0.5 (Windows)/DTUUL6SJCKWTMKUHW4EBFNTNIZCMIM2H_post.pdf"
"4NULTK4K27CEH4E6TCVCEHXAWVJJMWSX","TCPDF 2.5.000_PHP4 (http://www.tcpdf.org)","Joomla! 1.5 - Open Source Content Management","TCPDF 2.5.000_PHP4 (http___www.tcpdf.org)","TCPDF","output/by_producer/TCPDF 2.5.000_PHP4 (http___www.tcpdf.org)/4NULTK4K27CEH4E6TCVCEHXAWVJJMWSX_pre.pdf","output/by_producer/TCPDF 2.5.000_PHP4 (http___www.tcpdf.org)/4NULTK4K27CEH4E6TCVCEHXAWVJJMWSX_post.pdf"
"JXE4W4MUU66ZFEDIYZUFDLK4F5NZOPYZ","Acrobat Distiller 8.1.0 (Windows)","PScript5.dll Version 5.2.2","Acrobat Distiller 8.1.0 (Windows)","Acrobat_Distiller","output/by_producer/Acrobat Distiller 8.1.0 (Windows)/JXE4W4MUU66ZFEDIYZUFDLK4F5NZOPYZ_pre.pdf","output/by_producer/Acrobat Distiller 8.1.0 (Windows)/JXE4W4MUU66ZFEDIYZUFDLK4F5NZOPYZ_post.pdf"
"TW5273JZ43VOQUCL7FRZ2N6STHYBBCQ4","Unknown producer","R and OS php pdf writer, http://www.ros.co.nz","Unknown producer","Unknown","output/by_producer/Unknown producer/TW5273JZ43VOQUCL7FRZ2N6STHYBBCQ4_pre.pdf","output/by_producer/Unknown producer/TW5273JZ43VOQUCL7FRZ2N6STHYBBCQ4_post.pdf"
"4J72NV3NRCPTITE2IIE2CG2NMBSSLM67","Acrobat Distiller 11.0 (Windows)","PScript5.dll Version 5.2.2","Acrobat Distiller 11.0 (Windows)","Acrobat_Distiller","output/by_producer/Acrobat Distiller 11.0 (Windows)/4J72NV3NRCPTITE2IIE2CG2NMBSSLM67_pre.pdf","output/by_producer/Acrobat Distiller 11.0 (Windows)/4J72NV3NRCPTITE2IIE2CG2NMBSSLM67_post.pdf"
"X2T7N7IH7E45XFYXNJH5Q3AYJU4BEC57","Acrobat Distiller 7.0.5 (Windows)","Acrobat PDFMaker 7.0.5 for Word","Acrobat Distiller 7.0.5 (Windows)","Acrobat_Distiller","output/by_producer/Acrobat Distiller 7.0.5 (Windows)/X2T7N7IH7E45XFYXNJH5Q3AYJU4BEC57_pre.pdf","output/by_producer/Acrobat Distiller 7.0.5 (Windows)/X2T7N7IH7E45XFYXNJH5Q3AYJU4BEC57_post.pdf"
"CJ32H5HOWQQX3XKCOKS7HVZ4Z4RO33YK","Acrobat Distiller 4.0 for Windows","-","Acrobat Distiller 4.0 for Windows","Acrobat_Distiller","output/by_producer/Acrobat Distiller 4.0 for Windows/CJ32H5HOWQQX3XKCOKS7HVZ4Z4RO33YK_pre.pdf","output/by_producer/Acrobat Distiller 4.0 for Windows/CJ32H5HOWQQX3XKCOKS7HVZ4Z4RO33YK_post.pdf"
"WFMYY4FTQ2IYW3TPG7G5H6OJVMS2B2YD","TCPDF 2.5.000_PHP4 (http://www.tcpdf.org)","Joomla! 1.5 - Open Source Content Management","TCPDF 2.5.000_PHP4 (http___www.tcpdf.org)","TCPDF","output/by_producer/TCPDF 2.5.000_PHP4 (http___www.tcpdf.org)/WFMYY4FTQ2IYW3TPG7G5H6OJVMS2B2YD_pre.pdf","output/by_producer/TCPDF 2.5.000_PHP4 (http___www.tcpdf.org)/WFMYY4FTQ2IYW3TPG7G5H6OJVMS2B2YD_post.pdf"
"WPMW6LHFZX2C5ZMPDSVYP7FF7GTOL6QO","Unknown producer","-","Unknown producer","Unknown","output/by_producer/Unknown producer/WPMW6LHFZX2C5ZMPDSVYP7FF7GTOL6QO_pre.pdf","output/by_producer/Unknown producer/WPMW6LHFZX2C5ZMPDSVYP7FF7GTOL6QO_post.pdf"
"6AVXT3OLPGYVAG7L4CBYJHXLAXJE4V6F","TCPDF 6.0.064 (http://www.tcpdf.org)","District of Utah","TCPDF 6.0.064 (http___www.tcpdf.org)","TCPDF","output/by_producer/TCPDF 6.0.064 (http___www.tcpdf.org)/6AVXT3OLPGYVAG7L4CBYJHXLAXJE4V6F_pre.pdf","output/by_producer/TCPDF 6.0.064 (http___www.tcpdf.org)/6AVXT3OLPGYVAG7L4CBYJHXLAXJE4V6F_post.pdf"
"RVF6AZOJLCDEWLY2UNGVFQ4PSVEQYAUH","TCPDF 2.5.000_PHP4 (http://www.tcpdf.org)","Joomla! 1.5 - Open Source Content Management","TCPDF 2.5.000_PHP4 (http___www.tcpdf.org)","TCPDF","output/by_producer/TCPDF 2.5.000_PHP4 (http___www.tcpdf.org)/RVF6AZOJLCDEWLY2UNGVFQ4PSVEQYAUH_pre.pdf","output/by_producer/TCPDF 2.5.000_PHP4 (http___www.tcpdf.org)/RVF6AZOJLCDEWLY2UNGVFQ4PSVEQYAUH_post.pdf"
"WT4PUCQSO7JLM6FV4HZDJ6DN4ZGWFL7U","Unknown producer","R and OS php pdf writer, http://www.ros.co.nz","Unknown producer","Unknown","output/by_producer/Unknown producer/WT4PUCQSO7JLM6FV4HZDJ6DN4ZGWFL7U_pre.pdf","output/by_producer/Unknown producer/WT4PUCQSO7JLM6FV4HZDJ6DN4ZGWFL7U_post.pdf"
"ZEVGJOLU5PKURGKDQ3GMLEWFTBUGJXT6","TCPDF 2.5.000_PHP4 (http://www.tcpdf.org)","Joomla! 1.5 - Open Source Content Management","TCPDF 2.5.000_PHP4 (http___www.tcpdf.org)","TCPDF","output/by_producer/TCPDF 2.5.000_PHP4 (http___www.tcpdf.org)/ZEVGJOLU5PKURGKDQ3GMLEWFTBUGJXT6_pre.pdf","output/by_producer/TCPDF 2.5.000_PHP4 (http___www.tcpdf.org)/ZEVGJOLU5PKURGKDQ3GMLEWFTBUGJXT6_post.pdf"
"KYL4ATEPT72QYDBMYMCWXM2N7EJA2DMS","Etymon PJ 1.10, Copyright (C) 1998-2000 Etymon Systems, Inc. <http://www.etymon.com/>","-","Etymon PJ 1.10, Copyright (C) 1998-2000 Etymon Systems, Inc. <http___www.etymon.com_>","Unknown","output/by_producer/Etymon PJ 1.10, Copyright (C) 1998-2000 Etymon Systems, Inc. <http___www.etymon.com_>/KYL4ATEPT72QYDBMYMCWXM2N7EJA2DMS_pre.pdf","output/by_producer/Etymon PJ 1.10, Copyright (C) 1998-2000 Etymon Systems, Inc. <http___www.etymon.com_>/KYL4ATEPT72QYDBMYMCWXM2N7EJA2DMS_post.pdf"
"W5VHS6JXL2IZQKOADSVN6J2JWZPNWVC6","Unknown producer","R and OS php pdf writer, http://www.ros.co.nz","Unknown producer","Unknown","output/by_producer/Unknown producer/W5VHS6JXL2IZQKOADSVN6J2JWZPNWVC6_pre.pdf","output/by_producer/Unknown producer/W5VHS6JXL2IZQKOADSVN6J2JWZPNWVC6_post.pdf"
"FTLF4636APPKQDG5YKVPXDML54WUBBZA","TCPDF 2.5.000_PHP4 (http://www.tcpdf.org)","Joomla! 1.5 - Open Source Content Management","TCPDF 2.5.000_PHP4 (http___www.tcpdf.org)","TCPDF","output/by_producer/TCPDF 2.5.000_PHP4 (http___www.tcpdf.org)/FTLF4636APPKQDG5YKVPXDML54WUBBZA_pre.pdf","output/by_producer/TCPDF 2.5.000_PHP4 (http___www.tcpdf.org)/FTLF4636APPKQDG5YKVPXDML54WUBBZA_post.pdf"
"PFGSA5KKI3RCAENXBCM2LGTLHH5TLRGG","AFPL Ghostscript 8.0","IDL Version 6.1.1, Compaq Tru64 (OSF alpha m64)","AFPL Ghostscript 8.0","Ghostscript","output/by_producer/AFPL Ghostscript 8.0/PFGSA5KKI3RCAENXBCM2LGTLHH5TLRGG_pre.pdf","output/by_producer/AFPL Ghostscript 8.0/PFGSA5KKI3RCAENXBCM2LGTLHH5TLRGG_post.pdf"
"TYQ2Y24KMBHFOCYET2QDX4C4YBNM7CBY","Aquaforest Tiff Image Server V1.x - http://www.aquaforest.com; modified using iText® 5.3.3 ©2000-2012 1T3XT BVBA (AGPL-version)","Aquaforest Tiff Image Server V1.x - http://www.aquaforest.com","Aquaforest Tiff Image Server V1.x - http___www.aquaforest.com; modified using iText® 5.3.3 ©2000-2012 1T3XT BVBA (AGPL-version)","iText","output/by_producer/Aquaforest Tiff Image Server V1.x - http___www.aquaforest.com; modified using iText® 5.3.3 ©2000-2012 1T3XT BVBA (AGPL-version)/TYQ2Y24KMBHFOCYET2QDX4C4YBNM7CBY_pre.pdf","output/by_producer/Aquaforest Tiff Image Server V1.x - http___www.aquaforest.com; modified using iText® 5.3.3 ©2000-2012 1T3XT BVBA (AGPL-version)/TYQ2Y24KMBHFOCYET2QDX4C4YBNM7CBY_post.pdf"
"MDFT7WKB5IFQY7SPL4NGQCPMCQUNYSAM","Aquaforest Tiff Image Server V1.x - http://www.aquaforest.com; modified using iText® 5.3.3 ©2000-2012 1T3XT BVBA (AGPL-version)","Aquaforest Tiff Image Server V1.x - http://www.aquaforest.com","Aquaforest Tiff Image Server V1.x - http___www.aquaforest.com; modified using iText® 5.3.3 ©2000-2012 1T3XT BVBA (AGPL-version)","iText","output/by_producer/Aquaforest Tiff Image Server V1.x - http___www.aquaforest.com; modified using iText® 5.3.3 ©2000-2012 1T3XT BVBA (AGPL-version)/MDFT7WKB5IFQY7SPL4NGQCPMCQUNYSAM_pre.pdf","output/by_producer/Aquaforest Tiff Image Server V1.x - http___www.aquaforest.com; modified using iText® 5.3.3 ©2000-2012 1T3XT BVBA (AGPL-version)/MDFT7WKB5IFQY7SPL4NGQCPMCQUNYSAM_post.pdf"
"OARISNKXLKQMHUOI5CJP52OYQJ2AARZR","iText 2.1.7 by 1T3XT","-","iText 2.1.7 by 1T3XT","iText","output/by_producer/iText 2.1.7 by 1T3XT/OARISNKXLKQMHUOI5CJP52OYQJ2AARZR_pre.pdf","output/by_producer/iText 2.1.7 by 1T3XT/OARISNKXLKQMHUOI5CJP52OYQJ2AARZR_post.pdf"
"R6LHWCGK5EOQHHR7EXRI7ZJLBG2R5QOF","Unknown producer","R and OS php pdf writer, http://www.ros.co.nz","Unknown producer","Unknown","output/by_producer/Unknown producer/R6LHWCGK5EOQHHR7EXRI7ZJLBG2R5QOF_pre.pdf","output/by_producer/Unknown producer/R6LHWCGK5EOQHHR7EXRI7ZJLBG2R5QOF_post.pdf"
"QMDDA7F5HSPSBPI6M7DBNZAAZLCR36E4","Acrobat Distiller 9.0.0 (Windows)","PScript5.dll Version 5.2.2","Acrobat Distiller 9.0.0 (Windows)","Acrobat_Distiller","output/by_producer/Acrobat Distiller 9.0.0 (Windows)/QMDDA7F5HSPSBPI6M7DBNZAAZLCR36E4_pre.pdf","output/by_producer/Acrobat Distiller 9.0.0 (Windows)/QMDDA7F5HSPSBPI6M7DBNZAAZLCR36E4_post.pdf"
"HNBALTFDCV5YCQB772EJLOZGFV3JQLXS","Unknown producer","R and OS php pdf writer, http://www.ros.co.nz","Unknown producer","Unknown","output/by_producer/Unknown producer/HNBALTFDCV5YCQB772EJLOZGFV3JQLXS_pre.pdf","output/by_producer/Unknown producer/HNBALTFDCV5YCQB772EJLOZGFV3JQLXS_post.pdf"
"7DHC66NNE4RHBN7MNVPKSCN6E2GFRS2Z","TCPDF 2.5.000_PHP4 (http://www.tcpdf.org)","Joomla! 1.5 - Open Source Content Management","TCPDF 2.5.000_PHP4 (http___www.tcpdf.org)","TCPDF","output/by_producer/TCPDF 2.5.000_PHP4 (http___www.tcpdf.org)/7DHC66NNE4RHBN7MNVPKSCN6E2GFRS2Z_pre.pdf","output/by_producer/TCPDF 2.5.000_PHP4 (http___www.tcpdf.org)/7DHC66NNE4RHBN7MNVPKSCN6E2GFRS2Z_post.pdf"
"TV2FR5ZDVPUTCZABFDGX5523SXF5WWIR","TCPDF 2.5.000_PHP4 (http://www.tcpdf.org)","Joomla! 1.5 - Open Source Content Management","TCPDF 2.5.000_PHP4 (http___www.tcpdf.org)","TCPDF","output/by_producer/TCPDF 2.5.000_PHP4 (http___www.tcpdf.org)/TV2FR5ZDVPUTCZABFDGX5523SXF5WWIR_pre.pdf","output/by_producer/TCPDF 2.5.000_PHP4 (http___www.tcpdf.org)/TV2FR5ZDVPUTCZABFDGX5523SXF5WWIR_post.pdf"
"TX6WQ3B3MEI45HD4AGOAYJUCMI7LOSFG","Adobe Acrobat 8.17 Image Conversion Plug-in","Adobe Acrobat 8.17","Adobe Acrobat 8.17 Image Conversion Plug-in","Capture_Scan_Plugins","output/by_producer/Adobe Acrobat 8.17 Image Conversion Plug-in/TX6WQ3B3MEI45HD4AGOAYJUCMI7LOSFG_pre.pdf","output/by_producer/Adobe Acrobat 8.17 Image Conversion Plug-in/TX6WQ3B3MEI45HD4AGOAYJUCMI7LOSFG_post.pdf"
"2QCQAIXCPZZPZPEEBHJT4WUB5BA42DCP","TCPDF 2.5.000_PHP4 (http://www.tcpdf.org)","Joomla! 1.5 - Open Source Content Management","TCPDF 2.5.000_PHP4 (http___www.tcpdf.org)","TCPDF","output/by_producer/TCPDF 2.5.000_PHP4 (http___www.tcpdf.org)/2QCQAIXCPZZPZPEEBHJT4WUB5BA42DCP_pre.pdf","output/by_producer/TCPDF 2.5.000_PHP4 (http___www.tcpdf.org)/2QCQAIXCPZZPZPEEBHJT4WUB5BA42DCP_post.pdf"
"QZ74K7KFE4OPYKEUIOXGTTM6Q73UJP4C","iText® 5.3.4-SNAPSHOT ©2000-2012 1T3XT BVBA (AGPL-version)","-","iText® 5.3.4-SNAPSHOT ©2000-2012 1T3XT BVBA (AGPL-version)","iText","output/by_producer/iText® 5.3.4-SNAPSHOT ©2000-2012 1T3XT BVBA (AGPL-version)/QZ74K7KFE4OPYKEUIOXGTTM6Q73UJP4C_pre.pdf","output/by_producer/iText® 5.3.4-SNAPSHOT ©2000-2012 1T3XT BVBA (AGPL-version)/QZ74K7KFE4OPYKEUIOXGTTM6Q73UJP4C_post.pdf"
"JXM2RAH5DJSVW2XCEGXVMU2PFPC4J3P4","Acrobat Distiller 6.0.1 (Windows)","ACOMP.exe WinVer 2.0 Nov 24 2008","Acrobat Distiller 6.0.1 (Windows)","Acrobat_Distiller","output/by_producer/Acrobat Distiller 6.0.1 (Windows)/JXM2RAH5DJSVW2XCEGXVMU2PFPC4J3P4_pre.pdf","output/by_producer/Acrobat Distiller 6.0.1 (Windows)/JXM2RAH5DJSVW2XCEGXVMU2PFPC4J3P4_post.pdf"
"67JSPHIB2F6WUL35OLRAOZ2UEDTI2XZ5","Corel PDF Engine Version 11.4.0.100","PrintServer130","Corel PDF Engine Version 11.4.0.100","Corel_PDF_Engine","output/by_producer/Corel PDF Engine Version 11.4.0.100/67JSPHIB2F6WUL35OLRAOZ2UEDTI2XZ5_pre.pdf","output/by_producer/Corel PDF Engine Version 11.4.0.100/67JSPHIB2F6WUL35OLRAOZ2UEDTI2XZ5_post.pdf"
"DDGJRL6PYXQO6TAZCPOLGYTVVSIUFRWG","Acrobat 3.0 Scan Plug-in","Acrobat 3.0 Scan Plug-in","Acrobat 3.0 Scan Plug-in","Capture_Scan_Plugins","output/by_producer/Acrobat 3.0 Scan Plug-in/DDGJRL6PYXQO6TAZCPOLGYTVVSIUFRWG_pre.pdf","output/by_producer/Acrobat 3.0 Scan Plug-in/DDGJRL6PYXQO6TAZCPOLGYTVVSIUFRWG_post.pdf"
"J4XIQKGR5I6GKS2RD2IWEWCUNLVEFSZO","Xerox WorkCentre Pro 245","-","Xerox WorkCentre Pro 245","Capture_Scan_Plugins","output/by_producer/Xerox WorkCentre Pro 245/J4XIQKGR5I6GKS2RD2IWEWCUNLVEFSZO_pre.pdf","output/by_producer/Xerox WorkCentre Pro 245/J4XIQKGR5I6GKS2RD2IWEWCUNLVEFSZO_post.pdf"
"NLQ2FSPOQDRVBINYEXFQNKEGS65YPQ7P","Adobe PDF Library 10.0","Acrobat PDFMaker 10.1 for Word","Adobe PDF Library 10.0","Adobe_PDF_Library","output/by_producer/Adobe PDF Library 10.0/NLQ2FSPOQDRVBINYEXFQNKEGS65YPQ7P_pre.pdf","output/by_producer/Adobe PDF Library 10.0/NLQ2FSPOQDRVBINYEXFQNKEGS65YPQ7P_post.pdf"
"5JEF6INEQSUEH2KKAOO5NNONLBEXWTXI","GPL Ghostscript 8.64","PDFCreator Version 0.9.8","GPL Ghostscript 8.64","Ghostscript","output/by_producer/GPL Ghostscript 8.64/5JEF6INEQSUEH2KKAOO5NNONLBEXWTXI_pre.pdf","output/by_producer/GPL Ghostscript 8.64/5JEF6INEQSUEH2KKAOO5NNONLBEXWTXI_post.pdf"
"RHW47KIVYBR2WPS44NNXESVQHKWOOXXD","Adobe PDF Library 9.9","Adobe InDesign Server CS5.5 (7.5.3)","Adobe PDF Library 9.9","Adobe_PDF_Library","output/by_producer/Adobe PDF Library 9.9/RHW47KIVYBR2WPS44NNXESVQHKWOOXXD_pre.pdf","output/by_producer/Adobe PDF Library 9.9/RHW47KIVYBR2WPS44NNXESVQHKWOOXXD_post.pdf"
"2KQDEYIMQDVT2DUARRCJV5HEUYY2HO7H","Microsoft® Office Word 2007","Microsoft® Office Word 2007","Microsoft® Office Word 2007","Microsoft_Office","output/by_producer/Microsoft® Office Word 2007/2KQDEYIMQDVT2DUARRCJV5HEUYY2HO7H_pre.pdf","output/by_producer/Microsoft® Office Word 2007/2KQDEYIMQDVT2DUARRCJV5HEUYY2HO7H_post.pdf"
"OL336OCHWPDVQZZYXKYBAGX2XGMXEWBY","TCPDF 2.5.000_PHP4 (http://www.tcpdf.org)","Joomla! 1.5 - Open Source Content Management","TCPDF 2.5.000_PHP4 (http___www.tcpdf.org)","TCPDF","output/by_producer/TCPDF 2.5.000_PHP4 (http___www.tcpdf.org)/OL336OCHWPDVQZZYXKYBAGX2XGMXEWBY_pre.pdf","output/by_producer/TCPDF 2.5.000_PHP4 (http___www.tcpdf.org)/OL336OCHWPDVQZZYXKYBAGX2XGMXEWBY_post.pdf"
"QJRUY4FRCDHXZJT5ZAWKMADAMAQUP5R6","OmniPage 11 http://www.scansoft.com","OmniPage 11 http://www.scansoft.com","OmniPage 11 http___www.scansoft.com","Capture_Scan_Plugins","output/by_producer/OmniPage 11 http___www.scansoft.com/QJRUY4FRCDHXZJT5ZAWKMADAMAQUP5R6_pre.pdf","output/by_producer/OmniPage 11 http___www.scansoft.com/QJRUY4FRCDHXZJT5ZAWKMADAMAQUP5R6_post.pdf"
"OD4ERNFNRHRA77G3YVQMKKCFQ4KQZGVL","ImageMagick 6.6.2-4 2010-06-07 Q16 http://www.imagemagick.org","-","ImageMagick 6.6.2-4 2010-06-07 Q16 http___www.imagemagick.org","Unknown","output/by_producer/ImageMagick 6.6.2-4 2010-06-07 Q16 http___www.imagemagick.org/OD4ERNFNRHRA77G3YVQMKKCFQ4KQZGVL_pre.pdf","output/by_producer/ImageMagick 6.6.2-4 2010-06-07 Q16 http___www.imagemagick.org/OD4ERNFNRHRA77G3YVQMKKCFQ4KQZGVL_post.pdf"
"HOR7BQTQAFIPH2Z5TCKEJ5FZCCV7MZBO","Unknown producer","R and OS php pdf writer, http://www.ros.co.nz","Unknown producer","Unknown","output/by_producer/Unknown producer/HOR7BQTQAFIPH2Z5TCKEJ5FZCCV7MZBO_pre.pdf","output/by_producer/Unknown producer/HOR7BQTQAFIPH2Z5TCKEJ5FZCCV7MZBO_post.pdf"
"ZEZKWHVDSQXEMJQPI3I6NGC26E63NXNR","Acrobat Distiller 7.0.5 (Windows)","PScript5.dll Version 5.2.2","Acrobat Distiller 7.0.5 (Windows)","Acrobat_Distiller","output/by_producer/Acrobat Distiller 7.0.5 (Windows)/ZEZKWHVDSQXEMJQPI3I6NGC26E63NXNR_pre.pdf","output/by_producer/Acrobat Distiller 7.0.5 (Windows)/ZEZKWHVDSQXEMJQPI3I6NGC26E63NXNR_post.pdf"
"GGGXC6WZE4CKPCLWC5UX6F465XQEAGR6","Corel PDF Engine Version 16.0.0.427","PrintServer160","Corel PDF Engine Version 16.0.0.427","Corel_PDF_Engine","output/by_producer/Corel PDF Engine Version 16.0.0.427/GGGXC6WZE4CKPCLWC5UX6F465XQEAGR6_pre.pdf","output/by_producer/Corel PDF Engine Version 16.0.0.427/GGGXC6WZE4CKPCLWC5UX6F465XQEAGR6_post.pdf"
"QCAENKSZWWWKYHPTET6HQGFKTLKEUTEO","Acrobat Distiller 5.0.5 (Windows)","ACOMP.exe WinVer 1c4 May 21 2004","Acrobat Distiller 5.0.5 (Windows)","Acrobat_Distiller","output/by_producer/Acrobat Distiller 5.0.5 (Windows)/QCAENKSZWWWKYHPTET6HQGFKTLKEUTEO_pre.pdf","output/by_producer/Acrobat Distiller 5.0.5 (Windows)/QCAENKSZWWWKYHPTET6HQGFKTLKEUTEO_post.pdf"
"XTYOD5JGKSMJAATU6RT4WK3LPOYBGYJY","PD4ML. HTML to PDF Converter for Java","PD4ML. HTML to PDF Converter for Java","PD4ML. HTML to PDF Converter for Java","PD4ML","output/by_producer/PD4ML. HTML to PDF Converter for Java/XTYOD5JGKSMJAATU6RT4WK3LPOYBGYJY_pre.pdf","output/by_producer/PD4ML. HTML to PDF Converter for Java/XTYOD5JGKSMJAATU6RT4WK3LPOYBGYJY_post.pdf"
"TBSL3JP4OKORY5OXRTTF7MJE64PSQOO6","TCPDF 2.5.000_PHP4 (http://www.tcpdf.org)","Joomla! 1.5 - Open Source Content Management","TCPDF 2.5.000_PHP4 (http___www.tcpdf.org)","TCPDF","output/by_producer/TCPDF 2.5.000_PHP4 (http___www.tcpdf.org)/TBSL3JP4OKORY5OXRTTF7MJE64PSQOO6_pre.pdf","output/by_producer/TCPDF 2.5.000_PHP4 (http___www.tcpdf.org)/TBSL3JP4OKORY5OXRTTF7MJE64PSQOO6_post.pdf"
"SZYITDQYKPK6FN4ZP4NZB5QTKLZFT326","Acrobat Distiller 5.0 (Windows)","PScript5.dll Version 5.2","Acrobat Distiller 5.0 (Windows)","Acrobat_Distiller","output/by_producer/Acrobat Distiller 5.0 (Windows)/SZYITDQYKPK6FN4ZP4NZB5QTKLZFT326_pre.pdf","output/by_producer/Acrobat Distiller 5.0 (Windows)/SZYITDQYKPK6FN4ZP4NZB5QTKLZFT326_post.pdf"
"QLBRTJBPTEPSW266VK6E34FMP47KXTDL","Acrobat Distiller 5.0 (Windows)","PScript5.dll Version 5.2","Acrobat Distiller 5.0 (Windows)","Acrobat_Distiller","output/by_producer/Acrobat Distiller 5.0 (Windows)/QLBRTJBPTEPSW266VK6E34FMP47KXTDL_pre.pdf","output/by_producer/Acrobat Distiller 5.0 (Windows)/QLBRTJBPTEPSW266VK6E34FMP47KXTDL_post.pdf"
"7AUNHNHEJ5WZYXSDOPHTM3UHLGVPSSX6","APSetDocInfo 1.9 Solaris SPDF_1086 Aug 7 2003","A 2003-19.doc - Microsoft Word","APSetDocInfo 1.9 Solaris SPDF_1086 Aug 7 2003","Unknown","output/by_producer/APSetDocInfo 1.9 Solaris SPDF_1086 Aug 7 2003/7AUNHNHEJ5WZYXSDOPHTM3UHLGVPSSX6_pre.pdf","output/by_producer/APSetDocInfo 1.9 Solaris SPDF_1086 Aug 7 2003/7AUNHNHEJ5WZYXSDOPHTM3UHLGVPSSX6_post.pdf"
"XVMOJ76242273OL2PZZBK5FDBSS4YEE4","Powered By Crystal","Crystal Reports","Powered By Crystal","Unknown","output/by_producer/Powered By Crystal/XVMOJ76242273OL2PZZBK5FDBSS4YEE4_pre.pdf","output/by_producer/Powered By Crystal/XVMOJ76242273OL2PZZBK5FDBSS4YEE4_post.pdf"
"FSZZW6LXFYIZLWSPDS3LUIYELMYHQLUI","Acrobat Distiller 3.01 for Windows","PageMaker 6.5","Acrobat Distiller 3.01 for Windows","Acrobat_Distiller","output/by_producer/Acrobat Distiller 3.01 for Windows/FSZZW6LXFYIZLWSPDS3LUIYELMYHQLUI_pre.pdf","output/by_producer/Acrobat Distiller 3.01 for Windows/FSZZW6LXFYIZLWSPDS3LUIYELMYHQLUI_post.pdf"
"A5PO2R5VRU5CSRP4JRS5SZNUTAD7P3HA","5,0,0,296","I.R.I.S.","5,0,0,296","Unknown","output/by_producer/5,0,0,296/A5PO2R5VRU5CSRP4JRS5SZNUTAD7P3HA_pre.pdf","output/by_producer/5,0,0,296/A5PO2R5VRU5CSRP4JRS5SZNUTAD7P3HA_post.pdf"
"2EDEPZ4VHTLPTWSZR6FAVUJ3B2ZVSIPS","TCPDF 2.5.000_PHP4 (http://www.tcpdf.org)","Joomla! 1.5 - Open Source Content Management","TCPDF 2.5.000_PHP4 (http___www.tcpdf.org)","TCPDF","output/by_producer/TCPDF 2.5.000_PHP4 (http___www.tcpdf.org)/2EDEPZ4VHTLPTWSZR6FAVUJ3B2ZVSIPS_pre.pdf","output/by_producer/TCPDF 2.5.000_PHP4 (http___www.tcpdf.org)/2EDEPZ4VHTLPTWSZR6FAVUJ3B2ZVSIPS_post.pdf"
"Y5P3TB77KSPOLIUMLGDQIIGE7XMVNENP","Acrobat Distiller 6.0.1 (Windows)","TIPS V5.1A","Acrobat Distiller 6.0.1 (Windows)","Acrobat_Distiller","output/by_producer/Acrobat Distiller 6.0.1 (Windows)/Y5P3TB77KSPOLIUMLGDQIIGE7XMVNENP_pre.pdf","output/by_producer/Acrobat Distiller 6.0.1 (Windows)/Y5P3TB77KSPOLIUMLGDQIIGE7XMVNENP_post.pdf"
"FDTYXYUFBYWZS4D6AXVHXVZMDTSVAQO3","Unknown producer","-","Unknown producer","Unknown","output/by_producer/Unknown producer/FDTYXYUFBYWZS4D6AXVHXVZMDTSVAQO3_pre.pdf","output/by_producer/Unknown producer/FDTYXYUFBYWZS4D6AXVHXVZMDTSVAQO3_post.pdf"
"EKWVDOMQ3BRDHPPTHV47A37AY2NUS7XK","Adobe PDF Library 15.0","Acrobat PDFMaker 15 for Word","Adobe PDF Library 15.0","Adobe_PDF_Library","output/by_producer/Adobe PDF Library 15.0/EKWVDOMQ3BRDHPPTHV47A37AY2NUS7XK_pre.pdf","output/by_producer/Adobe PDF Library 15.0/EKWVDOMQ3BRDHPPTHV47A37AY2NUS7XK_post.pdf"
"WKV7AU2LDGPX23BEIRXYFBX5XRDTVGV6","TCPDF 2.5.000_PHP4 (http://www.tcpdf.org)","Joomla! 1.5 - Open Source Content Management","TCPDF 2.5.000_PHP4 (http___www.tcpdf.org)","TCPDF","output/by_producer/TCPDF 2.5.000_PHP4 (http___www.tcpdf.org)/WKV7AU2LDGPX23BEIRXYFBX5XRDTVGV6_pre.pdf","output/by_producer/TCPDF 2.5.000_PHP4 (http___www.tcpdf.org)/WKV7AU2LDGPX23BEIRXYFBX5XRDTVGV6_post.pdf"
"O4BQRWPCNHJGJHA76LLVENRVKSDRAWSR","Acrobat Distiller 8.3.1 (Windows)","Acrobat PDFMaker 8.1 for Word","Acrobat Distiller 8.3.1 (Windows)","Acrobat_Distiller","output/by_producer/Acrobat Distiller 8.3.1 (Windows)/O4BQRWPCNHJGJHA76LLVENRVKSDRAWSR_pre.pdf","output/by_producer/Acrobat Distiller 8.3.1 (Windows)/O4BQRWPCNHJGJHA76LLVENRVKSDRAWSR_post.pdf"
"CI7INUGNXV4CY2ETA4PM5IOKZNUM5A2T","Aquaforest Tiff Image Server V1.x - http://www.aquaforest.com; modified using iText® 5.3.3 ©2000-2012 1T3XT BVBA (AGPL-version)","Aquaforest Tiff Image Server V1.x - http://www.aquaforest.com","Aquaforest Tiff Image Server V1.x - http___www.aquaforest.com; modified using iText® 5.3.3 ©2000-2012 1T3XT BVBA (AGPL-version)","iText","output/by_producer/Aquaforest Tiff Image Server V1.x - http___www.aquaforest.com; modified using iText® 5.3.3 ©2000-2012 1T3XT BVBA (AGPL-version)/CI7INUGNXV4CY2ETA4PM5IOKZNUM5A2T_pre.pdf","output/by_producer/Aquaforest Tiff Image Server V1.x - http___www.aquaforest.com; modified using iText® 5.3.3 ©2000-2012 1T3XT BVBA (AGPL-version)/CI7INUGNXV4CY2ETA4PM5IOKZNUM5A2T_post.pdf"
"DFRZEHIYFOLYSRB7IE2V7DWZTAFX6BHH","TCPDF 2.5.000_PHP4 (http://www.tcpdf.org)","Joomla! 1.5 - Open Source Content Management","TCPDF 2.5.000_PHP4 (http___www.tcpdf.org)","TCPDF","output/by_producer/TCPDF 2.5.000_PHP4 (http___www.tcpdf.org)/DFRZEHIYFOLYSRB7IE2V7DWZTAFX6BHH_pre.pdf","output/by_producer/TCPDF 2.5.000_PHP4 (http___www.tcpdf.org)/DFRZEHIYFOLYSRB7IE2V7DWZTAFX6BHH_post.pdf"
"5PFVA6CO2FP66IJYJJ4YMWOLK5EHRCCD","TCPDF 2.5.000_PHP4 (http://www.tcpdf.org)","Joomla! 1.5 - Open Source Content Management","TCPDF 2.5.000_PHP4 (http___www.tcpdf.org)","TCPDF","output/by_producer/TCPDF 2.5.000_PHP4 (http___www.tcpdf.org)/5PFVA6CO2FP66IJYJJ4YMWOLK5EHRCCD_pre.pdf","output/by_producer/TCPDF 2.5.000_PHP4 (http___www.tcpdf.org)/5PFVA6CO2FP66IJYJJ4YMWOLK5EHRCCD_post.pdf"
"S4UYIX5CGBQTIZTRSJ2I23YIBENVNZUQ","libtiff / tiff2pdf - 20100615","-","libtiff _ tiff2pdf - 20100615","libtiff_tiff2pdf","output/by_producer/libtiff _ tiff2pdf - 20100615/S4UYIX5CGBQTIZTRSJ2I23YIBENVNZUQ_pre.pdf","output/by_producer/libtiff _ tiff2pdf - 20100615/S4UYIX5CGBQTIZTRSJ2I23YIBENVNZUQ_post.pdf"
"J22PFVU7YYAE6T4VP5F2OZUVFIS3JSQT","PDF Engine win32 - (8.4.6016.0)","-","PDF Engine win32 - (8.4.6016.0)","Unknown","output/by_producer/PDF Engine win32 - (8.4.6016.0)/J22PFVU7YYAE6T4VP5F2OZUVFIS3JSQT_pre.pdf","output/by_producer/PDF Engine win32 - (8.4.6016.0)/J22PFVU7YYAE6T4VP5F2OZUVFIS3JSQT_post.pdf"
"KHFVIIN7BUD6WPBAO3FNRJXTCS5FVIOK","GPL Ghostscript 8.15","PScript5.dll Version 5.2.2","GPL Ghostscript 8.15","Ghostscript","output/by_producer/GPL Ghostscript 8.15/KHFVIIN7BUD6WPBAO3FNRJXTCS5FVIOK_pre.pdf","output/by_producer/GPL Ghostscript 8.15/KHFVIIN7BUD6WPBAO3FNRJXTCS5FVIOK_post.pdf"
"O7N4FHZJHLMQ5QI2XPMYC2MSSNJ6DCNT","Acrobat Distiller 10.1.13 (Windows)","ACOMP.exe WinVer 2.2a Sep 11 2014","Acrobat Distiller 10.1.13 (Windows)","Acrobat_Distiller","output/by_producer/Acrobat Distiller 10.1.13 (Windows)/O7N4FHZJHLMQ5QI2XPMYC2MSSNJ6DCNT_pre.pdf","output/by_producer/Acrobat Distiller 10.1.13 (Windows)/O7N4FHZJHLMQ5QI2XPMYC2MSSNJ6DCNT_post.pdf"
"EMV5G7QIUVFMF7PMONNAT7IGWSTPHLQO","Acrobat Distiller 10.1.0 (Windows)","PScript5.dll Version 5.2.2","Acrobat Distiller 10.1.0 (Windows)","Acrobat_Distiller","output/by_producer/Acrobat Distiller 10.1.0 (Windows)/EMV5G7QIUVFMF7PMONNAT7IGWSTPHLQO_pre.pdf","output/by_producer/Acrobat Distiller 10.1.0 (Windows)/EMV5G7QIUVFMF7PMONNAT7IGWSTPHLQO_post.pdf"
"2F73J4NP2YHKVISKHDIDJ7RGPDKTQZ7D","Acrobat Distiller 7.0.5 (Windows)","ACOMP.exe WinVer 1c15 Aug 31 2005","Acrobat Distiller 7.0.5 (Windows)","Acrobat_Distiller","output/by_producer/Acrobat Distiller 7.0.5 (Windows)/2F73J4NP2YHKVISKHDIDJ7RGPDKTQZ7D_pre.pdf","output/by_producer/Acrobat Distiller 7.0.5 (Windows)/2F73J4NP2YHKVISKHDIDJ7RGPDKTQZ7D_post.pdf"
"W7RVZWNXECQ4TT2MDDL7LOATVIQJFJTV","TCPDF 2.5.000_PHP4 (http://www.tcpdf.org)","Joomla! 1.5 - Open Source Content Management","TCPDF 2.5.000_PHP4 (http___www.tcpdf.org)","TCPDF","output/by_producer/TCPDF 2.5.000_PHP4 (http___www.tcpdf.org)/W7RVZWNXECQ4TT2MDDL7LOATVIQJFJTV_pre.pdf","output/by_producer/TCPDF 2.5.000_PHP4 (http___www.tcpdf.org)/W7RVZWNXECQ4TT2MDDL7LOATVIQJFJTV_post.pdf"
"SX6JO3YFA3C6TW6WORGN6LZKGLO3K2QJ","TCPDF 2.5.000_PHP4 (http://www.tcpdf.org)","Joomla! 1.5 - Open Source Content Management","TCPDF 2.5.000_PHP4 (http___www.tcpdf.org)","TCPDF","output/by_producer/TCPDF 2.5.000_PHP4 (http___www.tcpdf.org)/SX6JO3YFA3C6TW6WORGN6LZKGLO3K2QJ_pre.pdf","output/by_producer/TCPDF 2.5.000_PHP4 (http___www.tcpdf.org)/SX6JO3YFA3C6TW6WORGN6LZKGLO3K2QJ_post.pdf"
"D2QRZ66KOQHV23ZCW3XLS27YON4ATGCT","GPL Ghostscript 8.54","PDFCreator Version 0.9.3","GPL Ghostscript 8.54","Ghostscript","output/by_producer/GPL Ghostscript 8.54/D2QRZ66KOQHV23ZCW3XLS27YON4ATGCT_pre.pdf","output/by_producer/GPL Ghostscript 8.54/D2QRZ66KOQHV23ZCW3XLS27YON4ATGCT_post.pdf"
"L3KZFZMAQFEW4RY6D5IJJXCRWUVUBLRJ","TCPDF 2.5.000_PHP4 (http://www.tcpdf.org)","Joomla! 1.5 - Open Source Content Management","TCPDF 2.5.000_PHP4 (http___www.tcpdf.org)","TCPDF","output/by_producer/TCPDF 2.5.000_PHP4 (http___www.tcpdf.org)/L3KZFZMAQFEW4RY6D5IJJXCRWUVUBLRJ_pre.pdf","output/by_producer/TCPDF 2.5.000_PHP4 (http___www.tcpdf.org)/L3KZFZMAQFEW4RY6D5IJJXCRWUVUBLRJ_post.pdf"
"AWE3PO5E4TSOCWQPQNPZVRA44RUSABZG","iText 2.1.4 (by lowagie.com)","-","iText 2.1.4 (by lowagie.com)","iText","output/by_producer/iText 2.1.4 (by lowagie.com)/AWE3PO5E4TSOCWQPQNPZVRA44RUSABZG_pre.pdf","output/by_producer/iText 2.1.4 (by lowagie.com)/AWE3PO5E4TSOCWQPQNPZVRA44RUSABZG_post.pdf"
"LPA7M5D76YBCPXXCRVU7ZYECI6ODH24E","Unknown producer","-","Unknown producer","Unknown","output/by_producer/Unknown producer/LPA7M5D76YBCPXXCRVU7ZYECI6ODH24E_pre.pdf","output/by_producer/Unknown producer/LPA7M5D76YBCPXXCRVU7ZYECI6ODH24E_post.pdf"
"4RPOXAYQCNHNFQZMBDNNZAZUSVYDBPQJ","Acrobat PDFWriter 3.02 for Windows","C:...RegFactsWisconsin. [PFP#1091789902]","Acrobat PDFWriter 3.02 for Windows","Acrobat_PDFWriter","output/by_producer/Acrobat PDFWriter 3.02 for Windows/4RPOXAYQCNHNFQZMBDNNZAZUSVYDBPQJ_pre.pdf","output/by_producer/Acrobat PDFWriter 3.02 for Windows/4RPOXAYQCNHNFQZMBDNNZAZUSVYDBPQJ_post.pdf"
"FDSCSRQTOQOGCBTQJU35NWLJ7OVYQW7C","Unknown producer","R and OS php pdf writer, http://www.ros.co.nz","Unknown producer","Unknown","output/by_producer/Unknown producer/FDSCSRQTOQOGCBTQJU35NWLJ7OVYQW7C_pre.pdf","output/by_producer/Unknown producer/FDSCSRQTOQOGCBTQJU35NWLJ7OVYQW7C_post.pdf"
"R7YJNQZ3EFASORAHOJYEDNW3ZDWBNO4K","Unknown producer","-","Unknown producer","Unknown","output/by_producer/Unknown producer/R7YJNQZ3EFASORAHOJYEDNW3ZDWBNO4K_pre.pdf","output/by_producer/Unknown producer/R7YJNQZ3EFASORAHOJYEDNW3ZDWBNO4K_post.pdf"
"UIAWYVO3ZI6VIPTWV6TB7CFFNGCQ23PA","TCPDF 2.5.000_PHP4 (http://www.tcpdf.org)","Joomla! 1.5 - Open Source Content Management","TCPDF 2.5.000_PHP4 (http___www.tcpdf.org)","TCPDF","output/by_producer/TCPDF 2.5.000_PHP4 (http___www.tcpdf.org)/UIAWYVO3ZI6VIPTWV6TB7CFFNGCQ23PA_pre.pdf","output/by_producer/TCPDF 2.5.000_PHP4 (http___www.tcpdf.org)/UIAWYVO3ZI6VIPTWV6TB7CFFNGCQ23PA_post.pdf"
"7LAHAWE6SGPL25FWUGMRKXCMTD3CWEBO","Microsoft® Office Word 2007","Microsoft® Office Word 2007","Microsoft® Office Word 2007","Microsoft_Office","output/by_producer/Microsoft® Office Word 2007/7LAHAWE6SGPL25FWUGMRKXCMTD3CWEBO_pre.pdf","output/by_producer/Microsoft® Office Word 2007/7LAHAWE6SGPL25FWUGMRKXCMTD3CWEBO_post.pdf"
"ISNVO7SIHHW237IDLQ73PZNSSUSTZ6R7","Acrobat Distiller 7.0 (Windows)","PScript5.dll Version 5.2.2","Acrobat Distiller 7.0 (Windows)","Acrobat_Distiller","output/by_producer/Acrobat Distiller 7.0 (Windows)/ISNVO7SIHHW237IDLQ73PZNSSUSTZ6R7_pre.pdf","output/by_producer/Acrobat Distiller 7.0 (Windows)/ISNVO7SIHHW237IDLQ73PZNSSUSTZ6R7_post.pdf"
"IHF43SE4IEBMFW54OXINVPSAC6A6DTSA","libtiff / tiff2pdf - 20100615","-","libtiff _ tiff2pdf - 20100615","libtiff_tiff2pdf","output/by_producer/libtiff _ tiff2pdf - 20100615/IHF43SE4IEBMFW54OXINVPSAC6A6DTSA_pre.pdf","output/by_producer/libtiff _ tiff2pdf - 20100615/IHF43SE4IEBMFW54OXINVPSAC6A6DTSA_post.pdf"
"ZC2ELDSYWFVOJZRXTLERXVM7UMXWCWZN","libtiff / tiff2pdf - 20100615","-","libtiff _ tiff2pdf - 20100615","libtiff_tiff2pdf","output/by_producer/libtiff _ tiff2pdf - 20100615/ZC2ELDSYWFVOJZRXTLERXVM7UMXWCWZN_pre.pdf","output/by_producer/libtiff _ tiff2pdf - 20100615/ZC2ELDSYWFVOJZRXTLERXVM7UMXWCWZN_post.pdf"
"YAXK7IA4W3QHHZRCYOHF3TJUMR2V32KE","TCPDF 2.5.000_PHP4 (http://www.tcpdf.org)","Joomla! 1.5 - Open Source Content Management","TCPDF 2.5.000_PHP4 (http___www.tcpdf.org)","TCPDF","output/by_producer/TCPDF 2.5.000_PHP4 (http___www.tcpdf.org)/YAXK7IA4W3QHHZRCYOHF3TJUMR2V32KE_pre.pdf","output/by_producer/TCPDF 2.5.000_PHP4 (http___www.tcpdf.org)/YAXK7IA4W3QHHZRCYOHF3TJUMR2V32KE_post.pdf"
"DT4L2H3NRGV745OGQRVM3FVHNKECMEYP","Adobe PDF Library 11.0; modified using iText 2.1.7 by 1T3XT","-","Adobe PDF Library 11.0; modified using iText 2.1.7 by 1T3XT","Adobe_PDF_Library","output/by_producer/Adobe PDF Library 11.0; modified using iText 2.1.7 by 1T3XT/DT4L2H3NRGV745OGQRVM3FVHNKECMEYP_pre.pdf","output/by_producer/Adobe PDF Library 11.0; modified using iText 2.1.7 by 1T3XT/DT4L2H3NRGV745OGQRVM3FVHNKECMEYP_post.pdf"
"IMJ4MPPYAOJ3IK6EEI3IDHS4IKZ5WFXT","Acrobat Distiller 6.0.1 (Windows)","TIPS V5.1A","Acrobat Distiller 6.0.1 (Windows)","Acrobat_Distiller","output/by_producer/Acrobat Distiller 6.0.1 (Windows)/IMJ4MPPYAOJ3IK6EEI3IDHS4IKZ5WFXT_pre.pdf","output/by_producer/Acrobat Distiller 6.0.1 (Windows)/IMJ4MPPYAOJ3IK6EEI3IDHS4IKZ5WFXT_post.pdf"
"WXR2YY3TSXGUNVC2VECKTVIJO7PMECRS","Acrobat Distiller 8.1.0 (Windows)","ACOMP.exe WinVer 2.0 Nov 24 2008","Acrobat Distiller 8.1.0 (Windows)","Acrobat_Distiller","output/by_producer/Acrobat Distiller 8.1.0 (Windows)/WXR2YY3TSXGUNVC2VECKTVIJO7PMECRS_pre.pdf","output/by_producer/Acrobat Distiller 8.1.0 (Windows)/WXR2YY3TSXGUNVC2VECKTVIJO7PMECRS_post.pdf"
"RJDPY3BZNDDW3TTJUKWZULNVI6JFGCNP","Acrobat Distiller 4.0 for Windows","-","Acrobat Distiller 4.0 for Windows","Acrobat_Distiller","output/by_producer/Acrobat Distiller 4.0 for Windows/RJDPY3BZNDDW3TTJUKWZULNVI6JFGCNP_pre.pdf","output/by_producer/Acrobat Distiller 4.0 for Windows/RJDPY3BZNDDW3TTJUKWZULNVI6JFGCNP_post.pdf"
"73KIZM2KPVDJHMKWM5X36DBUKAOOCWZ4","TCPDF 2.5.000_PHP4 (http://www.tcpdf.org)","Joomla! 1.5 - Open Source Content Management","TCPDF 2.5.000_PHP4 (http___www.tcpdf.org)","TCPDF","output/by_producer/TCPDF 2.5.000_PHP4 (http___www.tcpdf.org)/73KIZM2KPVDJHMKWM5X36DBUKAOOCWZ4_pre.pdf","output/by_producer/TCPDF 2.5.000_PHP4 (http___www.tcpdf.org)/73KIZM2KPVDJHMKWM5X36DBUKAOOCWZ4_post.pdf"
"SEVNFYZBX7VQEWEG5SQQTFZK24PCUDFU","Unknown producer","R and OS php pdf writer, http://www.ros.co.nz","Unknown producer","Unknown","output/by_producer/Unknown producer/SEVNFYZBX7VQEWEG5SQQTFZK24PCUDFU_pre.pdf","output/by_producer/Unknown producer/SEVNFYZBX7VQEWEG5SQQTFZK24PCUDFU_post.pdf"
"IUJCXHJGQ5XTDLV3CYTCTXLPD77RUA2P","Corel PDF Engine Version 11.245","Print Server 110","Corel PDF Engine Version 11.245","Corel_PDF_Engine","output/by_producer/Corel PDF Engine Version 11.245/IUJCXHJGQ5XTDLV3CYTCTXLPD77RUA2P_pre.pdf","output/by_producer/Corel PDF Engine Version 11.245/IUJCXHJGQ5XTDLV3CYTCTXLPD77RUA2P_post.pdf"
"I26R4ZZQ3EN7S4L4IXK4R7XVVJ2DIPHP","Unknown producer","Esri ArcMap 10.3.1.4959","Unknown producer","Unknown","output/by_producer/Unknown producer/I26R4ZZQ3EN7S4L4IXK4R7XVVJ2DIPHP_pre.pdf","output/by_producer/Unknown producer/I26R4ZZQ3EN7S4L4IXK4R7XVVJ2DIPHP_post.pdf"
"EALKFLTU3UCBB6QBUNJKABNLGIJTRP7B","iText 2.1.4 (by lowagie.com)","-","iText 2.1.4 (by lowagie.com)","iText","output/by_producer/iText 2.1.4 (by lowagie.com)/EALKFLTU3UCBB6QBUNJKABNLGIJTRP7B_pre.pdf","output/by_producer/iText 2.1.4 (by lowagie.com)/EALKFLTU3UCBB6QBUNJKABNLGIJTRP7B_post.pdf"
"3HYJT3CPUFRXVQSY3IJIK5ERD4XWBDUQ","Acrobat Distiller 6.0 (Windows)","PScript5.dll Version 5.2","Acrobat Distiller 6.0 (Windows)","Acrobat_Distiller","output/by_producer/Acrobat Distiller 6.0 (Windows)/3HYJT3CPUFRXVQSY3IJIK5ERD4XWBDUQ_pre.pdf","output/by_producer/Acrobat Distiller 6.0 (Windows)/3HYJT3CPUFRXVQSY3IJIK5ERD4XWBDUQ_post.pdf"
"A7KSCZYZQUBH6PEDXX3YKPP3NRNTAF2X","Acrobat Distiller 5.0.5 (Windows)","ACOMP.exe WinVer 1c9 Aug 04 2004","Acrobat Distiller 5.0.5 (Windows)","Acrobat_Distiller","output/by_producer/Acrobat Distiller 5.0.5 (Windows)/A7KSCZYZQUBH6PEDXX3YKPP3NRNTAF2X_pre.pdf","output/by_producer/Acrobat Distiller 5.0.5 (Windows)/A7KSCZYZQUBH6PEDXX3YKPP3NRNTAF2X_post.pdf"
"HB2IHQ5EY4MV6YIJNCKSZ5L2EA6BPV75","Acrobat Distiller 7.0 (Windows)","ACOMP.exe V010 11-MAY-2000","Acrobat Distiller 7.0 (Windows)","Acrobat_Distiller","output/by_producer/Acrobat Distiller 7.0 (Windows)/HB2IHQ5EY4MV6YIJNCKSZ5L2EA6BPV75_pre.pdf","output/by_producer/Acrobat Distiller 7.0 (Windows)/HB2IHQ5EY4MV6YIJNCKSZ5L2EA6BPV75_post.pdf"
"BLPT55AK2Y5UAQGF36X5OMVOO6APKWVI","Acrobat Net Distiller 1.0 for Windows","-","Acrobat Net Distiller 1.0 for Windows","Acrobat_Net_Distiller","output/by_producer/Acrobat Net Distiller 1.0 for Windows/BLPT55AK2Y5UAQGF36X5OMVOO6APKWVI_pre.pdf","output/by_producer/Acrobat Net Distiller 1.0 for Windows/BLPT55AK2Y5UAQGF36X5OMVOO6APKWVI_post.pdf"
"E56DXI3S5SVXXFZEC2OCGDDC4VYSWROH","TCPDF 2.5.000_PHP4 (http://www.tcpdf.org)","Joomla! 1.5 - Open Source Content Management","TCPDF 2.5.000_PHP4 (http___www.tcpdf.org)","TCPDF","output/by_producer/TCPDF 2.5.000_PHP4 (http___www.tcpdf.org)/E56DXI3S5SVXXFZEC2OCGDDC4VYSWROH_pre.pdf","output/by_producer/TCPDF 2.5.000_PHP4 (http___www.tcpdf.org)/E56DXI3S5SVXXFZEC2OCGDDC4VYSWROH_post.pdf"
"HYGACNZRS4COKQDATI7LQEA6JCHCETTS","TCPDF 2.5.000_PHP4 (http://www.tcpdf.org)","Joomla! 1.5 - Open Source Content Management","TCPDF 2.5.000_PHP4 (http___www.tcpdf.org)","TCPDF","output/by_producer/TCPDF 2.5.000_PHP4 (http___www.tcpdf.org)/HYGACNZRS4COKQDATI7LQEA6JCHCETTS_pre.pdf","output/by_producer/TCPDF 2.5.000_PHP4 (http___www.tcpdf.org)/HYGACNZRS4COKQDATI7LQEA6JCHCETTS_post.pdf"
"ST6INBKMLTFTUDWNHVI433RTQ5KYCWHG","TCPDF 2.5.000_PHP4 (http://www.tcpdf.org)","Joomla! 1.5 - Open Source Content Management","TCPDF 2.5.000_PHP4 (http___www.tcpdf.org)","TCPDF","output/by_producer/TCPDF 2.5.000_PHP4 (http___www.tcpdf.org)/ST6INBKMLTFTUDWNHVI433RTQ5KYCWHG_pre.pdf","output/by_producer/TCPDF 2.5.000_PHP4 (http___www.tcpdf.org)/ST6INBKMLTFTUDWNHVI433RTQ5KYCWHG_post.pdf"
"FXDCZKVBXPOBKON5ZHKWU6WCDH5BEDYV","Microsoft® Office Word 2007","Microsoft® Office Word 2007","Microsoft® Office Word 2007","Microsoft_Office","output/by_producer/Microsoft® Office Word 2007/FXDCZKVBXPOBKON5ZHKWU6WCDH5BEDYV_pre.pdf","output/by_producer/Microsoft® Office Word 2007/FXDCZKVBXPOBKON5ZHKWU6WCDH5BEDYV_post.pdf"
"L4EMZQ6EPUAWG2XOMWGBHS4OSPSTVZQJ","Acrobat Distiller 9.0.0 (Windows)","PScript5.dll Version 5.2.2","Acrobat Distiller 9.0.0 (Windows)","Acrobat_Distiller","output/by_producer/Acrobat Distiller 9.0.0 (Windows)/L4EMZQ6EPUAWG2XOMWGBHS4OSPSTVZQJ_pre.pdf","output/by_producer/Acrobat Distiller 9.0.0 (Windows)/L4EMZQ6EPUAWG2XOMWGBHS4OSPSTVZQJ_post.pdf"
"HVZOYBB4ECW5PRQZVXHPIH546HLFSCAH","Mac OS X 10.6.8 Quartz PDFContext","Microsoft PowerPoint","Mac OS X 10.6.8 Quartz PDFContext","MacOS_X_Quartz","output/by_producer/Mac OS X 10.6.8 Quartz PDFContext/HVZOYBB4ECW5PRQZVXHPIH546HLFSCAH_pre.pdf","output/by_producer/Mac OS X 10.6.8 Quartz PDFContext/HVZOYBB4ECW5PRQZVXHPIH546HLFSCAH_post.pdf"
"NFLMOWBSAYHS4IFKAY5KSXU64BTAEZJ3","Unknown producer","R and OS php pdf writer, http://www.ros.co.nz","Unknown producer","Unknown","output/by_producer/Unknown producer/NFLMOWBSAYHS4IFKAY5KSXU64BTAEZJ3_pre.pdf","output/by_producer/Unknown producer/NFLMOWBSAYHS4IFKAY5KSXU64BTAEZJ3_post.pdf"
"J6KG3WLCIJ3FRU6V6N7LLHD46F2CBEWE","GPL Ghostscript 8.70","GEMPAK","GPL Ghostscript 8.70","Ghostscript","output/by_producer/GPL Ghostscript 8.70/J6KG3WLCIJ3FRU6V6N7LLHD46F2CBEWE_pre.pdf","output/by_producer/GPL Ghostscript 8.70/J6KG3WLCIJ3FRU6V6N7LLHD46F2CBEWE_post.pdf"
"CAFPBUU24YDNMKG5ULIDXRBNI6NUPVF2","Etymon PJ 1.10, Copyright (C) 1998-2000 Etymon Systems, Inc. <http://www.etymon.com/>","-","Etymon PJ 1.10, Copyright (C) 1998-2000 Etymon Systems, Inc. <http___www.etymon.com_>","Unknown","output/by_producer/Etymon PJ 1.10, Copyright (C) 1998-2000 Etymon Systems, Inc. <http___www.etymon.com_>/CAFPBUU24YDNMKG5ULIDXRBNI6NUPVF2_pre.pdf","output/by_producer/Etymon PJ 1.10, Copyright (C) 1998-2000 Etymon Systems, Inc. <http___www.etymon.com_>/CAFPBUU24YDNMKG5ULIDXRBNI6NUPVF2_post.pdf"
"IYXYPBN2SRX7T52TZCA76GJNXJWDUMDC","TCPDF 2.5.000_PHP4 (http://www.tcpdf.org)","Joomla! 1.5 - Open Source Content Management","TCPDF 2.5.000_PHP4 (http___www.tcpdf.org)","TCPDF","output/by_producer/TCPDF 2.5.000_PHP4 (http___www.tcpdf.org)/IYXYPBN2SRX7T52TZCA76GJNXJWDUMDC_pre.pdf","output/by_producer/TCPDF 2.5.000_PHP4 (http___www.tcpdf.org)/IYXYPBN2SRX7T52TZCA76GJNXJWDUMDC_post.pdf"
"GZ62LWSF6OMAXHC5VDCOYD53D7GSE2HO","Acrobat Distiller 6.0.1 (Windows)","PScript5.dll Version 5.2.2","Acrobat Distiller 6.0.1 (Windows)","Acrobat_Distiller","output/by_producer/Acrobat Distiller 6.0.1 (Windows)/GZ62LWSF6OMAXHC5VDCOYD53D7GSE2HO_pre.pdf","output/by_producer/Acrobat Distiller 6.0.1 (Windows)/GZ62LWSF6OMAXHC5VDCOYD53D7GSE2HO_post.pdf"
"DTYPSU6H33ZSSVI63PEM45AYRXUODI5I","TCPDF 2.5.000_PHP4 (http://www.tcpdf.org)","Joomla! 1.5 - Open Source Content Management","TCPDF 2.5.000_PHP4 (http___www.tcpdf.org)","TCPDF","output/by_producer/TCPDF 2.5.000_PHP4 (http___www.tcpdf.org)/DTYPSU6H33ZSSVI63PEM45AYRXUODI5I_pre.pdf","output/by_producer/TCPDF 2.5.000_PHP4 (http___www.tcpdf.org)/DTYPSU6H33ZSSVI63PEM45AYRXUODI5I_post.pdf"
"BOV6TNUHLZUKL6WNKWPBOXHXPL22HUNC","iText® 5.5.0 ©2000-2013 iText Group NV (AGPL-version)","-","iText® 5.5.0 ©2000-2013 iText Group NV (AGPL-version)","iText","output/by_producer/iText® 5.5.0 ©2000-2013 iText Group NV (AGPL-version)/BOV6TNUHLZUKL6WNKWPBOXHXPL22HUNC_pre.pdf","output/by_producer/iText® 5.5.0 ©2000-2013 iText Group NV (AGPL-version)/BOV6TNUHLZUKL6WNKWPBOXHXPL22HUNC_post.pdf"
"6QJJJ7KLDUS7SZA75TV36J7KF4BXERLH","Acrobat Distiller 5.0.5 (Windows)","ACOMP.exe WinVer 1c15 Aug 31 2005","Acrobat Distiller 5.0.5 (Windows)","Acrobat_Distiller","output/by_producer/Acrobat Distiller 5.0.5 (Windows)/6QJJJ7KLDUS7SZA75TV36J7KF4BXERLH_pre.pdf","output/by_producer/Acrobat Distiller 5.0.5 (Windows)/6QJJJ7KLDUS7SZA75TV36J7KF4BXERLH_post.pdf"
"JMTHOU2JQRSYZA6YLHTP6ULMQO4GLZAN","PD4ML. HTML to PDF Converter for Java","PD4ML. HTML to PDF Converter for Java","PD4ML. HTML to PDF Converter for Java","PD4ML","output/by_producer/PD4ML. HTML to PDF Converter for Java/JMTHOU2JQRSYZA6YLHTP6ULMQO4GLZAN_pre.pdf","output/by_producer/PD4ML. HTML to PDF Converter for Java/JMTHOU2JQRSYZA6YLHTP6ULMQO4GLZAN_post.pdf"
"YW5EG7WIE6SVR7TIUOYEPKFDDV6OENFK","Acrobat Net Distiller 1.0 for Windows","-","Acrobat Net Distiller 1.0 for Windows","Acrobat_Net_Distiller","output/by_producer/Acrobat Net Distiller 1.0 for Windows/YW5EG7WIE6SVR7TIUOYEPKFDDV6OENFK_pre.pdf","output/by_producer/Acrobat Net Distiller 1.0 for Windows/YW5EG7WIE6SVR7TIUOYEPKFDDV6OENFK_post.pdf"
"SH2IQH724IFKG2K3GQ7RCDJ6Q7IJQLGE","Acrobat Distiller 7.0 (Windows)","ACOMP.exe V010 14-DEC-2004","Acrobat Distiller 7.0 (Windows)","Acrobat_Distiller","output/by_producer/Acrobat Distiller 7.0 (Windows)/SH2IQH724IFKG2K3GQ7RCDJ6Q7IJQLGE_pre.pdf","output/by_producer/Acrobat Distiller 7.0 (Windows)/SH2IQH724IFKG2K3GQ7RCDJ6Q7IJQLGE_post.pdf"
"Y6WT6JF3T35SNVNTQLQWQCSXHVV62FOQ","TCPDF 2.5.000_PHP4 (http://www.tcpdf.org)","Joomla! 1.5 - Open Source Content Management","TCPDF 2.5.000_PHP4 (http___www.tcpdf.org)","TCPDF","output/by_producer/TCPDF 2.5.000_PHP4 (http___www.tcpdf.org)/Y6WT6JF3T35SNVNTQLQWQCSXHVV62FOQ_pre.pdf","output/by_producer/TCPDF 2.5.000_PHP4 (http___www.tcpdf.org)/Y6WT6JF3T35SNVNTQLQWQCSXHVV62FOQ_post.pdf"
"RLKGPI2MJLO7AEAI772IBBKWBRRWISBF","Unknown producer","R and OS php pdf writer, http://www.ros.co.nz","Unknown producer","Unknown","output/by_producer/Unknown producer/RLKGPI2MJLO7AEAI772IBBKWBRRWISBF_pre.pdf","output/by_producer/Unknown producer/RLKGPI2MJLO7AEAI772IBBKWBRRWISBF_post.pdf"
"M6EE3W5HUIM2YKPPBQ4CS552OOM5UC7I","Persits Software AspPDF - www.persits.com","-","Persits Software AspPDF - www.persits.com","Unknown","output/by_producer/Persits Software AspPDF - www.persits.com/M6EE3W5HUIM2YKPPBQ4CS552OOM5UC7I_pre.pdf","output/by_producer/Persits Software AspPDF - www.persits.com/M6EE3W5HUIM2YKPPBQ4CS552OOM5UC7I_post.pdf"
"HDOB32Q5ZOTQJCMF2TY5XEPUD4VRCUH7","Unknown producer","R and OS php pdf writer, http://www.ros.co.nz","Unknown producer","Unknown","output/by_producer/Unknown producer/HDOB32Q5ZOTQJCMF2TY5XEPUD4VRCUH7_pre.pdf","output/by_producer/Unknown producer/HDOB32Q5ZOTQJCMF2TY5XEPUD4VRCUH7_post.pdf"
"ZWCWI7G7GYM3DHO2HOJBJRQNBG7GTV4C","Acrobat Distiller 6.0 (Windows)","Acrobat PDFMaker 6.0 for Word","Acrobat Distiller 6.0 (Windows)","Acrobat_Distiller","output/by_producer/Acrobat Distiller 6.0 (Windows)/ZWCWI7G7GYM3DHO2HOJBJRQNBG7GTV4C_pre.pdf","output/by_producer/Acrobat Distiller 6.0 (Windows)/ZWCWI7G7GYM3DHO2HOJBJRQNBG7GTV4C_post.pdf"
"KOT4LTFQIWYAYXDMPX6R7HOJ2VK4RRFN","sspdflib 1.0 http://www.scansoft.com","PaperPort http://www.scansoft.com","sspdflib 1.0 http___www.scansoft.com","Unknown","output/by_producer/sspdflib 1.0 http___www.scansoft.com/KOT4LTFQIWYAYXDMPX6R7HOJ2VK4RRFN_pre.pdf","output/by_producer/sspdflib 1.0 http___www.scansoft.com/KOT4LTFQIWYAYXDMPX6R7HOJ2VK4RRFN_post.pdf"
"EUMZHAVVHG7K6CDQVOACCW3IN4DSMT5M","Acrobat Distiller 2.0 for Macintosh","-","Acrobat Distiller 2.0 for Macintosh","Acrobat_Distiller","output/by_producer/Acrobat Distiller 2.0 for Macintosh/EUMZHAVVHG7K6CDQVOACCW3IN4DSMT5M_pre.pdf","output/by_producer/Acrobat Distiller 2.0 for Macintosh/EUMZHAVVHG7K6CDQVOACCW3IN4DSMT5M_post.pdf"
"4VMUKG4TIVAVUP5H4SRGXIJZUWERU7I2","iText 2.1.4 (by lowagie.com)","-","iText 2.1.4 (by lowagie.com)","iText","output/by_producer/iText 2.1.4 (by lowagie.com)/4VMUKG4TIVAVUP5H4SRGXIJZUWERU7I2_pre.pdf","output/by_producer/iText 2.1.4 (by lowagie.com)/4VMUKG4TIVAVUP5H4SRGXIJZUWERU7I2_post.pdf"
"SWXZRJNZF6T5KP5U5WKDXL45TU34G632","TCPDF 2.5.000_PHP4 (http://www.tcpdf.org)","Joomla! 1.5 - Open Source Content Management","TCPDF 2.5.000_PHP4 (http___www.tcpdf.org)","TCPDF","output/by_producer/TCPDF 2.5.000_PHP4 (http___www.tcpdf.org)/SWXZRJNZF6T5KP5U5WKDXL45TU34G632_pre.pdf","output/by_producer/TCPDF 2.5.000_PHP4 (http___www.tcpdf.org)/SWXZRJNZF6T5KP5U5WKDXL45TU34G632_post.pdf"
"SSC5AFOSRRYRFIB7FNROD3UUH2WQL5DV","Microsoft® Office Word 2007","Microsoft® Office Word 2007","Microsoft® Office Word 2007","Microsoft_Office","output/by_producer/Microsoft® Office Word 2007/SSC5AFOSRRYRFIB7FNROD3UUH2WQL5DV_pre.pdf","output/by_producer/Microsoft® Office Word 2007/SSC5AFOSRRYRFIB7FNROD3UUH2WQL5DV_post.pdf"
"7WOCAN6T6B5JRJB4C5LAIHLE6ERU2V22","Microsoft® Word 2013","Microsoft® Word 2013","Microsoft® Word 2013","Microsoft_Office","output/by_producer/Microsoft® Word 2013/7WOCAN6T6B5JRJB4C5LAIHLE6ERU2V22_pre.pdf","output/by_producer/Microsoft® Word 2013/7WOCAN6T6B5JRJB4C5LAIHLE6ERU2V22_post.pdf"
"VNZEGOMTXDKSPERNHPU3VMN43NSCVFBI","Acrobat Distiller 6.0 (Windows)","PScript5.dll Version 5.2","Acrobat Distiller 6.0 (Windows)","Acrobat_Distiller","output/by_producer/Acrobat Distiller 6.0 (Windows)/VNZEGOMTXDKSPERNHPU3VMN43NSCVFBI_pre.pdf","output/by_producer/Acrobat Distiller 6.0 (Windows)/VNZEGOMTXDKSPERNHPU3VMN43NSCVFBI_post.pdf"
"JRBKU3ZZVFVFWXC46AMNC54IHTOOSTW7","libtiff / tiff2pdf - 20100615","-","libtiff _ tiff2pdf - 20100615","libtiff_tiff2pdf","output/by_producer/libtiff _ tiff2pdf - 20100615/JRBKU3ZZVFVFWXC46AMNC54IHTOOSTW7_pre.pdf","output/by_producer/libtiff _ tiff2pdf - 20100615/JRBKU3ZZVFVFWXC46AMNC54IHTOOSTW7_post.pdf"
"5SMHFLT35YOIS6UTY6OKBZYRZSTDMG2Q","Acrobat Distiller 9.0.0 (Windows)","PScript5.dll Version 5.2.2","Acrobat Distiller 9.0.0 (Windows)","Acrobat_Distiller","output/by_producer/Acrobat Distiller 9.0.0 (Windows)/5SMHFLT35YOIS6UTY6OKBZYRZSTDMG2Q_pre.pdf","output/by_producer/Acrobat Distiller 9.0.0 (Windows)/5SMHFLT35YOIS6UTY6OKBZYRZSTDMG2Q_post.pdf"
"BYSWSP7HQFGJC7GXW42C4H6RKIH3TAVQ","iText 2.1.4 (by lowagie.com)","-","iText 2.1.4 (by lowagie.com)","iText","output/by_producer/iText 2.1.4 (by lowagie.com)/BYSWSP7HQFGJC7GXW42C4H6RKIH3TAVQ_pre.pdf","output/by_producer/iText 2.1.4 (by lowagie.com)/BYSWSP7HQFGJC7GXW42C4H6RKIH3TAVQ_post.pdf"
"GBMOB4WD5UEJPVB2OTTQNMICMOP3PG4R","Acrobat Distiller 5.0.5 (Windows)","ACOMP.exe WinVer 1b43 jul 14 2003","Acrobat Distiller 5.0.5 (Windows)","Acrobat_Distiller","output/by_producer/Acrobat Distiller 5.0.5 (Windows)/GBMOB4WD5UEJPVB2OTTQNMICMOP3PG4R_pre.pdf","output/by_producer/Acrobat Distiller 5.0.5 (Windows)/GBMOB4WD5UEJPVB2OTTQNMICMOP3PG4R_post.pdf"
"LIPMDFTNS2NRGFUZE65J6AKPXYJSCR6P","TCPDF 2.5.000_PHP4 (http://www.tcpdf.org)","Joomla! 1.5 - Open Source Content Management","TCPDF 2.5.000_PHP4 (http___www.tcpdf.org)","TCPDF","output/by_producer/TCPDF 2.5.000_PHP4 (http___www.tcpdf.org)/LIPMDFTNS2NRGFUZE65J6AKPXYJSCR6P_pre.pdf","output/by_producer/TCPDF 2.5.000_PHP4 (http___www.tcpdf.org)/LIPMDFTNS2NRGFUZE65J6AKPXYJSCR6P_post.pdf"
"SGU5XQOYWHC2ADXS74XA3FLWFRGL5RDW","Acrobat Distiller 3.01 for Windows","ACOMP.exe V010 18-JUN-99","Acrobat Distiller 3.01 for Windows","Acrobat_Distiller","output/by_producer/Acrobat Distiller 3.01 for Windows/SGU5XQOYWHC2ADXS74XA3FLWFRGL5RDW_pre.pdf","output/by_producer/Acrobat Distiller 3.01 for Windows/SGU5XQOYWHC2ADXS74XA3FLWFRGL5RDW_post.pdf"
"7PZU4ANBX7CFDAKIK25A2U6GR5OMGEZX","Unknown producer","R and OS php pdf writer, http://www.ros.co.nz","Unknown producer","Unknown","output/by_producer/Unknown producer/7PZU4ANBX7CFDAKIK25A2U6GR5OMGEZX_pre.pdf","output/by_producer/Unknown producer/7PZU4ANBX7CFDAKIK25A2U6GR5OMGEZX_post.pdf"
"JQTLTBNFMLOTJNAZWAJGUYXUWJ42X5WM","Unknown producer","R and OS php pdf writer, http://www.ros.co.nz","Unknown producer","Unknown","output/by_producer/Unknown producer/JQTLTBNFMLOTJNAZWAJGUYXUWJ42X5WM_pre.pdf","output/by_producer/Unknown producer/JQTLTBNFMLOTJNAZWAJGUYXUWJ42X5WM_post.pdf"
"VHMQFZ7HL5HDQKATFMZYKLQ2KSBBBLNT","TCPDF 2.5.000_PHP4 (http://www.tcpdf.org)","Joomla! 1.5 - Open Source Content Management","TCPDF 2.5.000_PHP4 (http___www.tcpdf.org)","TCPDF","output/by_producer/TCPDF 2.5.000_PHP4 (http___www.tcpdf.org)/VHMQFZ7HL5HDQKATFMZYKLQ2KSBBBLNT_pre.pdf","output/by_producer/TCPDF 2.5.000_PHP4 (http___www.tcpdf.org)/VHMQFZ7HL5HDQKATFMZYKLQ2KSBBBLNT_post.pdf"
"WLBI5UV3QEOKUAGIT73FRZZFM6NRCROL","TCPDF 2.5.000_PHP4 (http://www.tcpdf.org)","Joomla! 1.5 - Open Source Content Management","TCPDF 2.5.000_PHP4 (http___www.tcpdf.org)","TCPDF","output/by_producer/TCPDF 2.5.000_PHP4 (http___www.tcpdf.org)/WLBI5UV3QEOKUAGIT73FRZZFM6NRCROL_pre.pdf","output/by_producer/TCPDF 2.5.000_PHP4 (http___www.tcpdf.org)/WLBI5UV3QEOKUAGIT73FRZZFM6NRCROL_post.pdf"
"DG45DWPFVSPLLJLFUHTJUGTYNSX7WEMF","Adobe PDF library 5.00","Adobe Illustrator 10.0","Adobe PDF library 5.00","Adobe_PDF_Library","output/by_producer/Adobe PDF library 5.00/DG45DWPFVSPLLJLFUHTJUGTYNSX7WEMF_pre.pdf","output/by_producer/Adobe PDF library 5.00/DG45DWPFVSPLLJLFUHTJUGTYNSX7WEMF_post.pdf"
"JWCODRHRIROHXHNEQP5VHTLJBBM5SBWX","TCPDF 2.5.000_PHP4 (http://www.tcpdf.org)","Joomla! 1.5 - Open Source Content Management","TCPDF 2.5.000_PHP4 (http___www.tcpdf.org)","TCPDF","output/by_producer/TCPDF 2.5.000_PHP4 (http___www.tcpdf.org)/JWCODRHRIROHXHNEQP5VHTLJBBM5SBWX_pre.pdf","output/by_producer/TCPDF 2.5.000_PHP4 (http___www.tcpdf.org)/JWCODRHRIROHXHNEQP5VHTLJBBM5SBWX_post.pdf"
"T7GYN5EOA7RVES22BVEIK24KNUZMNJDG","TCPDF 2.5.000_PHP4 (http://www.tcpdf.org)","Joomla! 1.5 - Open Source Content Management","TCPDF 2.5.000_PHP4 (http___www.tcpdf.org)","TCPDF","output/by_producer/TCPDF 2.5.000_PHP4 (http___www.tcpdf.org)/T7GYN5EOA7RVES22BVEIK24KNUZMNJDG_pre.pdf","output/by_producer/TCPDF 2.5.000_PHP4 (http___www.tcpdf.org)/T7GYN5EOA7RVES22BVEIK24KNUZMNJDG_post.pdf"
"PAIBACOWVNIBH2EKAYW2MNBGVVVNI3KH","TCPDF 2.5.000_PHP4 (http://www.tcpdf.org)","Joomla! 1.5 - Open Source Content Management","TCPDF 2.5.000_PHP4 (http___www.tcpdf.org)","TCPDF","output/by_producer/TCPDF 2.5.000_PHP4 (http___www.tcpdf.org)/PAIBACOWVNIBH2EKAYW2MNBGVVVNI3KH_pre.pdf","output/by_producer/TCPDF 2.5.000_PHP4 (http___www.tcpdf.org)/PAIBACOWVNIBH2EKAYW2MNBGVVVNI3KH_post.pdf"
"3KT2OE6FWFEQPKT754Z3YHJQ3XTLPQZS","TCPDF 2.5.000_PHP4 (http://www.tcpdf.org)","Joomla! 1.5 - Open Source Content Management","TCPDF 2.5.000_PHP4 (http___www.tcpdf.org)","TCPDF","output/by_producer/TCPDF 2.5.000_PHP4 (http___www.tcpdf.org)/3KT2OE6FWFEQPKT754Z3YHJQ3XTLPQZS_pre.pdf","output/by_producer/TCPDF 2.5.000_PHP4 (http___www.tcpdf.org)/3KT2OE6FWFEQPKT754Z3YHJQ3XTLPQZS_post.pdf"
"STEAY65OT7HNT3CKODVVW6W4362CSQDJ","Acrobat Distiller 5.0 (Windows)","ADOBEPS4.DRV Version 4.50","Acrobat Distiller 5.0 (Windows)","Acrobat_Distiller","output/by_producer/Acrobat Distiller 5.0 (Windows)/STEAY65OT7HNT3CKODVVW6W4362CSQDJ_pre.pdf","output/by_producer/Acrobat Distiller 5.0 (Windows)/STEAY65OT7HNT3CKODVVW6W4362CSQDJ_post.pdf"
"7IYBO6EFOFMF4ETCCIZYJEGPTBQY3EE5","Acrobat Distiller 7.0 (Windows)","PScript5.dll Version 5.2.2","Acrobat Distiller 7.0 (Windows)","Acrobat_Distiller","output/by_producer/Acrobat Distiller 7.0 (Windows)/7IYBO6EFOFMF4ETCCIZYJEGPTBQY3EE5_pre.pdf","output/by_producer/Acrobat Distiller 7.0 (Windows)/7IYBO6EFOFMF4ETCCIZYJEGPTBQY3EE5_post.pdf"
"BMDXYCXAUG3GS32B5SW6Q65PRQJTWEOZ","Acrobat Distiller 5.0.5 (Windows)","ACOMP.exe WinVer 1b43 jul 14 2003","Acrobat Distiller 5.0.5 (Windows)","Acrobat_Distiller","output/by_producer/Acrobat Distiller 5.0.5 (Windows)/BMDXYCXAUG3GS32B5SW6Q65PRQJTWEOZ_pre.pdf","output/by_producer/Acrobat Distiller 5.0.5 (Windows)/BMDXYCXAUG3GS32B5SW6Q65PRQJTWEOZ_post.pdf"
"PPDKIO5ID33EK2RASLKYC2VUBKAMZPNO","Acrobat Distiller 5.0.5 (Windows)","ACOMP.exe WinVer 1c15 Aug 31 2005","Acrobat Distiller 5.0.5 (Windows)","Acrobat_Distiller","output/by_producer/Acrobat Distiller 5.0.5 (Windows)/PPDKIO5ID33EK2RASLKYC2VUBKAMZPNO_pre.pdf","output/by_producer/Acrobat Distiller 5.0.5 (Windows)/PPDKIO5ID33EK2RASLKYC2VUBKAMZPNO_post.pdf"
"QZTQ7BCZVBR4UKL4M73HH7TX4ZVROQCS","PD4ML. HTML to PDF Converter for Java","PD4ML. HTML to PDF Converter for Java","PD4ML. HTML to PDF Converter for Java","PD4ML","output/by_producer/PD4ML. HTML to PDF Converter for Java/QZTQ7BCZVBR4UKL4M73HH7TX4ZVROQCS_pre.pdf","output/by_producer/PD4ML. HTML to PDF Converter for Java/QZTQ7BCZVBR4UKL4M73HH7TX4ZVROQCS_post.pdf"
"LAL27T7CADLHBSTG3MN4LEQI5CT7CLHU","Unknown producer","Acrobat Capture Server 2.01","Unknown producer","Unknown","output/by_producer/Unknown producer/LAL27T7CADLHBSTG3MN4LEQI5CT7CLHU_pre.pdf","output/by_producer/Unknown producer/LAL27T7CADLHBSTG3MN4LEQI5CT7CLHU_post.pdf"
"I2PMGWGFZUZ522BRFPLLTDGI2O3H75CH","TCPDF 2.5.000_PHP4 (http://www.tcpdf.org)","Joomla! 1.5 - Open Source Content Management","TCPDF 2.5.000_PHP4 (http___www.tcpdf.org)","TCPDF","output/by_producer/TCPDF 2.5.000_PHP4 (http___www.tcpdf.org)/I2PMGWGFZUZ522BRFPLLTDGI2O3H75CH_pre.pdf","output/by_producer/TCPDF 2.5.000_PHP4 (http___www.tcpdf.org)/I2PMGWGFZUZ522BRFPLLTDGI2O3H75CH_post.pdf"
"RSP7OUPOJR4TSQPR3LUL7HRIU73MENRV","Microsoft® Office Word 2007","Microsoft® Office Word 2007","Microsoft® Office Word 2007","Microsoft_Office","output/by_producer/Microsoft® Office Word 2007/RSP7OUPOJR4TSQPR3LUL7HRIU73MENRV_pre.pdf","output/by_producer/Microsoft® Office Word 2007/RSP7OUPOJR4TSQPR3LUL7HRIU73MENRV_post.pdf"
"A6C74HSIBPJ2GOACYBE3PWDZSFCEPS4Z","Microsoft® Office Word 2007","Microsoft® Office Word 2007","Microsoft® Office Word 2007","Microsoft_Office","output/by_producer/Microsoft® Office Word 2007/A6C74HSIBPJ2GOACYBE3PWDZSFCEPS4Z_pre.pdf","output/by_producer/Microsoft® Office Word 2007/A6C74HSIBPJ2GOACYBE3PWDZSFCEPS4Z_post.pdf"
"W72HAHPKTD73IK72BPHF6NQMI365DGPL","Mac OS X 10.3.3 Quartz PDFContext","PowerPoint","Mac OS X 10.3.3 Quartz PDFContext","MacOS_X_Quartz","output/by_producer/Mac OS X 10.3.3 Quartz PDFContext/W72HAHPKTD73IK72BPHF6NQMI365DGPL_pre.pdf","output/by_producer/Mac OS X 10.3.3 Quartz PDFContext/W72HAHPKTD73IK72BPHF6NQMI365DGPL_post.pdf"
"EB5EKLJTJ5IL53O7YP2A2VW7APCINGBK","Acrobat Distiller 8.1.0 (Macintosh)","Microsoft PowerPoint: cgpdftops CUPS filter","Acrobat Distiller 8.1.0 (Macintosh)","Acrobat_Distiller","output/by_producer/Acrobat Distiller 8.1.0 (Macintosh)/EB5EKLJTJ5IL53O7YP2A2VW7APCINGBK_pre.pdf","output/by_producer/Acrobat Distiller 8.1.0 (Macintosh)/EB5EKLJTJ5IL53O7YP2A2VW7APCINGBK_post.pdf"
"65WL52OJL3MDCHS3SWEUYFWBO5W23F2M","Unknown producer","R and OS php pdf writer, http://www.ros.co.nz","Unknown producer","Unknown","output/by_producer/Unknown producer/65WL52OJL3MDCHS3SWEUYFWBO5W23F2M_pre.pdf","output/by_producer/Unknown producer/65WL52OJL3MDCHS3SWEUYFWBO5W23F2M_post.pdf"
"2KH4X5DOMVDC44GAIAFOCYEKJMXGQH4T","TCPDF 2.5.000_PHP4 (http://www.tcpdf.org)","Joomla! 1.5 - Open Source Content Management","TCPDF 2.5.000_PHP4 (http___www.tcpdf.org)","TCPDF","output/by_producer/TCPDF 2.5.000_PHP4 (http___www.tcpdf.org)/2KH4X5DOMVDC44GAIAFOCYEKJMXGQH4T_pre.pdf","output/by_producer/TCPDF 2.5.000_PHP4 (http___www.tcpdf.org)/2KH4X5DOMVDC44GAIAFOCYEKJMXGQH4T_post.pdf"
"QFKWGGEL2BZWQG2DBONY52VPSGBVQBAK","Data Dynamics ActiveReports (tm) for .NET","Data Dynamics ActiveReports (tm) for .NET","Data Dynamics ActiveReports (tm) for .NET","Unknown","output/by_producer/Data Dynamics ActiveReports (tm) for .NET/QFKWGGEL2BZWQG2DBONY52VPSGBVQBAK_pre.pdf","output/by_producer/Data Dynamics ActiveReports (tm) for .NET/QFKWGGEL2BZWQG2DBONY52VPSGBVQBAK_post.pdf"
"DCV3ZE4QBSCTBQFIYAKWJLX32ENKJKI5","Acrobat PDFWriter 3.03 for Windows NT","Acrobat Capture Server 2.01","Acrobat PDFWriter 3.03 for Windows NT","Acrobat_PDFWriter","output/by_producer/Acrobat PDFWriter 3.03 for Windows NT/DCV3ZE4QBSCTBQFIYAKWJLX32ENKJKI5_pre.pdf","output/by_producer/Acrobat PDFWriter 3.03 for Windows NT/DCV3ZE4QBSCTBQFIYAKWJLX32ENKJKI5_post.pdf"
"HDUWFMUR5BA3PDSRTCJMNFUNYZ7OWHQ2","Neevia Document Converter 4.99; modified using iTextSharp 5.1.3 (c) 1T3XT BVBA","Neevia Document Converter 4.9.9","Neevia Document Converter 4.99; modified using iTextSharp 5.1.3 (c) 1T3XT BVBA","iText","output/by_producer/Neevia Document Converter 4.99; modified using iTextSharp 5.1.3 (c) 1T3XT BVBA/HDUWFMUR5BA3PDSRTCJMNFUNYZ7OWHQ2_pre.pdf","output/by_producer/Neevia Document Converter 4.99; modified using iTextSharp 5.1.3 (c) 1T3XT BVBA/HDUWFMUR5BA3PDSRTCJMNFUNYZ7OWHQ2_post.pdf"
"ESIAEQENN4LMSOASECP7GLHB4TQ6IDPB","Acrobat Distiller 5.0 (Windows)","AdobePS5.dll Version 5.2","Acrobat Distiller 5.0 (Windows)","Acrobat_Distiller","output/by_producer/Acrobat Distiller 5.0 (Windows)/ESIAEQENN4LMSOASECP7GLHB4TQ6IDPB_pre.pdf","output/by_producer/Acrobat Distiller 5.0 (Windows)/ESIAEQENN4LMSOASECP7GLHB4TQ6IDPB_post.pdf"
"OEJKXSDUJIM5XWYEYLA2NWL3K4UI5IZR","iText 2.0.2 (by lowagie.com)","-","iText 2.0.2 (by lowagie.com)","iText","output/by_producer/iText 2.0.2 (by lowagie.com)/OEJKXSDUJIM5XWYEYLA2NWL3K4UI5IZR_pre.pdf","output/by_producer/iText 2.0.2 (by lowagie.com)/OEJKXSDUJIM5XWYEYLA2NWL3K4UI5IZR_post.pdf"
"VKYCBKG23DZUNRHO3X6XJJ6UGS6PEAYD","TCPDF 2.5.000_PHP4 (http://www.tcpdf.org)","Joomla! 1.5 - Open Source Content Management","TCPDF 2.5.000_PHP4 (http___www.tcpdf.org)","TCPDF","output/by_producer/TCPDF 2.5.000_PHP4 (http___www.tcpdf.org)/VKYCBKG23DZUNRHO3X6XJJ6UGS6PEAYD_pre.pdf","output/by_producer/TCPDF 2.5.000_PHP4 (http___www.tcpdf.org)/VKYCBKG23DZUNRHO3X6XJJ6UGS6PEAYD_post.pdf"
"7MHCNBM2ZR4PD2BSWVFLG77BRN3HS3AD","TCPDF 2.5.000_PHP4 (http://www.tcpdf.org)","Joomla! 1.5 - Open Source Content Management","TCPDF 2.5.000_PHP4 (http___www.tcpdf.org)","TCPDF","output/by_producer/TCPDF 2.5.000_PHP4 (http___www.tcpdf.org)/7MHCNBM2ZR4PD2BSWVFLG77BRN3HS3AD_pre.pdf","output/by_producer/TCPDF 2.5.000_PHP4 (http___www.tcpdf.org)/7MHCNBM2ZR4PD2BSWVFLG77BRN3HS3AD_post.pdf"
"QEU2VCKWPAORHZCIZZAJSMR373CNXFJH","Acrobat Distiller 5.0 (Windows)","PScript5.dll Version 5.2","Acrobat Distiller 5.0 (Windows)","Acrobat_Distiller","output/by_producer/Acrobat Distiller 5.0 (Windows)/QEU2VCKWPAORHZCIZZAJSMR373CNXFJH_pre.pdf","output/by_producer/Acrobat Distiller 5.0 (Windows)/QEU2VCKWPAORHZCIZZAJSMR373CNXFJH_post.pdf"
"GKMDOS7GQ75PJC46U3R2ZWAAEMZH3T66","Corel PDF Engine Version 15.0.0.505; modified using iText® 5.3.3 ©2000-2012 1T3XT BVBA (AGPL-version)","PrintServer150","Corel PDF Engine Version 15.0.0.505; modified using iText® 5.3.3 ©2000-2012 1T3XT BVBA (AGPL-version)","iText","output/by_producer/Corel PDF Engine Version 15.0.0.505; modified using iText® 5.3.3 ©2000-2012 1T3XT BVBA (AGPL-version)/GKMDOS7GQ75PJC46U3R2ZWAAEMZH3T66_pre.pdf","output/by_producer/Corel PDF Engine Version 15.0.0.505; modified using iText® 5.3.3 ©2000-2012 1T3XT BVBA (AGPL-version)/GKMDOS7GQ75PJC46U3R2ZWAAEMZH3T66_post.pdf"
"FSPPS72FUFTLI2ECK5IVYCSAXI2GRAGI","PD4ML. HTML to PDF Converter for Java","PD4ML. HTML to PDF Converter for Java","PD4ML. HTML to PDF Converter for Java","PD4ML","output/by_producer/PD4ML. HTML to PDF Converter for Java/FSPPS72FUFTLI2ECK5IVYCSAXI2GRAGI_pre.pdf","output/by_producer/PD4ML. HTML to PDF Converter for Java/FSPPS72FUFTLI2ECK5IVYCSAXI2GRAGI_post.pdf"
"HGB546MCYLA3JJLIKLP5WGEFY6DUY5ML","TCPDF 2.5.000_PHP4 (http://www.tcpdf.org)","Joomla! 1.5 - Open Source Content Management","TCPDF 2.5.000_PHP4 (http___www.tcpdf.org)","TCPDF","output/by_producer/TCPDF 2.5.000_PHP4 (http___www.tcpdf.org)/HGB546MCYLA3JJLIKLP5WGEFY6DUY5ML_pre.pdf","output/by_producer/TCPDF 2.5.000_PHP4 (http___www.tcpdf.org)/HGB546MCYLA3JJLIKLP5WGEFY6DUY5ML_post.pdf"
"VYK5MZE2ESWMGNXTHQZ56OQ46BR3JJUG","Unknown producer","R and OS php pdf writer, http://www.ros.co.nz","Unknown producer","Unknown","output/by_producer/Unknown producer/VYK5MZE2ESWMGNXTHQZ56OQ46BR3JJUG_pre.pdf","output/by_producer/Unknown producer/VYK5MZE2ESWMGNXTHQZ56OQ46BR3JJUG_post.pdf"
"UTVR3ZCQQTFJN3CD6K4XMQMGZRCE4H7K","TCPDF 2.5.000_PHP4 (http://www.tcpdf.org)","Joomla! 1.5 - Open Source Content Management","TCPDF 2.5.000_PHP4 (http___www.tcpdf.org)","TCPDF","output/by_producer/TCPDF 2.5.000_PHP4 (http___www.tcpdf.org)/UTVR3ZCQQTFJN3CD6K4XMQMGZRCE4H7K_pre.pdf","output/by_producer/TCPDF 2.5.000_PHP4 (http___www.tcpdf.org)/UTVR3ZCQQTFJN3CD6K4XMQMGZRCE4H7K_post.pdf"
"APIOSIGX4MKMHFQO5ZZK6YR5Z7IUFJOU","TCPDF 2.5.000_PHP4 (http://www.tcpdf.org)","Joomla! 1.5 - Open Source Content Management","TCPDF 2.5.000_PHP4 (http___www.tcpdf.org)","TCPDF","output/by_producer/TCPDF 2.5.000_PHP4 (http___www.tcpdf.org)/APIOSIGX4MKMHFQO5ZZK6YR5Z7IUFJOU_pre.pdf","output/by_producer/TCPDF 2.5.000_PHP4 (http___www.tcpdf.org)/APIOSIGX4MKMHFQO5ZZK6YR5Z7IUFJOU_post.pdf"
"4ANUUHOJ7LTWU4PYON2VXJMPPUGDYWPD","Adobe Acrobat 8.12 Image Conversion Plug-in","Adobe Acrobat 8.12","Adobe Acrobat 8.12 Image Conversion Plug-in","Capture_Scan_Plugins","output/by_producer/Adobe Acrobat 8.12 Image Conversion Plug-in/4ANUUHOJ7LTWU4PYON2VXJMPPUGDYWPD_pre.pdf","output/by_producer/Adobe Acrobat 8.12 Image Conversion Plug-in/4ANUUHOJ7LTWU4PYON2VXJMPPUGDYWPD_post.pdf"
"MPUN74DDVBAVSA7JIRU4DMDJLPPONVRQ","TCPDF 2.5.000_PHP4 (http://www.tcpdf.org)","Joomla! 1.5 - Open Source Content Management","TCPDF 2.5.000_PHP4 (http___www.tcpdf.org)","TCPDF","output/by_producer/TCPDF 2.5.000_PHP4 (http___www.tcpdf.org)/MPUN74DDVBAVSA7JIRU4DMDJLPPONVRQ_pre.pdf","output/by_producer/TCPDF 2.5.000_PHP4 (http___www.tcpdf.org)/MPUN74DDVBAVSA7JIRU4DMDJLPPONVRQ_post.pdf"
"NBFDVXD42XRKDLGZBMAORFQBHARE7J3O","TCPDF 2.5.000_PHP4 (http://www.tcpdf.org)","Joomla! 1.5 - Open Source Content Management","TCPDF 2.5.000_PHP4 (http___www.tcpdf.org)","TCPDF","output/by_producer/TCPDF 2.5.000_PHP4 (http___www.tcpdf.org)/NBFDVXD42XRKDLGZBMAORFQBHARE7J3O_pre.pdf","output/by_producer/TCPDF 2.5.000_PHP4 (http___www.tcpdf.org)/NBFDVXD42XRKDLGZBMAORFQBHARE7J3O_post.pdf"
"4C5BLCGBSAKXLBL674TCFLMNISKMFTF7","Acrobat Distiller 10.1.5 (Windows)","PScript5.dll Version 5.2.2","Acrobat Distiller 10.1.5 (Windows)","Acrobat_Distiller","output/by_producer/Acrobat Distiller 10.1.5 (Windows)/4C5BLCGBSAKXLBL674TCFLMNISKMFTF7_pre.pdf","output/by_producer/Acrobat Distiller 10.1.5 (Windows)/4C5BLCGBSAKXLBL674TCFLMNISKMFTF7_post.pdf"
"NKR5U6JLTFQL4WLCRX26RMGXZXZRAHI7","TCPDF 2.5.000_PHP4 (http://www.tcpdf.org)","Joomla! 1.5 - Open Source Content Management","TCPDF 2.5.000_PHP4 (http___www.tcpdf.org)","TCPDF","output/by_producer/TCPDF 2.5.000_PHP4 (http___www.tcpdf.org)/NKR5U6JLTFQL4WLCRX26RMGXZXZRAHI7_pre.pdf","output/by_producer/TCPDF 2.5.000_PHP4 (http___www.tcpdf.org)/NKR5U6JLTFQL4WLCRX26RMGXZXZRAHI7_post.pdf"
"2Z5VOQ6G6CMR5GMVSAAXULXHXTMJPTM2","Acrobat Distiller 7.0 (Windows)","PScript5.dll Version 5.2.2","Acrobat Distiller 7.0 (Windows)","Acrobat_Distiller","output/by_producer/Acrobat Distiller 7.0 (Windows)/2Z5VOQ6G6CMR5GMVSAAXULXHXTMJPTM2_pre.pdf","output/by_producer/Acrobat Distiller 7.0 (Windows)/2Z5VOQ6G6CMR5GMVSAAXULXHXTMJPTM2_post.pdf"
"QMNB4F4EQHGQDRKO7QIJWTN6TUMGKQXB","PD4ML. HTML to PDF Converter for Java","PD4ML. HTML to PDF Converter for Java","PD4ML. HTML to PDF Converter for Java","PD4ML","output/by_producer/PD4ML. HTML to PDF Converter for Java/QMNB4F4EQHGQDRKO7QIJWTN6TUMGKQXB_pre.pdf","output/by_producer/PD4ML. HTML to PDF Converter for Java/QMNB4F4EQHGQDRKO7QIJWTN6TUMGKQXB_post.pdf"
"3E6NFFOKDMQM3UXDKS73LAJGQXBVDXPE","TCPDF 2.5.000_PHP4 (http://www.tcpdf.org)","Joomla! 1.5 - Open Source Content Management","TCPDF 2.5.000_PHP4 (http___www.tcpdf.org)","TCPDF","output/by_producer/TCPDF 2.5.000_PHP4 (http___www.tcpdf.org)/3E6NFFOKDMQM3UXDKS73LAJGQXBVDXPE_pre.pdf","output/by_producer/TCPDF 2.5.000_PHP4 (http___www.tcpdf.org)/3E6NFFOKDMQM3UXDKS73LAJGQXBVDXPE_post.pdf"
"KV25SHM4P3UZHVNNEAE3OZSJ23D3BXZH","TCPDF 4.8.026 (http://www.tcpdf.org)","-","TCPDF 4.8.026 (http___www.tcpdf.org)","TCPDF","output/by_producer/TCPDF 4.8.026 (http___www.tcpdf.org)/KV25SHM4P3UZHVNNEAE3OZSJ23D3BXZH_pre.pdf","output/by_producer/TCPDF 4.8.026 (http___www.tcpdf.org)/KV25SHM4P3UZHVNNEAE3OZSJ23D3BXZH_post.pdf"
"JWYVYMU6FQRTYIQZNWUQRD3YV33OZTYE","Acrobat Distiller 9.0.0 (Windows)","PScript5.dll Version 5.2.2","Acrobat Distiller 9.0.0 (Windows)","Acrobat_Distiller","output/by_producer/Acrobat Distiller 9.0.0 (Windows)/JWYVYMU6FQRTYIQZNWUQRD3YV33OZTYE_pre.pdf","output/by_producer/Acrobat Distiller 9.0.0 (Windows)/JWYVYMU6FQRTYIQZNWUQRD3YV33OZTYE_post.pdf"
"JGLEJ4HUZGQBXUZ3ZXUWHSPYIDVKVU2K","iText 2.1.0 (by lowagie.com)","-","iText 2.1.0 (by lowagie.com)","iText","output/by_producer/iText 2.1.0 (by lowagie.com)/JGLEJ4HUZGQBXUZ3ZXUWHSPYIDVKVU2K_pre.pdf","output/by_producer/iText 2.1.0 (by lowagie.com)/JGLEJ4HUZGQBXUZ3ZXUWHSPYIDVKVU2K_post.pdf"
"QDXB4QXFTS2ZBLD4UC23EGQ4SGJITFII","Acrobat Distiller 7.0.5 (Windows)","Acrobat PDFMaker 7.0.7 for Word","Acrobat Distiller 7.0.5 (Windows)","Acrobat_Distiller","output/by_producer/Acrobat Distiller 7.0.5 (Windows)/QDXB4QXFTS2ZBLD4UC23EGQ4SGJITFII_pre.pdf","output/by_producer/Acrobat Distiller 7.0.5 (Windows)/QDXB4QXFTS2ZBLD4UC23EGQ4SGJITFII_post.pdf"
"UYH346BTJFOKSLYYXQBAVLVHBEJPYXZ5","Acrobat Distiller 7.0 (Windows)","Acrobat PDFMaker 7.0 for Word","Acrobat Distiller 7.0 (Windows)","Acrobat_Distiller","output/by_producer/Acrobat Distiller 7.0 (Windows)/UYH346BTJFOKSLYYXQBAVLVHBEJPYXZ5_pre.pdf","output/by_producer/Acrobat Distiller 7.0 (Windows)/UYH346BTJFOKSLYYXQBAVLVHBEJPYXZ5_post.pdf"
"FVIKHA7GEB6QLKRNAPQD63GXPARVH3KX","Acrobat Distiller 5.0 (Windows)","Acrobat PDFMaker 5.0 for Word","Acrobat Distiller 5.0 (Windows)","Acrobat_Distiller","output/by_producer/Acrobat Distiller 5.0 (Windows)/FVIKHA7GEB6QLKRNAPQD63GXPARVH3KX_pre.pdf","output/by_producer/Acrobat Distiller 5.0 (Windows)/FVIKHA7GEB6QLKRNAPQD63GXPARVH3KX_post.pdf"
"XMC64RTH7WDHVXUWWYA6NIIMFKMUGH2M","TCPDF 2.5.000_PHP4 (http://www.tcpdf.org)","Joomla! 1.5 - Open Source Content Management","TCPDF 2.5.000_PHP4 (http___www.tcpdf.org)","TCPDF","output/by_producer/TCPDF 2.5.000_PHP4 (http___www.tcpdf.org)/XMC64RTH7WDHVXUWWYA6NIIMFKMUGH2M_pre.pdf","output/by_producer/TCPDF 2.5.000_PHP4 (http___www.tcpdf.org)/XMC64RTH7WDHVXUWWYA6NIIMFKMUGH2M_post.pdf"
"P3PTNPUPTDOHMP74AZKCKHXHZHBD5TTB","PrimoPDF","PrimoPDF http://www.primopdf.com","PrimoPDF","Unknown","output/by_producer/PrimoPDF/P3PTNPUPTDOHMP74AZKCKHXHZHBD5TTB_pre.pdf","output/by_producer/PrimoPDF/P3PTNPUPTDOHMP74AZKCKHXHZHBD5TTB_post.pdf"
"EB46IVVKTIHXKYY42XWKUM64HY2USGTZ","Acrobat Distiller 3.01 for Power Macintosh","QuarkXPressª: LaserWriter 8 8.5.1","Acrobat Distiller 3.01 for Power Macintosh","Acrobat_Distiller","output/by_producer/Acrobat Distiller 3.01 for Power Macintosh/EB46IVVKTIHXKYY42XWKUM64HY2USGTZ_pre.pdf","output/by_producer/Acrobat Distiller 3.01 for Power Macintosh/EB46IVVKTIHXKYY42XWKUM64HY2USGTZ_post.pdf"
"SUMLKDI5IC2PYJY6ANGU6KYA37YZLFAD","Acrobat Distiller 4.0 for Windows","-","Acrobat Distiller 4.0 for Windows","Acrobat_Distiller","output/by_producer/Acrobat Distiller 4.0 for Windows/SUMLKDI5IC2PYJY6ANGU6KYA37YZLFAD_pre.pdf","output/by_producer/Acrobat Distiller 4.0 for Windows/SUMLKDI5IC2PYJY6ANGU6KYA37YZLFAD_post.pdf"
"O6J6V2EMM75WZRVVG7E7KUD2QRK33JDO","PD4ML. HTML to PDF Converter for Java","PD4ML. HTML to PDF Converter for Java","PD4ML. HTML to PDF Converter for Java","PD4ML","output/by_producer/PD4ML. HTML to PDF Converter for Java/O6J6V2EMM75WZRVVG7E7KUD2QRK33JDO_pre.pdf","output/by_producer/PD4ML. HTML to PDF Converter for Java/O6J6V2EMM75WZRVVG7E7KUD2QRK33JDO_post.pdf"
"AJAVZPZY2QKIC3OGVEN464UVGPNZP3HW","libtiff / tiff2pdf - 20100615","-","libtiff _ tiff2pdf - 20100615","libtiff_tiff2pdf","output/by_producer/libtiff _ tiff2pdf - 20100615/AJAVZPZY2QKIC3OGVEN464UVGPNZP3HW_pre.pdf","output/by_producer/libtiff _ tiff2pdf - 20100615/AJAVZPZY2QKIC3OGVEN464UVGPNZP3HW_post.pdf"
"CMLZOTTP4BCWEEGZ2OATUKNBQGGIZ4OA","TCPDF 2.5.000_PHP4 (http://www.tcpdf.org)","Joomla! 1.5 - Open Source Content Management","TCPDF 2.5.000_PHP4 (http___www.tcpdf.org)","TCPDF","output/by_producer/TCPDF 2.5.000_PHP4 (http___www.tcpdf.org)/CMLZOTTP4BCWEEGZ2OATUKNBQGGIZ4OA_pre.pdf","output/by_producer/TCPDF 2.5.000_PHP4 (http___www.tcpdf.org)/CMLZOTTP4BCWEEGZ2OATUKNBQGGIZ4OA_post.pdf"
"F3LOYTH6FFFHPUX656OVEEXNYRIFFWYQ","Adobe Acrobat 9.1 Paper Capture Plug-in","FUJITSU fi-6230dj","Adobe Acrobat 9.1 Paper Capture Plug-in","Capture_Scan_Plugins","output/by_producer/Adobe Acrobat 9.1 Paper Capture Plug-in/F3LOYTH6FFFHPUX656OVEEXNYRIFFWYQ_pre.pdf","output/by_producer/Adobe Acrobat 9.1 Paper Capture Plug-in/F3LOYTH6FFFHPUX656OVEEXNYRIFFWYQ_post.pdf"
"AGFUUCT2P73LRPEVWZK7X7PVK4Z4ZNPL","iText 2.1.4 (by lowagie.com)","-","iText 2.1.4 (by lowagie.com)","iText","output/by_producer/iText 2.1.4 (by lowagie.com)/AGFUUCT2P73LRPEVWZK7X7PVK4Z4ZNPL_pre.pdf","output/by_producer/iText 2.1.4 (by lowagie.com)/AGFUUCT2P73LRPEVWZK7X7PVK4Z4ZNPL_post.pdf"
"2KPPNYIT75S3H25JKEWTMQ7WRNCCTMJM","Acrobat Distiller 11.0 (Windows)","PScript5.dll Version 5.2.2","Acrobat Distiller 11.0 (Windows)","Acrobat_Distiller","output/by_producer/Acrobat Distiller 11.0 (Windows)/2KPPNYIT75S3H25JKEWTMQ7WRNCCTMJM_pre.pdf","output/by_producer/Acrobat Distiller 11.0 (Windows)/2KPPNYIT75S3H25JKEWTMQ7WRNCCTMJM_post.pdf"
"MI6PTIN3PEAOUDZMD54RFBXFYHE732A7","Unknown producer","R and OS php pdf writer, http://www.ros.co.nz","Unknown producer","Unknown","output/by_producer/Unknown producer/MI6PTIN3PEAOUDZMD54RFBXFYHE732A7_pre.pdf","output/by_producer/Unknown producer/MI6PTIN3PEAOUDZMD54RFBXFYHE732A7_post.pdf"
"GIG4KPPQWOAJKUY3724CODP2WSX5I2GF","Acrobat PDFWriter 4.0 for Windows NT","songbev - Microsoft Word","Acrobat PDFWriter 4.0 for Windows NT","Acrobat_PDFWriter","output/by_producer/Acrobat PDFWriter 4.0 for Windows NT/GIG4KPPQWOAJKUY3724CODP2WSX5I2GF_pre.pdf","output/by_producer/Acrobat PDFWriter 4.0 for Windows NT/GIG4KPPQWOAJKUY3724CODP2WSX5I2GF_post.pdf"
"KVJK5CIVGUYCJMJWGDBDHR4DRDXZVSBF","Microsoft® Office Word 2007","Microsoft® Office Word 2007","Microsoft® Office Word 2007","Microsoft_Office","output/by_producer/Microsoft® Office Word 2007/KVJK5CIVGUYCJMJWGDBDHR4DRDXZVSBF_pre.pdf","output/by_producer/Microsoft® Office Word 2007/KVJK5CIVGUYCJMJWGDBDHR4DRDXZVSBF_post.pdf"
"KMTEGGFKCFAJV3ICJRDK3YR2OAFQJ22Y","PD4ML. HTML to PDF Converter for Java","PD4ML. HTML to PDF Converter for Java","PD4ML. HTML to PDF Converter for Java","PD4ML","output/by_producer/PD4ML. HTML to PDF Converter for Java/KMTEGGFKCFAJV3ICJRDK3YR2OAFQJ22Y_pre.pdf","output/by_producer/PD4ML. HTML to PDF Converter for Java/KMTEGGFKCFAJV3ICJRDK3YR2OAFQJ22Y_post.pdf"
"D4CM47RUIGRB3ELSBVH4KECQCVU7DJZF","XEP 4.4 build 20051221","Unknown","XEP 4.4 build 20051221","Unknown","output/by_producer/XEP 4.4 build 20051221/D4CM47RUIGRB3ELSBVH4KECQCVU7DJZF_pre.pdf","output/by_producer/XEP 4.4 build 20051221/D4CM47RUIGRB3ELSBVH4KECQCVU7DJZF_post.pdf"
"IMCWQGTX5ERM655QS3VKX5ED2QZEZAKE","Adobe PDF library 6.66","Illustrator","Adobe PDF library 6.66","Adobe_PDF_Library","output/by_producer/Adobe PDF library 6.66/IMCWQGTX5ERM655QS3VKX5ED2QZEZAKE_pre.pdf","output/by_producer/Adobe PDF library 6.66/IMCWQGTX5ERM655QS3VKX5ED2QZEZAKE_post.pdf"
"TNPZFHBSZAOTQBRUYZ4HMVLBZQIDOKJU","iText® 5.5.6 ©2000-2015 iText Group NV (AGPL-version)","-","iText® 5.5.6 ©2000-2015 iText Group NV (AGPL-version)","iText","output/by_producer/iText® 5.5.6 ©2000-2015 iText Group NV (AGPL-version)/TNPZFHBSZAOTQBRUYZ4HMVLBZQIDOKJU_pre.pdf","output/by_producer/iText® 5.5.6 ©2000-2015 iText Group NV (AGPL-version)/TNPZFHBSZAOTQBRUYZ4HMVLBZQIDOKJU_post.pdf"
"HWWJCHPYGVP2VEQLTYB3Q2EQABOTUJ3U","Acrobat Distiller 9.5.3 (Windows)","PScript5.dll Version 5.2.2","Acrobat Distiller 9.5.3 (Windows)","Acrobat_Distiller","output/by_producer/Acrobat Distiller 9.5.3 (Windows)/HWWJCHPYGVP2VEQLTYB3Q2EQABOTUJ3U_pre.pdf","output/by_producer/Acrobat Distiller 9.5.3 (Windows)/HWWJCHPYGVP2VEQLTYB3Q2EQABOTUJ3U_post.pdf"
"5WEKPBBWFKF47XDYW5QBC36KFVBYJFE5","iText 2.1.4 (by lowagie.com)","Federal Digital System, U. S. Government Printing Office","iText 2.1.4 (by lowagie.com)","iText","output/by_producer/iText 2.1.4 (by lowagie.com)/5WEKPBBWFKF47XDYW5QBC36KFVBYJFE5_pre.pdf","output/by_producer/iText 2.1.4 (by lowagie.com)/5WEKPBBWFKF47XDYW5QBC36KFVBYJFE5_post.pdf"
"VKTESXP6UNEVB4JDX5F3YTI7IEY6BEQ7","TCPDF 2.5.000_PHP4 (http://www.tcpdf.org)","Joomla! 1.5 - Open Source Content Management","TCPDF 2.5.000_PHP4 (http___www.tcpdf.org)","TCPDF","output/by_producer/TCPDF 2.5.000_PHP4 (http___www.tcpdf.org)/VKTESXP6UNEVB4JDX5F3YTI7IEY6BEQ7_pre.pdf","output/by_producer/TCPDF 2.5.000_PHP4 (http___www.tcpdf.org)/VKTESXP6UNEVB4JDX5F3YTI7IEY6BEQ7_post.pdf"
"ONJTHIQJ5WQGCY222XUFWYGGH35KZ3EF","TCPDF 2.5.000_PHP4 (http://www.tcpdf.org)","Joomla! 1.5 - Open Source Content Management","TCPDF 2.5.000_PHP4 (http___www.tcpdf.org)","TCPDF","output/by_producer/TCPDF 2.5.000_PHP4 (http___www.tcpdf.org)/ONJTHIQJ5WQGCY222XUFWYGGH35KZ3EF_pre.pdf","output/by_producer/TCPDF 2.5.000_PHP4 (http___www.tcpdf.org)/ONJTHIQJ5WQGCY222XUFWYGGH35KZ3EF_post.pdf"
"ESLT6O2ILYCNRFPEICP7QNQDZOWHLMUD","TCPDF 2.5.000_PHP4 (http://www.tcpdf.org)","Joomla! 1.5 - Open Source Content Management","TCPDF 2.5.000_PHP4 (http___www.tcpdf.org)","TCPDF","output/by_producer/TCPDF 2.5.000_PHP4 (http___www.tcpdf.org)/ESLT6O2ILYCNRFPEICP7QNQDZOWHLMUD_pre.pdf","output/by_producer/TCPDF 2.5.000_PHP4 (http___www.tcpdf.org)/ESLT6O2ILYCNRFPEICP7QNQDZOWHLMUD_post.pdf"
"PRMLNHO3YK4QH2BBAQPVLO4HWIQBTRDS","TCPDF 2.5.000_PHP4 (http://www.tcpdf.org)","Joomla! 1.5 - Open Source Content Management","TCPDF 2.5.000_PHP4 (http___www.tcpdf.org)","TCPDF","output/by_producer/TCPDF 2.5.000_PHP4 (http___www.tcpdf.org)/PRMLNHO3YK4QH2BBAQPVLO4HWIQBTRDS_pre.pdf","output/by_producer/TCPDF 2.5.000_PHP4 (http___www.tcpdf.org)/PRMLNHO3YK4QH2BBAQPVLO4HWIQBTRDS_post.pdf"
"VW5XCU675OPZSENKRKDCYOIGFKI7IJ42","Adobe PDF Scan Library 3.1","PFU ScanSnap Manager 5.0.21 #S1500","Adobe PDF Scan Library 3.1","Capture_Scan_Plugins","output/by_producer/Adobe PDF Scan Library 3.1/VW5XCU675OPZSENKRKDCYOIGFKI7IJ42_pre.pdf","output/by_producer/Adobe PDF Scan Library 3.1/VW5XCU675OPZSENKRKDCYOIGFKI7IJ42_post.pdf"
"DEAHZFTA4CQDFDYMRX2NPJCKEHYPIK2Z","Unknown producer","-","Unknown producer","Unknown","output/by_producer/Unknown producer/DEAHZFTA4CQDFDYMRX2NPJCKEHYPIK2Z_pre.pdf","output/by_producer/Unknown producer/DEAHZFTA4CQDFDYMRX2NPJCKEHYPIK2Z_post.pdf"
"T7NO5D5YLX4V5I7FBDQDAIXPBCLNAO7X","TCPDF 2.5.000_PHP4 (http://www.tcpdf.org)","Joomla! 1.5 - Open Source Content Management","TCPDF 2.5.000_PHP4 (http___www.tcpdf.org)","TCPDF","output/by_producer/TCPDF 2.5.000_PHP4 (http___www.tcpdf.org)/T7NO5D5YLX4V5I7FBDQDAIXPBCLNAO7X_pre.pdf","output/by_producer/TCPDF 2.5.000_PHP4 (http___www.tcpdf.org)/T7NO5D5YLX4V5I7FBDQDAIXPBCLNAO7X_post.pdf"
"UFP4NVRL3IKKQO3UOKLOHNXMN7YRYKML","TCPDF 2.5.000_PHP4 (http://www.tcpdf.org)","Joomla! 1.5 - Open Source Content Management","TCPDF 2.5.000_PHP4 (http___www.tcpdf.org)","TCPDF","output/by_producer/TCPDF 2.5.000_PHP4 (http___www.tcpdf.org)/UFP4NVRL3IKKQO3UOKLOHNXMN7YRYKML_pre.pdf","output/by_producer/TCPDF 2.5.000_PHP4 (http___www.tcpdf.org)/UFP4NVRL3IKKQO3UOKLOHNXMN7YRYKML_post.pdf"
"BFS4QFMW3DINEZVMEQEDDKQYOURCQ62M","iText1.2 by lowagie.com (based on itext-paulo-148)","-","iText1.2 by lowagie.com (based on itext-paulo-148)","iText","output/by_producer/iText1.2 by lowagie.com (based on itext-paulo-148)/BFS4QFMW3DINEZVMEQEDDKQYOURCQ62M_pre.pdf","output/by_producer/iText1.2 by lowagie.com (based on itext-paulo-148)/BFS4QFMW3DINEZVMEQEDDKQYOURCQ62M_post.pdf"
"3P5D3UKXU2R6I2TK4OJSLL6LGIQJ4NY5","Unknown producer","-","Unknown producer","Unknown","output/by_producer/Unknown producer/3P5D3UKXU2R6I2TK4OJSLL6LGIQJ4NY5_pre.pdf","output/by_producer/Unknown producer/3P5D3UKXU2R6I2TK4OJSLL6LGIQJ4NY5_post.pdf"
"S3I3API6I4IWOFIMIOVLVJEE3XHPEYBG","Acrobat Distiller 8.1.0 (Windows)","PScript5.dll Version 5.2","Acrobat Distiller 8.1.0 (Windows)","Acrobat_Distiller","output/by_producer/Acrobat Distiller 8.1.0 (Windows)/S3I3API6I4IWOFIMIOVLVJEE3XHPEYBG_pre.pdf","output/by_producer/Acrobat Distiller 8.1.0 (Windows)/S3I3API6I4IWOFIMIOVLVJEE3XHPEYBG_post.pdf"
"3ZVA64MJREBJXFOQOIXK6WJVPBWFJF7L","Acrobat Distiller 4.0 for Windows","AdobePS5.dll Version 5.0.1","Acrobat Distiller 4.0 for Windows","Acrobat_Distiller","output/by_producer/Acrobat Distiller 4.0 for Windows/3ZVA64MJREBJXFOQOIXK6WJVPBWFJF7L_pre.pdf","output/by_producer/Acrobat Distiller 4.0 for Windows/3ZVA64MJREBJXFOQOIXK6WJVPBWFJF7L_post.pdf"
"5JWNPTKTIAPTHTEGVKW7WVNBDBKQMRJO","Adobe Acrobat 7.0 Image Conversion Plug-in","Adobe Acrobat 7.0","Adobe Acrobat 7.0 Image Conversion Plug-in","Capture_Scan_Plugins","output/by_producer/Adobe Acrobat 7.0 Image Conversion Plug-in/5JWNPTKTIAPTHTEGVKW7WVNBDBKQMRJO_pre.pdf","output/by_producer/Adobe Acrobat 7.0 Image Conversion Plug-in/5JWNPTKTIAPTHTEGVKW7WVNBDBKQMRJO_post.pdf"
"P7MWMCFFFSYYNCKYBTUACYK2SLL32AB5","Unknown producer","-","Unknown producer","Unknown","output/by_producer/Unknown producer/P7MWMCFFFSYYNCKYBTUACYK2SLL32AB5_pre.pdf","output/by_producer/Unknown producer/P7MWMCFFFSYYNCKYBTUACYK2SLL32AB5_post.pdf"
"DLCK2ZINQX5GZHWTO7CREF3XKDUSMXRQ","Unknown producer","DOMPDF","Unknown producer","Unknown","output/by_producer/Unknown producer/DLCK2ZINQX5GZHWTO7CREF3XKDUSMXRQ_pre.pdf","output/by_producer/Unknown producer/DLCK2ZINQX5GZHWTO7CREF3XKDUSMXRQ_post.pdf"
"CTCGFUXUY5OISRT3B3UIQKMWPXEVKAUU","GPL Ghostscript 8.70","Aviation Weather Center IFFDP","GPL Ghostscript 8.70","Ghostscript","output/by_producer/GPL Ghostscript 8.70/CTCGFUXUY5OISRT3B3UIQKMWPXEVKAUU_pre.pdf","output/by_producer/GPL Ghostscript 8.70/CTCGFUXUY5OISRT3B3UIQKMWPXEVKAUU_post.pdf"
"O4OJHSZUX6K2VVH4VJPOFC7CMUOO5UX5","TCPDF 2.5.000_PHP4 (http://www.tcpdf.org)","Joomla! 1.5 - Open Source Content Management","TCPDF 2.5.000_PHP4 (http___www.tcpdf.org)","TCPDF","output/by_producer/TCPDF 2.5.000_PHP4 (http___www.tcpdf.org)/O4OJHSZUX6K2VVH4VJPOFC7CMUOO5UX5_pre.pdf","output/by_producer/TCPDF 2.5.000_PHP4 (http___www.tcpdf.org)/O4OJHSZUX6K2VVH4VJPOFC7CMUOO5UX5_post.pdf"
"GDSKWZKLKQOSH72CKDIFPUJMVX4KDIW7","TCPDF 2.5.000_PHP4 (http://www.tcpdf.org)","Joomla! 1.5 - Open Source Content Management","TCPDF 2.5.000_PHP4 (http___www.tcpdf.org)","TCPDF","output/by_producer/TCPDF 2.5.000_PHP4 (http___www.tcpdf.org)/GDSKWZKLKQOSH72CKDIFPUJMVX4KDIW7_pre.pdf","output/by_producer/TCPDF 2.5.000_PHP4 (http___www.tcpdf.org)/GDSKWZKLKQOSH72CKDIFPUJMVX4KDIW7_post.pdf"
"2G54QACZZK5MIIKK25USTLNPN66FST63","Microsoft® Excel® 2013","Microsoft® Excel® 2013","Microsoft® Excel® 2013","Microsoft_Office","output/by_producer/Microsoft® Excel® 2013/2G54QACZZK5MIIKK25USTLNPN66FST63_pre.pdf","output/by_producer/Microsoft® Excel® 2013/2G54QACZZK5MIIKK25USTLNPN66FST63_post.pdf"
"W3JTW4IMEEKZW2FBJJZM4EOTPQNAOUXN","PDFlib+PDI 7.0.4 (Win32); modified using iText 2.1.7 by 1T3XT","Arbortext 5.4","PDFlib+PDI 7.0.4 (Win32); modified using iText 2.1.7 by 1T3XT","iText","output/by_producer/PDFlib+PDI 7.0.4 (Win32); modified using iText 2.1.7 by 1T3XT/W3JTW4IMEEKZW2FBJJZM4EOTPQNAOUXN_pre.pdf","output/by_producer/PDFlib+PDI 7.0.4 (Win32); modified using iText 2.1.7 by 1T3XT/W3JTW4IMEEKZW2FBJJZM4EOTPQNAOUXN_post.pdf"
"VMKHKD4R7NRNP3AVC4XGN5FRXVTANHNZ","www.adlibsoftware.com:EXS3210-Windows 2003:TNG; modified using iText 2.1.7 by 1T3XT","Envision OCR","www.adlibsoftware.com_EXS3210-Windows 2003_TNG; modified using iText 2.1.7 by 1T3XT","iText","output/by_producer/www.adlibsoftware.com_EXS3210-Windows 2003_TNG; modified using iText 2.1.7 by 1T3XT/VMKHKD4R7NRNP3AVC4XGN5FRXVTANHNZ_pre.pdf","output/by_producer/www.adlibsoftware.com_EXS3210-Windows 2003_TNG; modified using iText 2.1.7 by 1T3XT/VMKHKD4R7NRNP3AVC4XGN5FRXVTANHNZ_post.pdf"
"VM32CDIWSDC4S5YMYFZBF4MP7SXFSCPO","ReportLab http://www.reportlab.com","-","ReportLab http___www.reportlab.com","Unknown","output/by_producer/ReportLab http___www.reportlab.com/VM32CDIWSDC4S5YMYFZBF4MP7SXFSCPO_pre.pdf","output/by_producer/ReportLab http___www.reportlab.com/VM32CDIWSDC4S5YMYFZBF4MP7SXFSCPO_post.pdf"
"M24UMO5XAGV75HSW66Z2E3N6772MB2SW","TCPDF 2.5.000_PHP4 (http://www.tcpdf.org)","Joomla! 1.5 - Open Source Content Management","TCPDF 2.5.000_PHP4 (http___www.tcpdf.org)","TCPDF","output/by_producer/TCPDF 2.5.000_PHP4 (http___www.tcpdf.org)/M24UMO5XAGV75HSW66Z2E3N6772MB2SW_pre.pdf","output/by_producer/TCPDF 2.5.000_PHP4 (http___www.tcpdf.org)/M24UMO5XAGV75HSW66Z2E3N6772MB2SW_post.pdf"
"AHJAUKMSCN4OI3FPBHSLQVQSDTKBIHI3","TCPDF 2.5.000_PHP4 (http://www.tcpdf.org)","Joomla! 1.5 - Open Source Content Management","TCPDF 2.5.000_PHP4 (http___www.tcpdf.org)","TCPDF","output/by_producer/TCPDF 2.5.000_PHP4 (http___www.tcpdf.org)/AHJAUKMSCN4OI3FPBHSLQVQSDTKBIHI3_pre.pdf","output/by_producer/TCPDF 2.5.000_PHP4 (http___www.tcpdf.org)/AHJAUKMSCN4OI3FPBHSLQVQSDTKBIHI3_post.pdf"
"E45NEAYVIVYEEBRMTFW3XMU5ZQQQTCWV","Acrobat Distiller 3.0 for Windows","dvipsk 5.58f Copyright 1986, 1994 Radical Eye Software","Acrobat Distiller 3.0 for Windows","Acrobat_Distiller","output/by_producer/Acrobat Distiller 3.0 for Windows/E45NEAYVIVYEEBRMTFW3XMU5ZQQQTCWV_pre.pdf","output/by_producer/Acrobat Distiller 3.0 for Windows/E45NEAYVIVYEEBRMTFW3XMU5ZQQQTCWV_post.pdf"
"SZDKLCZIHUA5UQPEEMK4US67FDHO4SZD","Acrobat PDFWriter 3.02 for Windows NT","-","Acrobat PDFWriter 3.02 for Windows NT","Acrobat_PDFWriter","output/by_producer/Acrobat PDFWriter 3.02 for Windows NT/SZDKLCZIHUA5UQPEEMK4US67FDHO4SZD_pre.pdf","output/by_producer/Acrobat PDFWriter 3.02 for Windows NT/SZDKLCZIHUA5UQPEEMK4US67FDHO4SZD_post.pdf"
"GGLQFBLQF5BLQKGOXFHVYVU6CRHUFVLU","PD4ML. HTML to PDF Converter for Java","PD4ML. HTML to PDF Converter for Java","PD4ML. HTML to PDF Converter for Java","PD4ML","output/by_producer/PD4ML. HTML to PDF Converter for Java/GGLQFBLQF5BLQKGOXFHVYVU6CRHUFVLU_pre.pdf","output/by_producer/PD4ML. HTML to PDF Converter for Java/GGLQFBLQF5BLQKGOXFHVYVU6CRHUFVLU_post.pdf"
"2544CYX3TC3T5QB2NTVXD3IUFM654GXK","iText 2.1.4 (by lowagie.com)","-","iText 2.1.4 (by lowagie.com)","iText","output/by_producer/iText 2.1.4 (by lowagie.com)/2544CYX3TC3T5QB2NTVXD3IUFM654GXK_pre.pdf","output/by_producer/iText 2.1.4 (by lowagie.com)/2544CYX3TC3T5QB2NTVXD3IUFM654GXK_post.pdf"
"KV5Z5OWVEYBYAPKWADO2QJVXEMZKZTJR","Acrobat Distiller 5.0.5 (Windows)","Acrobat PDFMaker 5.0 for Word","Acrobat Distiller 5.0.5 (Windows)","Acrobat_Distiller","output/by_producer/Acrobat Distiller 5.0.5 (Windows)/KV5Z5OWVEYBYAPKWADO2QJVXEMZKZTJR_pre.pdf","output/by_producer/Acrobat Distiller 5.0.5 (Windows)/KV5Z5OWVEYBYAPKWADO2QJVXEMZKZTJR_post.pdf"
"NJU4VYU6LDS4YYXY3GLMO3V43KZZONNF","Acrobat Distiller 6.0 (Windows)","PScript5.dll Version 5.2.2","Acrobat Distiller 6.0 (Windows)","Acrobat_Distiller","output/by_producer/Acrobat Distiller 6.0 (Windows)/NJU4VYU6LDS4YYXY3GLMO3V43KZZONNF_pre.pdf","output/by_producer/Acrobat Distiller 6.0 (Windows)/NJU4VYU6LDS4YYXY3GLMO3V43KZZONNF_post.pdf"
"6C4F5OS4HOEBDQEKSVUX42XOMOJG3BNW","Neevia Document Converter 4.99; modified using iTextSharp 5.1.3 (c) 1T3XT BVBA","Neevia Document Converter 4.9.9","Neevia Document Converter 4.99; modified using iTextSharp 5.1.3 (c) 1T3XT BVBA","iText","output/by_producer/Neevia Document Converter 4.99; modified using iTextSharp 5.1.3 (c) 1T3XT BVBA/6C4F5OS4HOEBDQEKSVUX42XOMOJG3BNW_pre.pdf","output/by_producer/Neevia Document Converter 4.99; modified using iTextSharp 5.1.3 (c) 1T3XT BVBA/6C4F5OS4HOEBDQEKSVUX42XOMOJG3BNW_post.pdf"
"PA46QOQAP7BJ3PS4GXSHDZ4YRVB5EAJZ","PDF Engine win32 - (8.4.6016.0)","-","PDF Engine win32 - (8.4.6016.0)","Unknown","output/by_producer/PDF Engine win32 - (8.4.6016.0)/PA46QOQAP7BJ3PS4GXSHDZ4YRVB5EAJZ_pre.pdf","output/by_producer/PDF Engine win32 - (8.4.6016.0)/PA46QOQAP7BJ3PS4GXSHDZ4YRVB5EAJZ_post.pdf"
"EU72SRWRRWAE3AYJ7CPHLDNOBSO3LTZ2","Acrobat Distiller 2.0 for Windows","-","Acrobat Distiller 2.0 for Windows","Acrobat_Distiller","output/by_producer/Acrobat Distiller 2.0 for Windows/EU72SRWRRWAE3AYJ7CPHLDNOBSO3LTZ2_pre.pdf","output/by_producer/Acrobat Distiller 2.0 for Windows/EU72SRWRRWAE3AYJ7CPHLDNOBSO3LTZ2_post.pdf"
"WSP5DEW3S4BVQYFWKEFDC3HDLMRK3UT2","Acrobat Distiller 7.0.5 (Windows)","PScript5.dll Version 5.2","Acrobat Distiller 7.0.5 (Windows)","Acrobat_Distiller","output/by_producer/Acrobat Distiller 7.0.5 (Windows)/WSP5DEW3S4BVQYFWKEFDC3HDLMRK3UT2_pre.pdf","output/by_producer/Acrobat Distiller 7.0.5 (Windows)/WSP5DEW3S4BVQYFWKEFDC3HDLMRK3UT2_post.pdf"
